feature_0,feature_1,target
-0.6431401652665122,-0.1131988879383723,1
1.0400037218084568,-0.9349838587606951,0
-1.0441256409105069,1.949274846646143,1
0.48368093349710795,0.6704330743313304,1
-1.7903965108444966,-1.4587642281906024,0
1.2606411451761088,1.586169232999548,1
1.230569943909854,-1.1795133849922623,0
1.1859471181190817,-1.2341841132612452,0
-1.2407726728774662,2.164974718013911,1
1.0054893165206253,1.2530653496290114,1
0.9594835768433984,0.9760709949944912,1
1.0004106188474857,-0.9125106533373556,0
-0.9541160043573258,-1.9007091893492332,0
1.4462532336067595,-1.5658242142177738,0
-0.6176553305601613,-0.21575105563695074,0
-3.2060567853719317,-3.221937298861067,0
-1.302866222378082,1.8139899671386024,1
0.3488632858928986,-0.20477504105435207,1
-0.5677481396344046,1.4676137009477481,1
-2.0600183553265943,-1.77991177521198,0
0.7841149820898888,-0.8043480095670481,0
-0.1456634234803178,0.16775929739402762,0
-0.10350478945683672,-0.7133898832054539,1
-0.9400200495686855,1.268464556144429,1
1.765091373805014,-1.9682153595458676,0
-0.8510871489805514,0.853266442033248,1
0.8506306318469994,1.140359876769878,1
-0.18614497052593582,-0.17821668932758283,0
-0.5402308148895694,-0.2719015295463172,1
-1.1961098015150937,0.9586720473441199,1
0.6180930604259578,0.37518614130778927,1
0.8330540411259472,0.0857536661604994,1
1.7854240708264804,-1.84378835136895,0
1.0374695368863818,0.8406708426942556,1
2.143615000928704,-2.322377614115168,0
-1.3961912843492916,1.6306495871326845,1
0.4991416336933888,-0.13076791427097945,1
0.8710905617629823,-0.7839872109456476,0
-1.09089468559988,-1.188138906883286,0
2.246126723910362,-2.373504370053375,0
-1.1725475122299895,1.978584889217986,1
0.8594132950762002,0.859366078594152,1
-0.7640879655450533,-0.8790339370988836,0
1.2125846254239643,1.5825083786669873,1
1.320890267157387,1.4079153692420925,1
-0.5834868608635131,0.12651375778869012,0
-1.0176666712810565,0.3614173486138692,1
-1.4086618753979483,-0.6941940535058468,0
1.0354199468505707,-1.1226775222744363,0
0.06310661143227991,0.016535429909906085,0
0.7980747433508764,0.2133099675142559,1
1.1287237624449922,1.4217535573901876,1
1.3527331941821912,-1.3736125416234137,0
-0.7256565421602592,0.6326646072770008,1
-1.322508644951866,3.1179930822426116,1
-0.6539212615035803,-0.7675243058468748,0
-1.307850463109572,1.3778118576490361,1
-0.521684419584479,-0.26754339746122013,0
1.8900536332755682,-2.0118052185453026,0
0.34319459821899023,0.5352707264232629,1
-1.4495643764216146,-1.3568773079745844,1
-1.3712871583704969,1.4622424328938268,1
-3.237635350964214,-3.5590075827962755,0
-0.34190915220592755,-0.6044737258304259,1
-0.23939668221992583,0.9062097446815645,0
-0.6534345293807702,-0.7831360052904232,0
1.3317567110675013,-1.4794942263641386,0
1.02963967067091,-1.0339188676008284,0
-1.1853010163949522,0.782687397587147,1
-0.08465851566725513,0.16137355111899643,0
1.4848312908202468,1.2445625175802992,1
1.1020178565973244,1.6048495574733468,1
0.937920005076082,0.5957974763024538,1
-1.7271681663245033,2.7357340182292935,1
0.3430991596831311,-0.3389632749104141,0
-0.21124545829682662,-0.4737687644101001,1
-0.23673036213219611,-0.6471189983245709,0
1.3313009834748684,0.9346378226228099,1
1.4131591147185105,-1.535188500742438,0
0.3117144063491851,-0.2368484885672385,0
1.8666642640397977,2.026774131133149,1
-1.3904769517900684,0.9697718947343539,1
-1.0066079408535413,-0.7706287947589936,0
0.230805269544334,-0.12475497729205454,0
1.0104739606721345,0.8400778721396676,1
-0.9495091408508457,1.462713263574761,1
0.8290854956566261,-0.9639459950916143,0
1.4244186771901732,-1.6108954312341242,0
1.4285078641180005,0.9408086795736711,1
-1.4730713811819989,2.72646590626073,1
-0.6682159945592099,-0.21258138863825904,1
1.493181614111915,-1.5716022376591252,0
1.3600044118168646,-1.3404399779918066,0
-1.4821371191258932,2.2471916085203425,1
0.6045761530419199,-0.7028132007060951,0
0.5061613574301889,-0.3241345951071699,1
-1.0650298482867788,-1.3726896985321186,0
-0.003939810526559118,0.16757402483633177,0
1.6029019318728706,1.8841842482120392,1
0.39945360960098775,0.7839901561648883,0
0.5104687298091519,-0.4822270981615925,0
1.100995495841441,1.7900367962523602,1
-1.3529704012088066,2.84988000357404,1
-0.6653241068045352,-0.31215526542025995,1
1.390736660182253,1.2207820665260725,1
0.48363920794453075,0.5965173912839704,1
1.180125252698976,1.0262765981074566,1
-2.4982754799518894,-2.656079188402623,0
1.0650201794673546,-1.0960164200479299,0
0.8663811355941948,1.2713809490706531,1
-2.037575615056137,-2.570265865453657,0
-2.068416964655496,-0.8745486816956192,0
1.6403723293885233,2.979286122516006,1
0.8709935714906564,0.7943096532717429,1
-0.4010888915447888,0.7628567632597043,0
0.7311909312387066,0.49441556021012245,1
0.6728418314085118,0.7933752007605491,1
0.5280122135624107,-0.5130749838426136,0
-1.2472284360958459,-0.6622555201618705,0
1.391530168070196,1.7933947968518917,1
-0.6672626256535263,0.07824369080539229,1
-0.7070355559225181,-0.8806811155877465,0
-0.320723138353328,-0.22224581754436157,1
-1.1238264531965978,0.8141314101384813,1
2.305533398960605,-2.45707712392924,0
-1.446849767569439,-0.6162640186731998,0
0.39350672350507443,0.49888516331475175,0
-0.8070209720206696,1.1016479911817374,0
1.1922686224422752,1.1361587154502937,1
0.9386909722853589,0.499881540238423,1
-1.4846825390008374,-2.0535435832191404,0
0.7598685535872555,0.23030949066566475,1
0.8184651246295557,0.6844383784339805,0
0.7250933870861317,0.6063208023784465,1
-0.5629164601112511,-0.5422991165577484,1
-0.6089230011388201,-0.5067214424874844,1
-0.4370359471175269,-0.4697915796329428,0
0.532282868735668,0.6640337768787579,0
0.3960268115933274,0.08128769236062638,1
1.169742596940216,1.2511462881126802,1
-0.542638034423115,0.8267094436259395,0
0.5852455551495805,0.0001762119457942024,1
-1.4863634604671727,1.55088080758936,1
-1.5224917333634962,-0.48816833114615454,0
-0.7254033463970435,-0.9637941329868163,0
-1.1957702009707447,1.2748369805034643,1
-2.289329880541275,-1.9274928755882441,0
1.1497792420873696,-1.2069819760884195,0
-0.20129213697889992,-0.5890761199547048,1
1.0778051438579936,-1.129281143017324,0
-0.5152786407638033,-0.08713115916549441,1
-0.9448986172883396,1.9902316075626376,1
0.42349598141680966,-0.3492413622883116,0
-1.1511605216130187,1.2231844349447896,1
-0.20895363822586677,0.38460629859098705,0
-1.0065231266843286,0.3865748255434355,1
0.46511066896809916,0.3994123193228606,1
-1.2753383914271883,-1.5138186855739797,0
-1.738030831940035,2.8301358550084417,1
0.3506892951750462,0.5114176495244114,1
0.5534776465636667,-0.36529767998735674,0
0.2635939867850574,-0.19859947562589553,0
-0.6797437978029254,0.75699732830575,1
-1.0475809902081312,0.859662812772974,1
1.12848036319976,0.9066774311116831,1
-0.9471851741811614,-1.0401307218807954,0
-0.3037818638482338,-0.26608129633829625,0
1.4222429979951565,1.000718320929479,1
-0.8082096700179351,0.7037486524553086,1
-1.355123958338247,2.156042970992397,1
0.8173099519873452,-0.8624556106262232,0
-0.8470637965927612,1.3926317189537847,1
0.5725721496574265,-0.4481037804878165,0
-0.9570557236786028,0.23256326205843314,1
0.6782748671582337,0.831638112844063,1
-0.6134567485738507,-0.19354277686315202,0
0.6365072036890604,-0.6462637584781683,0
0.31181422074393295,-0.2898643035117082,1
-0.9056768052877158,-1.1935846347947727,0
-1.002536029740846,1.0609883408717096,1
0.6280334351024864,0.7700535436432038,1
0.9122187372813835,-1.0670411212830373,0
-0.9440322209178094,-0.8463793900162205,0
1.6953616731402197,-1.7822878708803596,0
1.0584453784324135,1.2695115321195543,1
1.295248838475306,1.0787869402675776,1
-0.8057806441839666,0.5637953601290648,1
0.6573102153217407,-0.5359503436559965,0
-1.1541082333584616,1.4949504529688193,1
-1.934964324286625,-2.6460955116611395,0
-0.20107962479775265,-0.04726909561047976,1
-0.41479757264604267,-0.21937072247109413,1
-2.0220186108500626,-1.7329050526866874,0
-1.1779745304631881,2.2251492946624767,1
-0.372924281105954,-0.45029379531268743,0
1.0696586832574684,1.0862699156427706,0
-1.3218668804608447,1.678055441010563,1
-1.248728467355537,-1.0898451626944754,0
1.5409968019134486,-1.6236551610303709,0
-1.4569340775195254,2.4402451995391683,1
0.814966068563048,-0.029714084457392875,1
-0.7310943757326489,-0.5015069161435282,0
0.12012984252114767,0.025909344041821436,0
0.8781805323701416,0.9453680135602287,1
1.1038840265349417,-1.1792304700040894,0
-0.9907829631386432,-0.8231604189619396,0
-1.981314525635257,-2.625627585590925,0
-1.275409216733139,1.3057408245234436,1
0.2559755942137054,-0.08230209427658941,0
-1.4934292301769077,-1.1662723145510951,0
-1.8573340949757378,-1.9339168285090238,0
-0.5917160127940447,-0.015762863771547453,1
-3.239943468752488,-4.0605226360510605,0
2.259161268252285,2.0396698661995654,1
-0.8098924862701896,-0.8047406462912723,0
-1.1097492569892977,-1.2756579833623758,0
0.8685245451098615,0.11585994290262025,1
-0.5229102715552263,-0.5330341931025191,0
-0.11248358978398876,-0.37858840344918565,0
-1.6005307532898254,-2.2529378902102404,0
1.9373605204940072,-1.8997814932835828,0
0.9646426841332197,-1.0516079423239242,0
1.107973697650899,1.094170968512593,1
-0.9836470063648296,-1.0319406051590931,0
-1.001497485037776,0.7966640709026355,1
-0.9606998901209205,2.110042154076919,1
1.438622199004556,-1.546389997091925,0
0.11538323151633767,-1.4645265891260317,1
-1.419804953090816,2.525704323291092,1
1.5197586229457367,1.6347354021259126,1
-0.17706152397698716,-0.2930148553578661,0
-0.790475852209751,1.3412355564277572,1
-0.9845813042805388,1.1851340794806051,1
0.4474294972160485,-0.0047511726306432855,1
-1.8973557083499522,1.9384713274005332,1
0.6145202940874568,-0.6168174355132243,0
-1.0275587522774667,-0.859807185541723,0
-0.9070399513291187,0.3352549846512062,1
0.9311253973960261,0.9562495362309038,1
1.1247106653926902,-1.08972913018505,0
1.0928999189020385,-1.068755089539646,0
0.27413520049695095,-0.18179301653001878,1
1.3877676999881972,1.2518796291381495,1
1.6110991598934925,1.9386715323067814,1
0.8989013509600923,0.41107028524605427,1
0.17565798693127022,-0.15470392837962366,1
-1.7955623405833399,-1.7252835708511336,0
0.7758600624955718,-0.607616775511041,0
-1.388889589136678,2.2668543259184917,1
2.072476474153029,1.859778237488233,1
-1.704449134702478,2.2360176179398694,1
0.5622664221075093,-0.41423697853003316,0
0.7919438543931371,-0.7664271934135705,1
0.7638836323242311,-0.7161897902294737,0
-3.5302079591737296,-4.186134539929039,0
-1.2384831292518577,2.6894972594641966,1
-0.9646689978751207,-0.905514221317091,0
-3.273879995709517,-3.3314560775161377,0
1.4921949641245171,-1.5054926612891049,0
-1.2459834756119859,-0.6414671350525349,1
-0.8807621787475298,-0.7825932693704125,0
0.9636728300764461,-0.8887543750197248,0
-1.9250542333627974,-1.962817419722425,0
-0.6259521453631831,-0.5590679123468381,0
-1.0003678968639234,-0.28594800269614296,1
-0.5085158140394712,-0.2531314051438165,0
-0.9729704479510831,1.5592638191538342,1
0.708814297181416,0.5462619693667395,1
-0.38050353520730784,-0.5901430236955663,1
0.7283041112979021,-0.6041052920436252,0
-1.2972252636151511,0.780490490952745,1
0.7749625118290253,0.23437442323399982,1
0.6453986902407058,0.24790661414518034,1
-0.4351836062983878,-0.08278372555815927,0
-0.5092430504926668,-0.37034756717972117,1
-1.3877288568951935,2.0225952906200613,1
-0.8348058866117547,1.3193397545173937,1
0.7275925130416296,0.3848009837119327,1
-0.09889125224113937,0.2614821505648137,0
0.8135877969654759,-0.8158950483409344,0
-0.5015531907353161,0.6899989951797512,0
1.8007300825464565,-1.8681978867061055,0
0.3723761450329377,0.5541510245302148,0
-1.0297803712295839,0.7061079425528172,1
-1.6453156868466774,-0.8017266360536561,0
-0.566317833124939,0.2810770073509308,1
-0.0477175380624999,0.10743133608724098,0
1.2872967681482317,1.3253518275832856,1
0.5495702519424575,0.7907483613477062,0
2.3677653039396382,-2.4981186973140117,0
-2.2644156573049328,-2.507723363686807,0
-0.9063964074527797,1.005494161631936,0
1.0942880361565461,-1.0435012509997201,0
1.1423041571573525,-1.2134962269607443,0
-0.715781234685064,-0.6241012335646579,0
1.513605163038351,-1.6134982006203578,0
-1.5945019599343415,1.6057018014252418,1
-0.7453458397642043,0.8061854981922556,1
1.5132033660954365,-1.6465676921994605,0
-0.8318873682623893,0.4777377511711499,1
0.6957688302295482,-0.6437381404716549,0
0.15013901869252289,0.01268987086219342,0
0.9541035888834034,1.4322162455839014,1
0.46459741134230204,-0.41235789339892404,0
1.4678014188267001,1.3028431617480525,1
1.3923916216858905,1.286282688816838,0
-0.12844294771732467,0.1826180369293644,0
0.12778215251418001,-0.4132226943041971,0
0.9163516139238126,-0.9999695065640928,0
0.4761104368906315,-0.3962150547763085,0
1.5885139705426912,-1.636868710899967,0
-1.3539534286816026,2.3015462328929956,1
-0.9372918003047267,0.9620571761972899,1
1.0947253059530044,0.8724748607893738,1
1.0855104452972362,1.1910901016906401,1
0.5176196730634324,-0.05062878070067711,1
-1.089675607815392,1.1792849580594105,1
1.0791901220266455,-1.281632145950392,0
0.8855935998036113,-0.9148533300552806,0
-1.976958387481631,-2.0278719972236994,0
-1.7277357154134059,-2.063057874891637,0
0.050037749788120256,0.14274291199952382,0
0.87173493475271,0.5124209957951151,1
-0.8457151035605659,-1.2864726987285424,0
-0.6726349400557173,0.3663140538769464,1
0.7667678631272286,-0.8392975228077145,0
0.7363883230135142,0.45205250279215137,1
1.0355936197818743,1.1018048669878893,1
-0.9547123292323728,-0.5456961194583547,0
-1.5939346855486,2.507996099585379,0
0.40592277856275294,0.13986285463385084,1
-2.376024463061306,-2.780591565572946,0
1.485339897391015,1.4595339933301013,1
1.0065981198766327,1.0218775927304369,1
-0.5917065240048229,0.16934347193794286,1
2.0975129391407883,2.038791453256785,1
-0.41378323814639684,-0.9819849248666632,1
1.4512091919689336,-1.462797294902487,0
-1.1885939419292673,1.1488055418284457,1
0.8372685192433956,0.7700575281910831,1
-0.45878546285374777,-0.6297534924419423,1
0.6346716883648131,0.06369327295279625,1
-1.761671482416776,1.9609643464482727,1
1.530599587923021,1.710647666500047,1
0.8765691991956667,1.573658146908615,1
1.2681379009450495,-1.2953043308563985,0
0.84886852769843,-0.857460090576265,0
-0.5040000435772157,-0.890128327503056,0
0.6276856685283208,-0.5706715740494652,0
-1.0982746509339958,1.8508353569359932,1
1.7977177414317322,2.0997660293844116,1
-0.22103860971180023,-1.4705940029992668,1
-2.371159196568093,-2.0252955588734913,0
0.4966604131278818,-0.4567536287216364,0
0.6834913948133805,-0.5949615963136246,0
0.2255175058097183,0.06883450905784905,0
-2.0450390109084218,-1.4073125553208476,0
-0.40438069184614345,-0.4293351075205497,0
0.2043131251332867,-0.4291521764984372,1
0.4430125279421573,0.5001350696415146,0
1.0671489543653794,1.3095127818836336,1
-2.7288986188650632,-2.793756283207209,0
-0.6284986331085951,0.0015671328976714083,1
-0.7135672624938654,0.9272176678426831,1
1.0557695395127635,-1.069598280382938,0
-0.7526788277142938,0.058362456646642746,1
-1.5400208075924318,2.174927061128642,1
0.7128499707522736,0.7960788305935428,1
0.8418335138359555,0.595388778418437,1
-1.973877825487015,3.234697788320469,1
2.0029265978115536,-2.21921194409465,0
-0.6044645296509861,0.09591666781064656,1
1.6090839902141514,-1.7813244683871299,0
-1.3781791179356613,1.712306919590143,1
-1.0012714516049765,1.3832821147254784,1
-0.6516069960947373,-0.5401542330800322,1
-1.1108432826752797,-1.443805855751398,0
1.2415334536220022,-1.2471353754555565,0
-0.42373920070988,-0.5388425687602456,1
-0.8972478247830487,0.5163022901044726,1
-0.20942718793687476,-0.30534733301172245,0
0.1447654586790592,-0.05964717294833877,1
1.4630212503811586,1.8845883048191596,1
-1.1117350395347707,0.19243690172788896,1
-1.6606430914240167,-1.6757771748819348,0
1.3950456847753434,-1.4269448904792308,0
0.316151234941326,0.33353274116830467,1
1.087095062297868,0.6125629714695868,1
1.5590629358321109,-1.7087738521726843,0
1.256712166945887,-1.302978257023048,0
-0.6227851048046712,0.32566652961938536,1
-1.281866907536891,2.3264684448817574,1
-1.2455729620049967,1.5402445542051413,1
-0.009704407554539718,-0.15912991844679503,0
-1.4657910483258003,-1.4718459269108155,0
1.036290675433303,1.15897759522044,1
0.79542450248392,0.35753933817712913,1
0.24686791984573064,0.2741509924835702,1
-1.7774368809422345,-1.0893911679064354,0
0.922149536596505,-0.846403931738576,0
1.2771151648096777,1.0708636328565195,1
-1.2576601673901084,1.256634043591277,1
-2.7054941752603368,-2.7832025765101225,0
-0.25817563258919196,0.19953991509771796,0
0.8922651057016697,1.398502753143223,1
-0.8819367083506163,-0.03276344522960639,1
-0.6917883020816139,-0.4766401393273436,0
-0.9563342726670909,-0.7017628615360678,0
1.2898606943318145,1.5749862626649063,1
-0.8574128972714932,-0.5193145528786329,0
-1.1362210650714224,-1.34140628922278,0
-1.4379463716101566,3.365120167277395,1
-0.921800669159447,0.2712013872683119,1
-0.42140309950989685,-0.1983936280651366,0
0.4521267919179761,0.5209467392761309,1
0.9426763835031613,-0.919606542126951,0
-1.0799735940003272,-1.4941687340078715,0
-2.9662944863432843,-3.2847418162937907,0
-1.6620173909437796,2.497939735965647,1
0.2930996736800351,-0.2721875463371819,0
-1.5390797318862337,-2.466649972883152,0
-0.687015095188616,0.34279351420510273,1
0.49533544379422256,0.09839664989717345,1
0.8862161721929137,1.1274444806624155,1
0.2837012296572716,-0.11414385678443051,0
0.7156224308882156,0.5907113698494877,1
1.0993409666256306,-1.066563595604582,0
-0.929238767009714,-1.0817790888059777,0
0.40703576583051093,0.5724812948181348,1
-1.1108104771898297,1.4571611287510344,1
0.20951941231308946,1.1129145551868236,0
0.01663982167883793,0.3682279698312292,0
1.098108188819146,-1.1594122178631607,0
2.2025132660167044,-2.3683709646755076,0
-1.8994006913346722,-1.5565923090636171,0
-0.6283310844409365,0.025411963551533745,0
1.6092856470894616,-1.7342468340247281,0
0.6575182928073169,-0.6515257522308859,0
1.3518706167157886,1.2489254425272582,1
0.7960932779987028,0.7160848128555998,1
-0.6793031827025551,1.9330461492877111,1
0.4993716179233534,-0.3469655200881776,1
-2.1659677749807575,-3.160615609798211,0
0.7262761255650481,-0.6821543906809232,0
1.4583850711388102,1.0869698878712055,1
1.497923919631459,-1.5915162680040655,0
0.24886950703466293,0.07691143991303062,0
-0.7284988704357533,0.5985469839339159,1
-0.4956727766336825,0.3761841834955627,1
0.399267815517792,-0.29758593182880755,0
2.1653083048956674,-2.3474315827135506,0
-1.1125955770532754,-2.086881533862919,0
1.1828024855899737,1.2124445038836393,1
1.7598265614737363,-2.015023034745864,0
0.026023516614306463,0.015129793673114844,1
0.2931554436086721,0.1674941660782786,1
1.0514822179603747,1.1003535072948158,1
-1.3589334062802514,-1.3038440020141153,0
-1.7993278164420112,-1.587945046489216,0
0.8622331596877771,0.7267732253861658,1
-1.4986902920712848,1.6449480561214054,1
0.9323264716340267,-0.9509444644149231,0
1.1802594780193438,1.0864637536807824,1
0.8890334378974043,0.5111978911147199,1
0.5594584622527445,-0.5767243794621303,0
-2.5358417359995835,-2.7500994334552655,0
-1.360436946426058,-0.798144034467778,0
-1.0750907809241081,-0.8829286425450197,0
1.63304586049472,-1.831864781305545,0
2.0423346018732906,-2.3525304324711067,0
-2.8252614374290594,-3.0399027133919607,0
0.840451889658901,1.1765529801890624,1
1.562209106786392,-1.7179438090812353,0
0.060718842463288736,0.03514155019055587,0
-0.9821449216919973,-0.3464113218950643,0
-0.9020231639562188,1.3746462894713387,1
-1.1172844398654305,1.6001662405749473,1
-1.7406299271495835,-1.4920702622144013,0
-1.2216082496642549,-1.4378981238938917,0
1.4459308108822324,1.71204980424062,1
1.1535775249667486,-1.2450932464399453,0
-0.9541756405400476,0.6550108558548686,1
1.0578377274464315,1.3472151941836306,1
0.36515506092431016,0.14526232494129743,1
-1.3998477592030247,-1.6037642200933901,0
-1.3314446692484077,-1.5096281409804875,0
1.5559477947533986,-1.8059002410294474,0
-0.704612530536328,-0.34764329943868955,0
0.8231578256639824,-0.7132630829026545,0
-0.24948728724389346,-0.5796381752019337,0
-1.737819850109302,2.6133543997693556,1
1.4480544320067725,2.0152888261706723,1
-1.4529021039163794,-1.7515378380942284,0
-0.8077371411273695,-0.09264649346657106,0
1.112879021916652,-1.2525846271066898,0
-0.7804878032282523,-0.9715728248696172,0
0.9780440167280724,-0.9917354280649172,0
0.5241524600111316,0.45581820517851357,0
-1.166604772826453,1.2981713528833012,1
1.026554036994405,-1.0464525094444654,0
-0.9133256963382177,-0.58742900756772,1
-0.26259302070342583,0.34694182595808964,0
1.308755512366494,-1.2742827292501404,0
0.5410905516218072,0.6307019281495915,1
1.9509924214986931,2.351466967344643,1
0.5660364060409451,1.6090299459115176,0
1.0035510385623447,0.8447033681421139,1
0.31278312042850387,-0.23271862322975057,0
-1.1776139575287332,0.5212771324074217,1
0.42590651514035105,-0.09607898688922911,1
0.8052608195840112,-0.7306276867176646,0
-0.6290130260680231,-0.7327792556302117,1
1.2672410304497896,1.3320697232031202,1
0.7227729299285452,0.7745723046129441,1
0.6375773915810506,-0.5293563483347122,0
-1.0322164351365375,-1.4270884154777508,0
1.323262903663822,1.7605757079854087,1
0.6885218737948136,-0.7331014021108967,0
0.8937572899869423,-0.9642618592500389,0
-1.9849940971192002,-3.0466894575089993,0
0.3564785863870915,-0.2871935609221078,0
2.65025277635887,-2.7733575356389593,0
-0.7089121366764549,0.16731546028320532,1
-0.40855415300589826,0.3488614136833501,1
-1.2833888300922838,0.8046491140575709,1
-1.142171350769189,1.7263861229848978,1
0.6392222835196304,-0.6428151366865027,0
1.5015054717235237,1.5050209499153775,1
-1.9652850134756974,-2.6492443209992804,0
1.3954153243106389,1.0028276981803264,1
-0.8537470767261907,0.726449260639364,1
-2.1606300056550483,-2.3686126130535676,0
1.3198821271485068,-1.3833783261738066,0
-1.0882566236819673,1.9998681199513406,1
1.3053126833131636,0.47188840283551303,1
-0.7889287370727713,0.23807355064642044,1
2.4962397336561466,2.9422623962230237,1
0.519179612246282,-0.4958934472276024,0
0.28181895729108364,0.9433385923777813,0
1.547959909829339,1.4344616634223133,1
0.4640994097974136,0.32313839289437984,0
-1.2646859645305986,-1.504964561205357,0
2.3761372606220768,-2.411109045429909,0
0.7471355636960135,0.9235441178996071,1
-0.961806881122121,-0.23092330812287032,1
1.4297420715443345,-1.4508688460999126,0
-1.5737645719883586,-1.9034589018760264,0
1.388921854554001,1.5907949819957317,1
-0.07001235315792809,0.059528871345927215,0
0.5160233535043414,-0.33331267890963634,0
0.9367569575451985,-0.8035726855418748,0
0.9386151269971478,-0.9935194174605861,0
-0.2648358911135442,0.5945037824793638,1
-0.8082716496851721,-1.210045869995202,0
0.9313318923596178,0.609065657013436,1
-0.6827916286005595,-1.2710948109136626,0
-0.9609612513349783,0.18375860941478894,1
1.4658326617695705,1.9256922952267956,1
0.27130441689841656,-0.13567950485154634,0
1.152690690741409,1.3075569549046901,1
-1.5049250370940768,-1.4445458743591995,0
-0.8048210230606158,0.2956983034512406,1
-0.35246060742191176,-0.3767117329044455,0
-0.924915621112625,1.2720555280125339,1
1.0538346669536667,0.8650000760515876,1
-1.6353521749694122,-2.133623422808329,1
1.1181329838048009,0.7899165975704749,1
1.6072291079960734,2.288991279439907,1
0.6909506753825279,-0.6579653465169244,0
-0.8212450235719762,-0.6650974471750535,0
-1.2822179373924414,2.2338752137963227,1
0.8516931408909595,0.9246089697040103,1
1.2854851705054509,-1.3592083409090019,0
-1.2195616413357238,2.231335567102083,1
-2.031604954627113,-2.518703347405019,0
-1.3089905153946524,2.303425013801076,1
-4.3767177986910895,-5.108020705338333,0
1.8477911578080444,-1.868337955476662,0
1.4549246647548184,-1.4127044783724234,0
-1.0224269167687616,-1.270305485821358,0
0.5333856263462577,-0.5551889060927989,0
1.4215903910539414,-1.5186090038373725,0
0.6309776133560216,0.9571079909407965,1
0.07696725876659372,0.2852546800555251,0
1.4814182659084847,-1.6066397573844764,0
1.146194445738395,-1.1327482675368858,0
-2.2564000491743856,-2.2723665828593025,0
0.5045601311885837,0.4034489863403561,1
-1.5118550164124198,1.141736646476318,1
0.08713608699861664,-0.8160582281088953,1
0.09382999860459262,-0.047288685683141596,0
-1.1894735387729813,-1.0919627796575904,0
-1.1402582992022199,-0.8842314716969697,0
-0.9605440248000714,0.599232956822008,1
1.8642097793895507,3.252830964501479,1
-1.3526391648735343,-1.8251835501290503,0
0.7104502815939683,0.5411890844221012,0
-2.9236390587615046,-1.8504765710879552,0
0.700835178304779,0.9669603009082388,1
-2.404054884208392,-2.251649966082808,0
-1.252490245663553,-2.2213137150620677,0
-1.2708856886938007,-1.335581972436694,0
-0.2707106699813878,-0.09276892756683741,0
-1.0937673550851736,0.38173403863574495,1
-1.0957275168088558,1.4745721549411233,1
-0.9197535418779611,1.1918530765107391,1
1.0067930202938302,-1.1044050231099873,0
-1.5809045718741912,3.212826164181706,1
1.6044181156603412,1.6600096027402804,1
1.0842475368382263,-1.0719854157901976,0
0.8975039119868493,1.5174564344189294,1
-1.7292415697349295,-2.6121833746521768,0
-1.2160509125604495,2.010014849620312,1
0.8650348707479258,1.2868683551407567,1
0.9014062546151739,0.5476119521891889,1
-1.2492125403314787,1.774706431487318,1
-0.9188495428813861,0.827943804858879,1
1.4418896273483317,-1.4050388487866639,0
-1.357176032085908,2.0246854067603994,1
1.6076264551812969,2.5583689721017953,1
-1.294078816284987,1.8455503107142168,1
-0.3183133859294247,-0.06302779876929643,1
1.2687668170255932,1.5854946611595941,1
0.7913019219548965,-0.7774891012346369,0
2.66997295479878,-2.9033728651314386,0
1.5202054526667648,-1.7366359411328127,0
-0.0067060904806717225,-0.05718696074145124,0
1.1786962670619376,-1.1736123243958998,0
-0.7959024674265541,1.6242306605523322,1
-0.8552433303815955,1.922141911084741,1
-0.6666415303715836,0.015073137271959136,1
0.34879683342923073,-0.24216734583840416,0
-0.9647777097479877,1.4200089448903224,1
-1.1085320624626414,1.0998219328298708,1
1.2793694023032287,1.6680717623311851,1
-0.5349802039435392,0.1659076485245332,1
-0.9341394474476806,-1.4099150763780819,0
-1.014177500448082,0.4138076510437587,1
-0.612642938841814,-0.040251268937201656,1
1.3008296528069243,1.4066368408971597,1
0.10077691687046708,0.06125809626620504,0
0.6914277380746587,0.9110842903416909,1
-1.5956161791204506,-1.0276277847476922,0
1.0106460713301815,1.0039497935504251,1
1.2704483905466195,1.4749229148351355,1
0.9925033340783196,0.42609410768151446,1
0.08063546562590573,-0.04359072304132672,0
1.5490611516160337,-1.7545304967478113,0
1.2590515559241604,-1.252057708465812,0
0.3652861618975768,0.1549666628754789,1
0.5771210190433417,1.0432719374566688,1
1.6083118282595905,-1.8119007538617384,0
0.5683471976074448,0.035955088041198735,1
1.5022261206913736,-1.504047558712887,1
1.1557089843906883,1.837500139663446,1
0.9786512646857377,0.7602213689693025,1
1.406431828764789,-1.3518206318559631,0
1.8580729017444488,1.8806401016973895,1
-1.0823405388081362,0.8626092439406191,1
2.019547814132041,-2.281894203753973,0
-1.2836558754964236,-1.902664237830746,0
0.6026727255250592,-0.5311252713712216,0
-0.4357091404783794,0.45658748178876274,0
-1.350577699499779,-1.136776808161516,0
0.8400901423866063,0.7261350741088812,1
-1.6969669716365594,-1.842133713105631,0
0.9970911764123576,0.5651391596344546,1
0.5640983049105351,-0.39599521947447325,0
1.4286393341459729,-1.5328824361590696,0
-1.1731716168414923,1.9492747593601367,1
0.8473883441172109,1.1481247140096669,1
-1.5181822037039376,-1.368349575776865,0
-0.6942766571822998,0.14398378113428734,1
0.15736450491079457,0.39097406112046595,0
1.781855700696576,-1.8363338892858403,0
-1.4904250874759122,1.9057416907852192,1
-0.8904423265599449,0.2073967949145079,0
-1.7687273388357083,-2.111065915196243,0
1.5498765188969985,0.9415522228395985,1
1.192121901308409,-1.1302671444545473,0
1.3928621396992495,1.417154772526752,1
1.2549267223372824,-1.265680989719913,0
1.2269839781933538,-1.3994190315808623,0
-0.9646875983705605,1.1934559070392528,1
-1.1820793970960344,0.9535260767859289,1
0.86321971166054,1.2638527946959428,1
-0.9029178753669035,1.600864220672341,1
-0.15162142105787857,0.49484413210232114,0
-1.1136404327608747,1.9328185097812969,1
-1.7638500989861945,-1.508931047642945,0
0.38819176352701723,0.11493081635679725,1
0.7940363195479169,-0.7714810175188397,0
1.5128157559192474,-1.6831024278437594,0
-0.9187326378695158,0.08254011904444403,1
1.1944835882913047,1.2155831471621823,1
2.0014064049409495,2.668681466812104,1
0.779770260372481,0.6076186970723436,1
-0.8917419161422426,0.9027568734888424,1
-0.7569842162595966,1.3624628902057536,1
-1.025814824480791,-0.5408672835437995,1
-1.491211961152948,1.9508131073382335,1
0.6790333093480386,-0.5796171345568251,0
0.5936743812604062,-0.48217392248020974,0
1.402976737282795,-1.4119244655104295,0
1.3099288848053052,1.5487751435344375,1
0.9013549596651784,-0.8790217815462567,0
1.8543320611838716,-1.934184508353399,0
0.621351651120249,-0.6901295993816712,0
1.3398038771943401,-1.343840446408365,0
-3.2692760277873343,-3.8522162530426916,0
1.8222317867571585,-1.8491432575398012,0
1.9654675927094978,1.7663864369399005,1
-1.100207880554026,1.8983619129617124,1
0.10859882012598898,-0.2341879272041647,1
0.46959769587207434,-0.4107584141595376,0
-0.6092426079967028,0.2593174218437545,1
-2.597939857730216,-2.773109977270451,0
-0.8934130188918146,-0.5704490402213609,0
-0.12014554486230167,0.2278762627508455,0
1.346842893144669,1.3568724143580417,1
1.24715581637634,1.1758607795671197,1
1.1566324011897824,1.4875621344309964,1
-1.000793552114175,0.11034489989135132,1
-0.3213710210592764,-1.1545586379169857,1
0.9203388115335832,-1.0364670082017904,0
2.580797888980916,-2.8146818011693595,0
-1.6890599376274005,1.9648469746025867,1
-1.5176796928036933,-1.4176182996697042,0
0.2902385379359579,-0.12775458049177424,0
0.2524789120452927,0.29792232063362944,1
1.756357211533393,2.538487075363428,1
-1.9434707290629012,-2.164714501390508,0
-0.03607335712182014,0.12309057863166983,0
-1.2462045189550426,2.0180508939535633,1
0.6807116896391616,0.2274918009949305,0
1.6434750685867567,-1.7724444189307103,0
-2.5174817199771296,-2.748346140952379,0
-2.3340178606691477,-2.734064727621621,0
1.558378555446018,1.6133039526649675,1
1.52737336296008,-1.6621123810479839,0
-0.28067636112569616,-0.27215992861904836,1
-0.9102738184973129,-0.391014707083305,0
0.7558259566620766,0.6252459720439485,1
-0.2320243518362224,0.41570384216454603,0
-1.4906233855625577,-1.4579095218588927,0
1.321646351976692,1.066808202428993,1
-1.1061546632636108,-0.7216708593933336,0
-0.736248094510497,0.8812459406582169,1
-0.8231122402946229,-1.7713181124553077,0
1.4488758938518118,-1.5251946580571203,0
0.7422309308131039,0.31817025456587067,1
-1.6401760671191838,-2.206302127587905,0
0.797821432365907,-0.693169759980417,0
-1.215851853298074,1.2042380005027415,1
0.99764818068663,0.7297281248579086,1
-0.9440681834909666,-0.6635541485366359,0
1.181364238676435,1.242235732739826,1
-0.8683054771366951,0.374988669269942,1
-0.6126293199651858,0.49451424470859484,1
-0.07690671370203572,0.5832594821523254,0
-1.4893016620179658,1.3214563149701466,1
0.5383301700430495,-0.35890397194813106,0
-1.3852890504052429,1.6017839034300503,1
-1.2534256808590216,1.6874325262646495,1
2.071779947783031,-2.1918223945385815,0
-1.1376342261250376,1.1872803266438872,1
-1.0817618927773551,2.0498995329246754,1
-1.0544677430103389,1.2368035936406419,1
0.10351036925838186,-0.13282986001187647,1
0.1912265559570676,0.07715549488233031,0
-1.134768495011739,1.500866770962044,1
1.02400487275656,0.9098502699082905,1
1.4961686680594841,-1.5508110866625717,0
-0.6998749993257811,0.9924182140731084,1
1.3272330852466026,1.4700958567043745,1
0.6248797364777252,-0.5591223988407863,0
-1.403257620596106,2.1459186478408663,1
0.83092236821981,-0.8589522315588765,0
0.9338494941230757,0.6777642869426463,1
1.2277241539635277,-1.2760368814416303,0
0.5583100429865762,0.21045680468193662,1
1.6321952362300896,-1.70685963957662,0
-0.41595879015504167,-0.9739248114049821,1
-0.7273489518502798,-0.9419636632441405,0
-1.0754767934687717,1.5054952389099994,1
-1.667505612602021,-2.3686841229425677,0
1.4447634013697952,1.4784424330344457,1
0.08925690702443279,0.14638348734881734,1
-0.9856792901864189,1.1888226158279784,1
-0.5562680991188635,-1.5010792499675996,0
0.24941052138917585,-0.07685737204324694,0
0.12242612629216154,-0.21953746149674302,0
0.3837177790246439,-0.3841811111243114,0
-2.825901491606329,-2.719004481338195,0
-0.6410473504193246,0.9153876564375245,0
1.8779951782969566,2.2595606111548605,0
-0.5957985742206132,-0.7378091454979707,0
1.1950943262329292,1.5604855446425474,1
0.7487986405929399,0.6767791106741576,1
1.7763017364942995,-1.8006720053387206,0
-0.549668015439631,-0.22525518197961203,1
0.8146716410005559,0.7986790785416588,1
1.3209246737329083,1.6457131022147422,1
-0.35881865689893355,-1.1355864847941672,0
-1.0726817522660002,2.3510891304616557,1
0.8722700948356044,1.3985580822402293,0
-1.1675114163579525,1.2092010601269487,1
-1.3886176670781216,-1.498360454287226,0
0.4507411940007131,0.9492868172948715,1
0.4963279541423262,-0.3484828265241916,0
-0.9425267289750586,-0.9129474377009646,0
-2.059089152087112,4.160712049863436,1
1.7202333605981783,-1.774194564167903,0
0.5780341600166446,0.5956399774320504,1
0.6785973977995734,0.6925353245999317,1
0.7027279978494252,-0.5311938184487817,0
-1.3294237306832795,-1.4469409223012104,0
2.832508185959828,-3.1828576986340575,0
-1.5602224650558625,-1.5083086705006643,0
0.8915384987431137,0.8787884604241873,1
1.0602617966854981,-1.1762032280145918,0
0.011666705447101577,0.6699001862881766,0
0.46772698559891446,0.08229246633672815,1
0.27251872399980026,-0.06694606795099245,0
1.4376319951261038,-1.5545760118658694,0
-1.956768878726877,-2.6679704225946974,0
0.9744835615534395,-0.9595121662918924,0
-0.7390073334378816,-0.9567269812918116,1
0.7017367192322355,-0.6618269912170123,0
-1.2048826571644344,-1.1507504769505732,0
1.44281492372662,1.5023048206535108,1
-1.0230939000602315,1.2806065870627785,1
0.4146793196421069,-0.017496705475548602,1
1.5476679594954086,1.7370720433123,1
-0.4607746971514901,-0.1568237999309976,1
1.8939769076021804,-2.0473346427803336,0
0.8334657961185437,0.9206381185403938,1
0.9395793402933497,0.9756208623165019,1
1.0445691393932919,-1.034721982502189,0
1.143360405417723,-1.048016045510835,0
0.4879197818141906,0.228416915472751,1
0.8982230477680457,0.6449727025090081,1
2.1468466932737824,2.7277699717276636,1
0.4515162581820099,0.509111452374406,1
-0.9579510095929947,1.5687400547525092,1
1.93325969705921,2.159747317827894,1
-1.522613494375376,1.999705849303678,1
0.16070729066793155,-0.12748858040957856,0
2.4068938731733316,2.2818677561503566,1
0.45982187139104147,-0.345161975346701,0
0.012911304168672144,-0.8885963251173798,1
-1.072790308599234,-1.515900316945983,0
0.05468610961964937,-0.29676083227852756,0
1.6819164563092626,-1.625450840440244,0
-1.9716553978934037,-2.0122163778963693,0
0.9888492422739076,0.48748048966345703,1
1.4505477319309192,1.2676715988637652,1
1.0902424595663174,-1.2062971644247198,0
-3.0594550911428144,-4.352990039335342,0
-1.0384466423406271,0.815909776685686,1
-0.671677965613654,-0.15028152612109635,1
-1.2458573337827659,1.7213617697139518,1
1.7157000491106102,-1.832775793090435,0
-1.034489020546032,1.094908096647467,1
1.166454989353001,1.7103039507325515,1
-1.1529457921115709,-0.5258724240538092,0
1.1163616201807678,1.5672429084975117,1
1.5836246426682197,-1.4789648348865116,0
1.0172927796283997,0.9649483729779645,1
-0.9780833630431206,-1.2896791269757142,0
-0.04381766588163538,-0.812874840975008,1
-0.8498530599774108,0.018718979884672193,1
-0.2093902876935514,0.24521004442746985,0
1.3258280879130555,-1.3342120446044203,0
-1.479408349883478,-1.9911044319311222,0
-2.289639787841276,-2.7150067240520945,0
0.7304474843733688,1.1250997330217305,1
-1.1524489708177865,2.0801475597743604,1
0.19387876783496139,-0.1559839043335275,0
0.24636236493852492,-0.0467987092001354,0
-1.836691905919038,-2.7093435102173937,0
-1.1112828906622336,1.4360802300895024,1
0.5392477095976402,0.6534006006887739,1
1.2029309340137122,-1.1566538143934026,0
0.6349030237351398,0.5375575968263822,0
1.8887500578754703,-1.8892643864635186,0
1.179403569486308,1.4220119591292977,1
1.0023293354411509,0.5219183703257695,1
-0.815677972561751,-0.4229910625215191,0
-0.2812747421448174,0.04906265521103559,0
-2.191462488495067,-2.947304777554243,0
-1.467143950857786,1.9027674782322774,1
-0.5779393048512326,-0.5281559849594915,0
0.8640700957363249,0.5743506288432976,1
0.5151614805380546,-0.4795338877994958,0
-0.5213363294070753,-1.0253316813470637,0
-1.8642371716236918,-1.8630809305776248,0
-1.1004228470361974,0.3532979782177226,1
1.0663849552763838,-0.998843949937944,0
1.042255053116585,1.0371925058071516,1
2.7047056879096467,-2.874795697453671,0
2.360605286555561,2.97324564053997,1
0.5744308021678294,-0.46606852828066303,0
0.9038751701563554,-0.9030338665864533,0
1.2483993208992357,-1.331986038489472,0
-1.2594241961073183,1.964959819870356,1
2.350493993064129,-2.587251315889885,0
-1.4215208192167559,1.2470198546882045,1
-1.5228354532653319,1.3863682907251378,1
-0.8801564091083376,0.6643012266377916,1
-1.6513720999072852,-1.3126105552042255,1
-0.44891261840368646,-0.19886963148543724,0
-0.7679788746516587,-0.7713857486756576,0
-1.6913758390113358,-1.6437044196138673,0
1.2057747577991518,-1.1169725926571235,0
-1.488822527498726,-1.7142214455057136,0
0.8524973580315235,0.9367866235379696,1
-0.3067105206786138,-0.7124617157703659,0
-2.590956841738965,-3.2043193179720806,0
1.131578318137028,-1.1205998102664774,0
-0.8088374156319529,1.6212167582883477,1
-2.0812602309475237,-2.7134919041788192,0
-3.0170504978859096,-3.1187443084728144,0
0.18703372343614966,0.6357633525772095,0
-0.32615621446329357,-0.5284013197027562,0
-0.39037121753846016,-0.5723963324389576,1
-0.933641793799066,-1.0701838863005548,1
1.1783941865802783,1.4532636770119056,1
1.2258514628445538,-1.457448803304482,0
0.35626942117695226,0.07339645657549376,1
1.2613216496744801,-1.2464532951775062,1
-0.7434754841055418,0.3048116815400955,1
-1.0410308543572668,1.2191056675923577,1
-1.8008838793211863,2.9281487729963827,1
0.4242234787385756,0.5896947362964846,1
-0.946936663710153,-1.2197187775601899,0
0.526396083241971,0.9149031189707895,0
-0.6040878056953576,-0.7358479058093788,0
-0.0745851026866039,-0.43432571083704297,0
-0.9171684355576993,-1.0140761581929754,1
-0.25309348380729635,-0.21173395640371195,0
0.729129913071118,0.3009833642012223,1
0.6825797345612412,0.8513964590695298,1
1.6500797591258833,-1.716344836445372,0
0.26518052699472483,-0.20302487226712274,0
-0.9381646676522444,1.4311322973302933,1
0.9614921531114768,1.3912383251222264,0
1.3085374542733659,0.6547332486569309,1
-1.1893697249530548,1.4061557573922732,1
-1.0592369727451116,1.710883421126625,1
0.609364096587385,0.5876070346339645,1
0.710691205255553,0.8265474090540519,1
-2.956931594858376,-3.1540354131504587,0
-0.2158351784911252,0.4931118330386979,0
-1.1519603781130494,1.1260819365476327,1
0.4921735899187698,0.1875592811978497,1
-0.9500596942567129,0.5323250343564025,1
0.5361835926033444,-0.06906257562587892,1
0.8904800198557247,-0.9644591840480442,0
0.8906796062814529,0.405200038781137,1
1.4417365076206692,-1.4131394195572953,0
1.1064144143665269,-1.1452567142029242,0
-1.1071631155534858,-0.5077057737320094,0
-0.9995312003018892,2.0075045233060775,1
-0.18417092412167513,-0.3353979322181597,1
0.7269154635819055,0.8153235159217092,1
1.0590730168611096,-1.0737473589129274,0
0.4815864780446213,-0.3860057191882055,0
-0.4564536280706686,0.686945149895672,0
-0.9632509032978043,-0.03537005345169231,1
-0.6327801181153248,-0.277216651755557,1
-0.6901226071837819,-0.5337922429039351,0
-1.1212375522280795,1.2671010595041312,1
0.4266567219391503,-0.43457588523909896,0
1.0991121222189661,0.8026098316439676,1
0.7060304181712016,-0.7784170360766064,0
1.334384987971334,-1.3412758345356837,0
0.2512181627693383,-0.1427438808143836,0
-0.15998094118205564,-1.6425364752974723,1
-0.9106469127435922,1.5550406516548236,1
-1.1405689161701607,-0.8411709432782628,0
1.7517266816120174,-1.7781885938413775,0
-0.7146024893438853,0.40804096954898295,1
-0.28171195415621764,-0.2055794328621301,1
-0.710076033132429,-0.04629818131005581,1
1.3267979198207915,-1.3623413830313926,0
-1.3131783026866581,-1.0561025839047073,0
-0.070939279205535,0.2165757677787159,0
-1.0314214693656623,0.9483296424421711,1
0.4421227697786876,-0.5210399145354104,0
1.1280977876746567,-1.2153240092530508,0
-0.19690346637447154,-0.14389039876251764,0
1.385118424639303,1.0899990478390722,1
0.07581893664507933,0.09458804461229753,1
0.1843376901459728,-0.0456003293227113,0
0.4232546228718197,0.6269540559820619,0
-1.0824508859224828,0.1919166137382824,1
-0.18032732621841263,0.330117749809683,0
1.5019428634802918,1.9897135057048532,1
0.509955642838615,-0.3715109337102437,0
-1.1883302965300617,2.6850272926792953,1
1.1941280221077286,1.3498819680328777,1
1.0571331276039382,0.7067820931021507,1
-0.5566162783684809,-0.4948121811183174,0
-1.0454790936619902,1.155115067643306,1
-0.2129808254210399,-0.6788622386856284,1
1.2744567775009075,1.5398062964284218,1
1.2381451601302236,1.6229895893213988,0
0.9864965051648492,-0.9709493259151143,0
0.686203392402701,-0.629697964023225,0
-2.296939011288919,-2.269130568396091,0
-0.8651507297339281,0.6520892304961841,1
1.3263517861765484,-1.4423085873277524,0
-1.5785696641337854,-1.3314202985544534,0
-0.6819037529828074,0.9032809127597923,0
1.3557771397618346,1.6573204266202732,1
1.6014976262754126,1.226210547699772,1
-0.6669006294852358,-0.2093999455077611,1
0.859912040346341,-0.8275225735646058,0
1.66604571875635,2.0259477997054,1
0.5859215796955376,0.404734641447953,1
-0.6665569694018469,0.25826636999450125,1
0.9725645361329801,-0.9007674442318458,0
0.9911574844782425,1.1349330434047042,1
0.9369274437327425,-0.9937571726618007,0
-1.1697136212698298,1.118063677947375,1
-1.0707097441416737,1.7400502970892966,1
-1.3182769996547878,2.04931279878766,1
0.5938579795911623,0.4293081913095491,1
-0.32149713573921856,-0.9008929778626422,1
1.066386544564972,-1.2618660634921186,0
-1.31604354214601,-1.2444005941576148,0
-1.370203797233693,2.8222183743613307,0
-1.390481671673171,2.329135831020923,1
0.7230059054996989,1.2918071038096715,0
-1.3961957409984467,2.067106227378365,1
-1.8707848357767596,-2.150755704269308,0
2.0337426555127953,-2.268158135719417,0
-2.7284852251811302,-3.0770166795163276,0
1.2396195280389897,1.25676880840541,1
-1.0020171062100922,0.35921891012353413,1
-0.42236229697792194,-0.6969081331779594,0
1.7091146402560904,1.8784450157062549,1
1.1871177863541456,-1.398463076369055,0
-0.3080980424030406,0.059609401557655595,0
-1.418403805369409,1.4381199551529682,1
1.658296711815451,-1.6262772617021153,0
0.8633146268738845,1.063633508078356,1
1.7406329589253635,-1.8457031585544676,0
1.0197211561320205,-1.038475659576672,0
-0.593784761868376,-0.4442991835169342,0
-0.11115877802053864,-2.395309224666819,1
0.9461369884818986,-0.9142647871952815,0
-2.0919806387169473,-2.5618887196586067,0
-0.6968196382059324,-0.16683169835208678,1
0.09166441234993195,0.7156474287119794,0
0.9458494352128665,0.346956740603066,1
1.4364255593444903,1.7169754971988105,1
-0.8874781635433973,-0.7508689540298119,0
-0.8075668427239031,-0.5209287128035673,0
0.05365577535001209,0.19452504367669987,1
1.2353116607693544,1.4543387637921779,1
-0.3217675242212431,-0.6625794156722683,0
-0.8982751264345008,0.7810971585865921,1
-0.8198160663676962,0.78358742521136,1
1.099994887084304,1.8802923375356284,1
0.6706198487721813,0.4356150090697982,1
-0.39854882572604855,-1.207132697186819,0
-1.3157225958449177,-1.1926228064721398,0
0.2869200909659402,-0.3710393702606516,1
-0.8428381351638545,0.8156842560796222,1
1.001714579675803,-0.972208812509305,0
1.596203927400256,2.364768296365997,1
-1.7956271974287565,-1.4190428512337807,0
-1.201911419971752,1.677818337625562,1
1.2771809767576958,1.9364954976104314,1
-0.8220910495742865,1.2327648954501673,1
1.1298651906564636,1.2483648239581766,1
-0.36301840317104217,-0.36586097331836775,0
-0.749946140082181,-0.5335491554347043,0
0.9762074550941116,0.47766822941765397,1
-0.4441864298934304,-0.1167907666672654,0
2.3665133723776988,-2.589259434507669,0
1.2972933094269659,-1.3055124291054856,0
-1.2243801607275142,2.1448230372361525,1
0.9877349773049415,-0.9289873745718205,0
-1.86315713667639,-1.718769808735713,0
-4.483545326190643,-4.535219523748628,0
1.5439761307536664,1.2510196621229248,1
-0.7151412577108336,-0.5642871749579395,1
1.4033001175043327,1.2610273354600858,1
-1.2911923761416373,2.215830245519193,1
0.8719735278250467,0.6889746899649789,1
0.7228067492388057,0.9229602375244698,1
-0.5768103147568733,-0.7636439579337719,0
1.2124757900283096,1.3336221880048438,1
-0.6488791087584105,-0.4626815962015731,1
-1.3111072926117426,2.8871148532974438,1
-1.0812354708624623,-1.233475524789685,0
1.3819410663496472,1.3391311926108367,1
1.2099077859115224,1.5797111096618663,1
-0.9891244866087143,-1.1368109290434605,0
0.7753206348925314,-0.7024726822463958,0
1.1235311107749824,0.5577790474113491,0
0.26424099672158285,0.07406282669032571,1
-0.9429290799223863,0.4202439579155155,0
0.6458928889187348,0.13857853088775207,1
-1.9301817697013526,-2.080107884342882,0
-2.2133060295377445,-2.6613708407549757,0
-0.18669094575678769,0.1292556262242044,0
-2.200331749311835,-2.0401813625030027,0
2.3167713593922676,-2.2616556183098835,0
1.7855772224044022,-1.8640902801215535,0
-0.5209656623806391,-0.16032724924074326,1
0.9668734488683949,-0.9454684413194852,0
-2.993519685564542,-2.6376916244147557,0
-1.1138814223274935,0.5186505336440519,1
-1.0265141119611643,0.8757961432107977,1
1.3006050094238502,1.3890738079408806,1
0.6658227633484749,0.32203558646067143,1
1.8193948164613716,-1.8727738921216923,0
-0.4229771455510698,-1.60951640088016,1
1.7124109683716455,1.9157170327107007,1
0.5829530969848944,-0.4495899566616536,0
0.22859285097293225,0.006684813338867501,0
1.293238924938107,-1.390663448345949,0
-0.6604894609594567,-0.8376708108551694,1
0.471719216406164,0.5356466850512537,1
-1.049331271811925,2.062965779010419,1
1.2602866754247295,-1.1614862964469943,0
1.0473084331606968,0.6449520505361663,1
-0.6130301663979468,0.46528871022776697,1
-0.10185943099965022,-0.6732564229433158,1
0.6629237822500889,-0.6568016663685032,0
0.8155199989788728,1.0195358252230708,1
0.4782099963026477,0.031900867103725195,1
-1.1830397299464668,1.8927981906954479,1
-1.0260213898834227,1.067781361517222,1
0.5947098372450956,-0.565687498042676,0
-1.2498538229870255,1.7759334411290795,1
-1.4947584228327355,1.6780639756874605,0
0.8410864609066342,0.4551243671346312,1
-1.1451311562198323,1.5615560471777998,1
0.3614963460422147,0.5809297238011011,0
-1.5737825282871871,-1.3404073959805105,0
1.7747797336541118,-1.7548689572533331,0
0.5379515661169406,-0.5648393741784481,0
-1.2315824210633244,-0.9806530749124024,0
-0.7113659790971285,-1.2539393504023524,0
1.7540918913873222,-1.862477329031763,0
-1.658740953183559,2.699810110839768,1
1.4487737694560978,1.7438823302723285,1
-1.3778325365537496,1.6252697996104295,1
-0.45827075678179185,-0.5074424637653668,0
-1.7831195862479392,2.597377978555296,1
1.0861950249140628,-1.2180141605987882,0
1.8364019562818132,2.3503012151363087,1
0.8189759847708775,0.7354203737840028,1
-2.2217717624735425,-2.87656776131855,0
-1.3466665319008098,-1.998197475012193,0
-0.8661797813929829,-0.8355629318960911,0
0.3113453541023201,-0.20577070182265356,1
1.5634913389187641,-1.5639912273289467,0
-1.4078665518688656,1.6672465485847054,1
-1.6425860208992042,3.373826526707907,1
0.5641185797546897,-0.42252312829926697,0
-1.1355624550330847,1.7511547713279318,1
1.3101597188034524,-1.3346752696795277,0
0.5276073044043645,0.5327159610994141,1
1.5198928546706092,1.8627350230213984,1
1.2274797597119167,0.9569969014955856,1
1.1551045701472378,-1.1470916524243793,0
0.6626060564818386,-0.5593282227724963,0
1.3656219084853864,-1.3955532777578956,0
-0.8242253635389971,0.7776296561668521,1
0.03988911629486824,0.4024017132990534,0
1.0637217640969303,-1.0643575751131582,0
1.5339993150923747,1.3194123895766372,1
1.3372034174066474,1.571251359188945,1
0.8934657495005234,-0.8647598783694888,0
-0.6400924359609608,1.1051598534576625,1
0.789007957002501,0.3453268438274132,1
-0.4747230478684903,-0.43131617707724856,0
-1.2204749702597502,0.27640786876700574,1
-0.8623467110335972,0.4171391198663691,1
-0.5056041479234865,-1.0360249838673161,0
-0.9183631761902176,0.969349928582762,1
1.3195031570502285,-1.3265004837422565,0
0.24278124950269153,-0.14241903320485783,0
-0.6785930477601909,-0.5835884336382731,0
-0.0983042072562117,-1.4732803362860318,1
0.24795964899463319,0.02681701963817773,1
1.3557614098860387,1.387902092813569,1
-0.9055744980440441,-1.4552723179509661,0
0.6327519779898838,-0.08550346154018107,1
-0.35023518612553906,-0.08813783762257521,0
1.6098936614606405,-1.648816220845117,0
-0.6786186677533306,0.17751640019268522,1
0.9882240781319632,0.8261256925205381,1
0.7616127300428586,-0.723420684105815,0
1.0279458463501892,-1.0510983074608868,0
0.3537296920567259,-0.4802805680987776,1
-1.3303255333353017,1.1151760288687154,1
0.9844569958197819,0.46340643939781956,1
-1.1855294358499298,1.3290343675704843,1
1.0911521455204467,1.2414720933094874,1
-1.5490868704421712,3.0148555541106843,1
1.3169157045757782,-1.3131015904204992,0
-1.2861606742124223,-1.0111269871119464,0
-1.2425818773547157,1.345126373415756,1
0.406233656288258,-0.39857165685210394,0
0.8411265185283741,0.6731505929899202,1
-1.1163788670515444,-1.12757248806294,0
0.8588734351872429,0.4686982401824422,1
0.5520053198785382,0.3604187575763831,0
-1.5383386284811067,-1.5582969006143093,0
0.03841222224024299,-0.1440894099154557,1
-0.13623405164829827,-0.3090084554135186,0
1.4459127055541665,1.2925658687196946,1
1.2966717733872029,1.7948257174976754,1
-0.8240793844900951,-0.6695218442550448,1
-1.6569884474452876,-2.1742282318357127,0
-0.8222128331831211,0.9541406364461654,1
-0.4206668945626637,0.052284309694820896,0
1.2814334684500504,1.6049672054574515,1
-1.1703382827198947,1.6394713598705286,1
-1.0646398953991985,-1.4178712537610825,0
-1.4211031869092308,2.325230720560575,1
1.2376260306771898,0.9826682120482086,1
-0.7576679883746008,1.4466684113633943,1
-0.740035154122046,0.058047417791292744,1
-1.440921901662113,-1.6553891985984612,0
1.1930695104579132,0.9294131557494187,1
-0.03268089207311009,0.19518347515226964,0
-1.3186217813000862,1.8483272034357245,1
1.0512873018627007,-1.0022061768046984,0
-0.5346428301291233,-0.406661481916022,0
2.1474302982392715,-2.4265897686409286,0
0.7848179136362686,0.7108800131353618,1
0.5550496148725352,-0.07693674753353652,1
0.8994437813759464,0.7570814917981963,1
-1.0283172410468893,-1.1440761304144023,0
1.6712068733292722,-1.7136561232374117,0
-0.33831378663142986,-0.41187369090716464,0
-0.12278252588955296,-0.7128341120183332,0
-1.3818535965575927,2.8833891089421364,1
-0.46841836532872316,-0.17671598648062437,0
2.542928184563862,3.2863611736718386,1
-0.8420762248859294,0.42429246353412875,1
1.5988800213204744,1.5977672043188405,1
-0.9808982954151703,-0.937020297327255,0
-0.06532402720263086,0.008486241332800848,0
-0.25905904391418444,-0.6072096332644695,0
0.8163963554135807,1.0655082955747177,1
-0.7731193849718192,-0.14945623081732173,1
0.7565239837132871,0.16215007943431436,1
-2.0724469518501705,-2.33852532963521,0
-0.2121132499842695,0.44569360427479343,0
0.7340991944263824,-0.7249072625032045,0
0.5780950051606271,0.5108989033830664,1
1.3042816816996083,1.0408393266323817,1
1.8489415348679166,2.4814264556742334,1
-0.9281071242611417,0.4523013129745236,1
0.47994207528879296,0.5550646790240346,1
0.15239863376497065,-0.1019522035528172,0
0.9450129274208392,0.8272814593286938,1
-0.968327069665707,0.8064844801717701,1
-0.9763711456611113,0.7072694252678982,1
1.1076567877317667,1.0682158540005402,1
-1.1449756780726963,-0.4300501502264745,0
0.5707954045924379,0.1526417033942401,1
0.31856342790559355,0.7443222144777977,0
-1.4187250249992907,1.35178414133604,1
0.34252513738342527,0.6243315438931423,0
0.5702335911568712,1.0750685709132348,0
-1.123608577789682,-1.3009127154953029,0
0.5789680792882339,-0.5848841272991852,0
0.5887123039251194,0.38764144266503153,1
-0.8497984810310184,1.3029247740826713,1
0.29832066117719946,-0.12485388948898901,0
0.8424655862579448,0.2141439954001786,1
-1.645270861557706,-1.969131866378715,0
-1.3663202971557056,-1.415573727931303,0
0.16915148246156864,0.2111641448776026,1
-1.1745596315426434,1.241950132817209,1
-0.6795540892186313,0.49274435625842916,1
0.4560121320839381,1.2200520590923687,0
0.24132827080754105,-0.21430912586208062,0
1.545944235205503,1.7884778734884614,1
-0.8968349020346837,1.2110480683641416,1
0.2985083291420374,0.6804087812251844,0
0.7970344948354067,-0.647167918411246,0
-0.6004413561652198,-0.5126381340633756,0
-0.7873907901656103,1.1911867363077955,1
-2.155092210464491,4.666389112676613,1
-1.7668909606754424,-1.664079343578566,0
0.5143597108974269,0.42884543748074055,1
1.764764688736813,1.78460589137685,1
1.4673841235613418,1.4768750125947334,1
1.2871092458033184,1.6649444981152703,1
-0.8581056218768257,0.2814172652880168,1
-0.4434347000642139,0.9028456876728999,1
-1.0795726735197777,2.061320813512591,1
-1.6519804947959567,-1.3248058293311196,0
-1.4878671680400906,2.5234039945510456,1
2.614535228196387,-2.6923579381664418,0
1.2333877133273816,-1.302672269872935,0
0.4803650929408708,0.19248831507494646,1
1.8850790718303356,2.221761353556607,0
1.32432366411915,1.3155431854865611,1
1.1265989027728165,-1.2828337134496823,0
0.08546757949254224,-0.4015221634609274,1
-1.8637908788559652,-1.6541426229532235,0
1.4007981611259108,-1.5212481641528055,0
-1.5324198780919007,2.405029048476225,1
1.0528891361115793,0.5651656315358573,1
0.4258336525153217,0.26284815958385177,1
1.01244576427368,-0.937255485804321,0
0.16928134088647728,0.748668082695586,0
0.6475362934558979,0.27521216750142563,1
1.5882146636347767,2.233669410059242,1
-1.1277293060504625,1.2785297754872262,1
-0.6070328749959,-0.7218628085398002,1
-1.1080834986200032,-1.1894061701085747,0
-1.7900769062203574,-2.5388829361667007,0
0.20386368161912594,-0.35490156604141454,1
0.08328711530502964,0.752276042903075,0
1.2996083872260065,-1.2529950603367905,0
0.16579820912161491,-0.16272418713923464,1
1.4565184281664032,1.7479083083992977,1
0.8145388405164788,0.5068127901158127,1
-1.3585385042988811,-1.8523373348100405,0
0.34439210195587433,-0.25270657132802476,1
-1.391890378335797,-1.4501640410813468,0
0.5791808420068163,-0.13029774578553122,1
-0.9425812070266264,0.6397255337194798,1
1.6704363451630635,1.7708731093814005,1
1.0321568078446446,0.9652063192263105,1
0.6251448447984005,1.0389268064498838,0
0.8059022584387324,0.9097233858592602,1
0.41239728033797807,0.5911400320426761,1
-1.0757079018469051,0.7858162149363823,1
-1.7024709154018178,3.095032475526549,1
0.732942037571921,-0.7364182858294213,0
-0.6625981692552048,0.10153401295188624,1
-0.9659705715744176,1.258650249699782,1
-1.0035341322406848,0.7780949941716369,1
1.4561910342665805,1.485629216526304,1
1.2361719879613482,-1.2890534026226286,0
-2.055377104844895,-2.0913037736650866,0
-1.5644730705395569,1.9099478121901283,1
-1.2044478457347236,1.692046552888444,1
1.0232113440977268,0.43096099379363717,1
-0.7604036813547588,0.7749040220096322,1
1.1123800632348302,-1.2019539451840393,0
1.0196577386753287,1.308174869236518,1
0.6426046621486038,0.1485750146399234,1
0.7636162180599836,-0.7098905985321518,0
-0.4661920605050931,-0.02201642412055671,0
-1.0776494989704108,-0.9334650014795624,0
1.2629470633163593,-1.2924822456294855,0
-0.938955176000942,-1.2710083346222245,0
1.324144063953575,1.1713012353555563,1
1.623581789074405,-1.7086018182114484,0
-0.41986864199106344,-0.5353316381452948,0
0.712235746440075,-0.5830745417761292,0
-0.7699014026924952,1.0314523736135637,1
0.14650655785014088,0.17119647560575368,1
2.788019116895309,-3.0881834373091364,0
-1.3950501370134927,1.4976246688547337,1
-1.0497517335562039,1.4327956826895674,1
0.07987926367993303,0.3733520323486552,0
-1.5154376828893863,-0.9962614305532874,0
0.35365619840857143,-0.3630814729810141,0
-1.1378198564084898,0.5901136933746363,1
1.4171377930923688,-1.5372431547664807,0
-1.287918563421513,-1.7222753939112387,0
0.5147718852707213,-0.4562742451083255,1
1.3034516522078674,1.1954542321136852,1
1.3430374307800736,1.0409139978477855,1
0.05681226209523227,-0.13227807661692226,0
-0.9628661707952548,0.1144108231171509,1
-1.2818227429776945,1.5884437413128478,1
-1.5534583434746443,-1.080169674968555,0
-0.34342220930143197,-0.6571666914226872,0
-0.31693113947123486,-0.6317269584437217,0
0.1888843872197965,-0.0019649630494216197,1
-0.7656045722925842,-0.5502322968436157,1
0.5262591131743009,0.7931907565520715,1
0.6248393578704103,0.36526763839204257,1
-0.08065222839784858,0.29094990915427665,0
-1.3558927940591317,2.5208432568768746,1
2.285316807715477,-2.42944245161551,0
-1.1842758493896073,1.7160656760019535,1
0.4387040826634354,0.2720227674784419,1
-1.1861666180866435,-0.9022526955863086,1
-1.5315736146138546,-1.4019534314286917,0
1.0053615324227714,0.9607022216091636,1
0.10336309676965749,0.06728354388032631,0
-0.3281175494648393,0.928158720851478,1
-0.8245280333050802,1.1040333477214943,1
0.09386497440210806,-0.09284764559264924,0
-1.0066203428971268,-0.8030427932718438,0
0.3297907645784518,-0.34280977311746097,0
0.13920748085891266,0.008942563282724691,0
1.6047210230065885,-1.6319137666555585,0
0.5936577066066189,-0.48133574423613046,0
-1.1148673289275763,-0.49946584405329186,0
1.076268997122329,1.061272067159697,1
-1.2609580675507814,0.6676501392570486,1
0.5209596695466145,0.5583163736507797,0
1.480473127077838,-1.471710980842818,0
0.7539038948483465,1.4998936976330186,0
-1.0536623580516717,-1.173966721476454,0
0.9246959203132699,0.4524845182917966,1
-0.24249402242776263,-1.1727530481137904,1
0.26008555571303593,-0.018736421287836813,0
-0.6949767735268326,-0.7427582112799402,0
0.16422344352866558,0.5418658276790653,0
-0.9669941411756446,1.0707842988582597,1
1.5107222190076124,-1.5299955488809558,0
1.3570696281720023,1.8189771252417064,1
0.35329954178611034,-0.35755432602934933,0
-0.4622385922439137,-0.6282252782747928,0
1.2065192344496267,-1.1641979718368562,0
1.3805351975349942,-1.4372271274591646,0
-0.028552287654340258,0.040219192829289874,0
-1.1180392460204127,-1.0250409735654806,0
-0.6921597090168632,1.0470238752962775,0
-1.5991014411185476,-1.870813922687007,0
0.5066783360315126,-0.4984455253119786,0
0.7527914305321902,0.5427529003766441,1
0.9189092137348234,-0.8296213297916624,0
-2.6257559635472942,-3.3821491499178324,0
0.13744799039300137,-0.07386818647213311,1
2.099733631919044,2.921924917225515,1
-0.9121978266956038,-1.2324977442130285,0
0.9191358973454806,0.1302875879602422,1
0.45798058091607885,0.7021150155910323,0
0.22453235824722806,-0.23665836688044806,0
-0.003699036228995478,-0.2338343486297353,0
-1.4352403550797213,-1.4235598768904756,0
-0.9616534443961174,2.198080943624305,1
1.1305574689640272,1.298584612249344,1
-1.4394396168285,2.7442995941684627,1
1.7788375768293583,2.1900974795860515,1
0.5785999479318895,0.05481963219034103,1
0.22376844831603493,0.4115919676006623,0
0.9576431896802778,-0.9907967996876057,0
1.1746384161392072,-1.2289626442012267,0
-1.5828478786579694,-1.7797361148229958,0
1.4829889407423427,-1.598758860881567,0
-1.8789791794717072,-1.9351400534152856,0
1.475397013095349,-1.5923369637057578,1
0.8458118309946193,-0.8345149755727984,0
-0.6307599363442848,-0.3519966455842005,1
-0.6387667184988568,-1.0736131330606997,0
-1.4245824453714888,-1.931810964002749,0
-1.2818205841880024,-1.4181602306951158,0
0.8015516760960513,1.0047744669736258,0
-1.2192354845954176,1.7292634353124554,1
1.7021987665944658,2.20966406140442,1
-0.9632760149518287,-1.2824778698003823,0
-0.6333380021212357,0.028211130735771084,1
-1.2861818858890728,1.5842770239234887,1
0.47951275376579716,-0.4948204221568294,0
0.09372909204977542,0.09183514728916387,1
-1.6459591040241295,2.583327334548069,1
-1.484658121710631,2.267293160989155,1
-1.323184413849433,1.7966435688015436,1
0.8140427344012444,-0.8527992888272742,0
-2.4908944820055225,-2.032480705313918,0
-0.2453255592502659,-0.14416401876334528,0
1.337909779619457,1.3936888267379106,1
-0.23586950568084974,0.4997950861279765,0
1.952221286118606,2.6294115069160213,1
0.8968620946926352,0.8149439753935624,1
-1.2894637143450582,-0.6914412495956201,0
1.1270628769168496,-1.24936531203864,0
-0.6582042779169683,-1.8799247706703541,0
-0.8939768709910142,0.6217290546424916,1
1.5647788417948933,1.6727995533927906,1
-1.1252190921912437,0.453189301685631,1
-1.2247466171191579,-0.8029635899842266,0
-0.7189704837810553,0.9344782409543145,1
-1.297677299677585,2.329735655605449,1
1.223411695021676,-1.1708788306160354,0
-0.6424978936361772,0.11546831884395758,1
0.4210309115695372,0.7042718349266444,0
-0.893044922433276,-0.2016504364720091,0
1.1328257695113242,-1.234815106406616,0
-1.493215441200209,2.1942332352985305,1
0.7697110323051608,0.8365924500440627,1
-1.2916857540414328,1.4429080431733023,1
-1.1123697865875062,1.3934782787751918,1
1.3327489221967523,-1.337282687407195,0
-0.05322189048811232,0.13847952690688015,0
-0.6957155946601935,-1.4311924333018995,0
0.7986520812586158,-0.8317909372183265,0
-1.541732896003757,2.6000245365656864,1
-1.479153749653459,2.6312863589688185,1
-2.1961040688555142,-2.031732751687435,0
0.5440327973570223,0.7713318845694881,1
-0.31840499626556984,-0.47240373912931755,0
-1.011232813702093,1.251122438093661,1
0.7546336035993665,0.6515626627275716,1
1.129698922953205,1.1169690391215412,1
-0.28287811882701397,-1.341220083887881,1
0.1223003088380239,-0.11969195393278509,0
1.0638788730895694,-0.983526491364072,0
1.3664047344151407,1.404622283619859,1
-0.178373386440428,0.2305323913508155,0
0.30261402915271884,-0.20761579794573493,0
-0.9370362745239122,1.5110889736155224,1
-0.49253935956251405,0.19595987833613493,1
-0.8356031245121692,0.3692862721646434,1
0.6297763049377834,0.9154696153456795,1
-1.2614871607239744,2.0139573419946744,1
-0.1601109016686575,0.45228115788852863,0
-0.18816315109500292,-0.2372599917782563,0
1.1192660930490812,-1.157673160751562,0
1.43392727253654,1.2163701499037722,1
-1.531279311076611,-0.9140232359308619,0
1.2129645537470766,-1.2843040506684091,0
-0.6075965381906875,0.27942209089083536,0
0.06644693502663612,0.1268562703895586,0
0.18655065421139916,-0.6093184577625665,1
0.931730734311108,-0.832815499602191,0
-0.5113883644992816,-1.5002766144103399,1
-1.1247662528478983,0.75075313099517,1
2.2634494625546626,2.7307490185589733,1
-0.741624043572133,-1.137868254924678,0
0.7551125758223325,0.42137490367511266,1
0.28027397850424385,0.5086653814262445,0
-0.6588466366125134,0.2680397900349514,1
-1.3990219211069594,1.327195352732812,1
0.359371914685256,0.14644303094608446,1
-2.1772365559491007,-2.4044082461957426,0
0.02439629676884103,0.14542379620506252,1
1.980481785015349,2.5910313056858563,1
0.021045341476332635,-0.0490530658975985,1
-2.0496528964564145,-2.623775548881248,0
0.38661197265623326,0.135312468211509,1
0.5952105417517151,-0.5843892146054364,0
0.9608126739301932,1.0621040378169373,1
0.6581112520374024,0.0952877739690784,1
-1.1118790677230517,1.6852062917162067,0
1.019052860335624,-1.0969914904983757,0
0.5106782252911974,-0.3641141851386307,0
0.9318778710332628,-0.8676397360710603,0
-0.711986140931516,1.0683729894680125,0
-0.9979349549852302,1.0610315141009887,1
-0.9144376751538462,0.33834383438144766,1
1.3368894068426864,-1.4768543100202352,0
0.42651088521733616,-0.1662731260764635,0
1.9903891319005473,-2.103572812179171,0
-0.26678801091205895,-0.1935535196574436,0
0.5050140334132356,-0.30538724430585873,0
-2.3581586610965175,-3.054930547229872,0
-1.634356027139693,-1.9043953465796069,0
-1.071345912598171,0.6431785176626788,1
0.6662639392621141,0.7223819864081482,1
-2.2558603172477585,-1.9141556058747173,0
0.8109047844480385,-0.7103561758362333,0
2.337531925212673,-2.6302662637876155,0
1.198543303879552,1.5344916631099301,0
0.24729259583149044,-0.18938262157885744,0
1.1978670968739702,-1.2053990937315655,0
-1.0324123101296578,-1.2934123344373085,0
-1.1696354977925016,-1.551167008894877,0
-2.9149319958455133,-2.3822550067367017,0
1.045689519050678,-1.0565723111250471,0
0.4364080536201247,0.26718857697441556,1
-0.8656977761083856,-1.3308400808172598,0
2.0549540331971965,-2.2766642014882956,0
1.3845513677534875,-1.4155780907607651,0
-0.48549904806705524,0.22283645748826308,1
1.0375019232344918,0.8389345697568762,1
1.3390617199834618,2.3474342059830677,1
-0.815859907384632,1.158873698017925,1
-0.6198562918237018,-0.38388748764591907,0
-1.5279568997163142,2.155121097601975,1
-0.8834431092523615,0.23635689707170948,1
-2.300494959477666,-1.9243400701208557,0
-1.51211721040358,-1.8307323968951423,0
-1.6163462454030153,-1.125796072270259,0
-1.3644333946315106,1.1265802488733399,1
-0.95579675946787,-0.648548284777122,0
0.20695806932525562,0.087284997661496,0
-0.36069136503299437,0.6840613314166306,1
-1.9321018354935007,-2.2475626605378807,0
-1.3424765387414634,2.28737106916508,1
-0.6304818758832327,0.10605789914759411,1
-1.1149503891816315,1.0567356276889632,1
-0.1308017999519071,0.19840626834021302,0
1.2148903943769498,1.5160179075211317,1
1.4236677738789845,-1.5197869773424793,0
0.894362243962599,-0.9846027938759436,0
-1.193139821857733,2.333508437564337,1
-1.1959221800191628,0.8921390283386386,0
0.600012295407369,0.901541522416516,0
-1.5706997431116965,-1.5382060843816943,0
-0.5107994672168437,-0.19519008940973825,1
-0.7683424088485062,0.2655532892214376,1
1.2743821908060964,-1.4316731642347345,0
1.1766292087913004,-1.231670546819282,0
1.2433644011540945,-1.3783210629844511,0
-1.151245167992596,-1.4037268689629911,0
-1.009202849697662,0.9853764850775076,1
-0.889750088929782,0.7931017349617894,1
-1.4061660085499263,0.8707300589021761,1
-1.0061742171420758,-0.7943423114151863,0
-0.8245115177033879,-1.1423323591417283,0
1.710208760493956,2.231547306324892,1
1.7050219718817485,2.1818576777076166,1
-1.1578095919901996,1.4749517467644115,1
-0.798977805027405,-0.5250895670625493,0
2.0461348248568125,-2.1955279487577624,0
0.673554718778578,0.38223099667266214,1
1.1200675949862247,-1.1753118682690553,0
1.3922702291274531,1.6563180369450339,1
-1.2797524279790968,2.24754989069981,1
0.8842372559774219,0.6923237383934102,1
1.3258616828209298,-1.3685495262216865,0
0.7954782916286994,0.5188798284066294,1
0.8138003522717527,-0.8375127749767496,0
-0.9297136273637364,1.4227677228476368,1
-1.5866252868027197,-1.9897402397712374,0
-0.3951990332331613,-0.49031136327611824,1
0.10793011022345367,-0.3215048274183929,1
-1.3874650838186329,2.135021383638537,1
1.3375029158933087,1.1599393710315928,1
0.8785317529110962,0.5525120367761018,1
1.564328929043462,-1.6058862207727285,0
1.3069277906652306,-1.381083208963919,0
-1.44224149904406,-1.233740562803442,0
-1.3917569439926272,-1.349840707853374,0
1.5212121545296138,-1.5746680377558868,0
-0.7007962746594345,-0.6638496985043207,0
1.8260522455376695,1.759765737583284,1
-1.4862199110234942,-1.7245732719595475,0
-1.6346212280798298,-1.9249715170096393,0
-0.3394355659023127,0.4560235578256502,0
1.491676253258708,1.976984722756782,1
0.14948130849207386,1.2410287246235128,0
0.38013802761753834,-0.3099061555758429,0
1.454930923865162,1.3042632193966082,1
0.6111969297512512,-0.45894972531524814,0
-1.3306028535028496,-1.9804631204455436,0
-2.503978918066208,-2.409133194172849,0
0.4571777839436655,-0.32350745755299815,0
0.26772312754871963,-0.1800747301605723,0
-2.442259995288374,-2.3749652642887247,0
1.9373869720519636,2.3595775771757967,1
-0.9837823635862177,0.8821870951901619,1
-1.6856061664432402,-2.3083388812890178,0
0.5300409108698676,0.8941069186405132,1
1.0142758950233715,-1.0408638280364002,0
-1.0929823260303093,1.5646540986203081,1
0.9791642565323331,-1.047527671740843,0
0.7720261194581803,-0.888795660405455,0
0.8382115153156271,0.8422458503931063,1
0.47841329238821295,-0.5062890883147002,1
-0.9887702270977611,1.0409989343860484,1
1.5572570219402797,2.218397575047103,1
-0.10359045507735032,-1.0928967420435995,1
-0.5245451390536753,-1.1120592064203567,0
0.970315560953442,0.9315667875417486,1
-1.1538829467791627,1.2604200950528202,1
-1.477202896396073,1.9311328283852498,1
-0.701365026802542,-0.1430795795838462,1
-1.2366711494283489,1.9591319081845993,1
-1.6604142392064216,-1.5659101678078846,0
0.5990564142081366,-0.48655763228606286,0
-1.5712691955515798,2.54319183145574,1
-0.03438307730771295,0.10686035976108221,0
0.12641453565865535,0.009038515488746235,0
-0.6406683083464354,-0.3251806824745733,1
0.8586815272905409,1.159709721894132,1
0.39100830347165694,0.3106135148649659,1
0.5161341901157195,-0.46225275118679054,0
1.1101555901222875,1.0782716487476336,1
1.0656745357406927,-1.0864667441332443,0
-1.3431440775411037,1.9355898870951687,1
-0.9689297086312599,1.1418814805101263,1
-0.026756425910861692,-0.0001510633325346733,0
-0.8093099598894606,-0.1773866450034256,1
-0.47086691336920894,0.16198734197125297,0
0.4970027240497581,0.4446974462573974,1
-0.6295514620694662,0.286317112261111,1
-0.3598337829556455,-0.4110141687722306,1
-0.7856993541199017,0.7914640347708689,1
0.5626918075985549,-0.44542212553664196,0
1.5746017516149213,-1.5966148741859678,0
1.2450574803174976,-1.2783285475319826,0
-1.0813165568472434,-0.5263598076319043,0
0.48760863107407015,0.8298335851231862,0
-1.077001924051601,-0.8981660183205159,0
-2.1109143771842516,-2.2976704034319213,0
-0.20423698816820435,-0.10074979856784838,0
-0.7555583175312689,0.3950917870301769,1
1.647049267704487,-1.7661517068486619,0
-0.6379877691910221,0.22146292736477613,1
1.0016336587558776,1.2291836240383731,1
1.65815063476288,1.9211028550105917,1
1.7127639136591855,1.9641938942204846,1
0.015354614040588577,0.04512489837552258,0
1.5338254128013724,-1.5675991209375357,0
1.0991872498765607,-1.0678423843052853,0
0.11867795796432834,-0.06676442856151443,0
0.5105508027284286,-0.5149269729239241,0
-1.2007909013005789,-1.4389400599495086,0
1.0436282968160981,1.1327823925705878,1
1.9794801200526653,2.170442257000145,1
-0.7755877309400767,0.5585233848458401,1
-0.8935494375440852,0.9083839142295835,1
0.48102422096466735,-0.4066126812213037,0
-1.3017654259794957,2.103957205136261,1
-0.9047168756592612,1.4815825664567732,1
-0.8934938347047816,-1.3262178368435622,0
1.7327873968058918,-1.8545615287585409,0
-1.1470112096613125,-0.8912333832709562,0
-0.928431749596429,0.3513649289907703,1
0.5289906771576449,-0.4066855655726147,0
1.8082566303867726,-1.961780115741956,0
0.3560210616861432,-0.2825671569516287,0
-0.7330091415647373,0.8359911133189901,1
-1.2841332852385772,2.0840851935504796,1
-0.6454263793386917,0.41605131083111235,1
-0.8363102492538748,-0.5203904140132632,0
0.45602466840300104,-0.38327875378600085,0
2.4232211718449275,-2.609653621470396,0
-0.9546529064663831,-0.7567107561161869,0
1.03101092289329,-1.0217503347505592,0
0.4858050296272032,-0.3645426514183543,0
0.47138866163454485,-0.40125843429625296,0
-1.060010396310208,-1.33306027956764,0
-1.2056340567732227,1.66154263479201,1
-1.0830016992446878,0.8509100846769868,1
0.7172482387393233,-0.6995036040575879,0
-1.1848337215697937,1.628876653851914,1
-1.6950093564338784,1.9765172616741364,1
1.2011570519835648,-1.2975377982651488,0
-0.3444186853670623,-0.6021134035025373,1
-1.0518986689098715,0.5849961145893556,1
1.1930961053483955,0.8422008266311827,1
0.2508620585031386,-0.14146156424537615,0
-2.3018146307898046,-2.8811830790084354,0
-0.12656761894641344,-0.8985907305731429,1
-1.165203682464552,0.4514331915958567,1
-0.6826460131391427,0.0009870658083618311,1
-1.7744955891956664,3.309361878319721,1
2.2392326026746225,2.50315543051632,1
-1.0094884017446444,-1.6175899224783685,1
-0.455249515711444,-0.2618608812355666,0
-1.565895926907368,2.0604706033783486,1
-2.5946214368986737,-3.3637294110733733,0
-0.8691800521070249,0.8259766957478519,1
0.7105695874137986,-0.46165799685985576,0
-1.1568100844820406,0.19811656132215671,1
0.38512379144665765,1.2920143772434804,0
-0.5523668615016959,-0.9514652299370117,0
0.32701965180177306,-0.3071698328987057,0
0.5668738665883098,-0.46894413789715095,0
-2.4027906363839913,-2.6229771293008124,0
1.3010273371510683,1.6285772676152894,1
-1.6289053679740544,-0.9061439140969745,0
1.188181191281611,0.45411670939225135,1
-0.26769364022828435,-0.592697663240696,1
-1.9274670929112874,-1.8414026353857684,0
0.5086327661781627,-0.5296312788652205,0
0.6807502424748362,-0.5973916434142961,0
0.3657324959777353,0.6526638489292274,1
1.6898057145851038,1.6066967084075396,1
1.257195433858414,-1.3049830224700705,0
-0.4563984826948714,-0.03766459589752025,0
-0.7651087582582999,0.9448404313717891,1
-0.9398965149064946,-1.1296122291311794,0
0.40748849238878027,-0.38524303220077627,0
1.0129490414742919,1.4061599811710432,1
-0.6497285592609341,1.4701200268836025,1
-0.44659701184519474,-0.6394276255719018,1
0.441776875812138,-0.398185083691172,0
0.6962247840157438,0.296015489854049,1
1.501670643064509,-1.5025845843424992,0
-0.7431690422336108,0.28398620786054174,1
-1.4608900430455045,-2.0004100017521806,0
0.49911322827007043,-0.34354874737362273,0
0.9419152912477184,-0.9997071456095171,0
-2.4239371239886953,-2.5904022164894,0
-1.0930052969139064,-1.0786100124986056,0
0.3991544281736812,-0.2904971261875845,0
-1.447922747244358,1.7553439221591063,1
-1.0139388242425358,0.5920433333514552,1
-0.8543922366689551,0.21056852081499267,1
1.9109464182041642,2.167699096109053,1
-0.7071482012417518,0.9989568398264741,1
0.14100025879024036,-0.5417266196170705,1
0.41611626982762107,-0.3261159523871686,0
-1.092176571272398,1.7586310182942435,1
-1.5408553762800192,2.600093557823101,1
0.9188248035016139,-1.0223104201573587,0
1.124853158558249,1.5724025689009284,1
-1.1750724332513691,1.6981718879683303,1
-0.5866264021390376,-1.1519121742099279,0
0.39956676781067757,-0.25498929258408487,0
-0.11633444739545284,0.24961409369408427,0
1.0104219718902372,1.1085629548740592,1
-2.096463937448977,-1.4379191494949497,0
-0.3662254577320324,-0.4140506083952965,0
1.006224092039989,1.4535715519610253,1
-1.2645943395882981,-1.215611305314471,0
0.9849628538169807,1.1551033672882012,1
-0.07800162234008212,1.248192382500767,0
0.010606374957798925,1.1852819272720936,0
1.6156239775911088,-1.609130985953349,0
-1.0113341478471258,1.142075469605285,1
-1.1317503440002175,-1.8501040600888712,0
0.5935523620189086,-0.5042327835597832,0
-0.3579015600096075,-0.20440917215986065,1
0.5673886405757917,-0.6050827610139766,0
1.3537217415000533,-1.5053278228444595,0
1.2693880008163323,-1.3230333259404843,0
0.402837331490823,0.2729372045728219,1
-1.7624467189676818,-1.8407456022388884,0
0.5288414056915509,0.8909466079714168,0
0.5758706820993666,0.16697979320265965,1
1.423603670203323,-1.5179154956567609,0
0.36684387085879866,0.6642488300339009,0
0.7440375717902128,-0.7226465785079813,0
-1.1211719472550998,-0.7549657041101172,0
-1.1920957030144346,-1.1612637732401685,0
-1.2251468670903456,2.047813744078402,1
2.455176875680354,3.050710943734738,1
1.1630112035563904,-1.2455035842262732,0
-1.7216786644241167,-1.5977168506036317,0
-0.49164011812377173,-1.2415402871634265,1
0.5628418205306551,0.7287136299507697,1
-1.177784168763471,2.149263290423435,1
-1.3914300823121044,-1.3387974839744154,0
-0.9450534189470636,-0.05480126415553688,1
1.8562512184686908,2.458969482236686,1
-0.9667946506024069,0.46900378340421933,1
0.9667889479497574,0.6575683398805025,1
1.7183724392207624,-1.935194864632341,0
-2.4234359387007207,-2.774693619437664,0
-0.12613481133816473,-0.06710350044370816,0
2.289780191621973,2.8778564323240303,1
-0.7897728279021996,-0.7552108418417711,0
-0.9565086476305683,0.810412003680866,1
-1.476575877950734,-1.4617957924067253,0
-0.9170447167686203,1.1544518320585224,1
0.5715678035848064,-0.7068066814595608,0
-0.33128738125504176,-0.7468090379581666,0
0.374724879450846,-0.2484109271741175,0
-0.35273227780198757,-0.0901508986800782,0
-1.1329374259670735,1.7584722598750009,1
1.3962669626841318,1.7322884364961324,1
-2.663514430236461,-2.4298072061053597,0
2.204748382580564,2.38591901401609,1
-1.8329394851824392,-2.9546612268381782,0
0.29879624826314477,0.1425148203864135,0
0.27205310277765427,-0.2441789360290535,0
-1.0891122365449917,0.5748458502216205,1
0.03708547054004274,0.036081826447344256,1
-1.4550268609702084,2.5792183427706172,1
0.802682725924225,0.7014491791887714,1
-1.9641052920804256,-1.6423529018823948,0
-0.9480918997940632,1.2961855288096928,1
1.2373599999051716,2.0140584020154426,1
2.1855398380480704,-2.3746956535548085,0
0.556376220701075,0.49192465403246566,1
0.615055418078952,-0.4954188218621244,1
-1.0152141653622881,2.202428379421356,1
2.1242246304284684,-2.2886066347763085,0
1.2933900590719283,1.4950362039208578,1
-1.5687078195892425,-2.0196153458155823,0
0.877849654023663,1.012744459267659,1
-0.7706088540623939,-0.7315104913246362,0
-0.7487589277873481,-0.8422637993037505,0
-0.7650746267392425,0.002186998809409979,1
-0.10001507804258314,-0.1765019753237822,0
-2.266383783310612,4.6444265326510585,1
-0.31886930990430973,0.26763465936360875,0
-2.2645516900906797,-2.194567805886126,0
1.2070300529479823,-1.2877971049072563,0
-1.2006723655962164,-1.2305021686220001,0
1.29387074957272,-1.2790487468174652,0
2.1470464053446054,2.7151352727069127,1
-1.6103388062833448,-1.896440610784147,0
-1.1080664901750492,1.0494026310406994,1
0.310365291261115,-0.2823923496784061,0
-0.560370704902575,-0.2563815948006387,0
1.769272191386578,-1.816720774976428,0
2.5253052673044882,-2.791915859777905,0
-1.2596504370922497,-1.3655517707474758,0
-0.8806777281727141,-1.2099029440690106,0
-1.3067453596463972,1.783691008681321,1
-1.3662469718572536,1.8322108571114195,1
-1.2024326442870712,-1.9480661790439986,0
-0.38413196988129394,0.6686999056211298,0
0.11697708910011528,-0.030455397582844213,0
0.11679977451890577,-0.2387589908322334,0
-1.3774108148196471,2.222658419423097,1
1.054107402137732,0.9175858502030332,1
0.9092567492164717,1.0612264933290403,1
1.3468775925404946,1.494112831144569,1
-1.648871739457279,1.9413556376405396,1
0.9986504619456709,-1.0643710240793292,0
1.2843256520607325,-1.3262471222770127,0
-0.5762614420244188,-0.4397791085549335,0
-1.1153279798077504,-0.8245012327517516,0
-0.8649489305884381,0.8375868918745126,1
-2.1962879098776327,2.532492321816042,1
-1.0626454987152154,-0.6239593835868574,0
-0.15880308254708797,-0.5995840269777816,0
-0.41963566037372435,-0.6577691439921611,1
-1.347104052285345,2.760915948029444,1
0.5919049024809262,-0.6395559615657875,0
1.088403513432565,-1.103077868723308,0
0.2911308705172362,0.7030499834183639,0
1.084716625333634,1.7582920157869626,1
2.250278929316539,-2.372528171313709,0
1.553130239352901,-1.6140250143198802,0
0.930581535342676,0.7052420767255281,1
-1.3651477056646435,1.3603315404368268,1
0.10726946823202221,-0.3443973335704813,1
-0.04198649994682202,-0.11875447512257697,0
0.9380497590507887,0.399817432237769,1
-1.1928339307564886,-0.6313530988798783,1
-1.0209364998948367,0.03887512253794423,1
1.2968882049712986,1.3388940505637321,1
0.08358192971798173,0.038480156413936095,0
1.3422819356681277,-1.356090293132704,0
1.138888972294699,-0.9887847003297822,0
-1.255047307137978,2.1023856084576105,1
2.2937583562163564,-2.355801539138654,0
-1.5728111069000237,-2.011770507137589,0
1.4263499256969883,1.3947289312962727,1
-0.21047816652615137,0.2030062329371909,0
-1.420331506353105,1.7730010391752251,1
-0.1956736650239672,0.31716768344528923,0
1.1198181894089752,1.2655957863324494,1
0.7579482486079622,0.9806712284473578,1
0.2485248515952554,-0.03365762344883383,0
1.4027918940752142,1.345198202352039,1
0.4636876311522593,0.744688678970254,0
-1.0356062352787758,-1.0466292647335431,0
-1.098624496031721,0.8450570038230603,1
0.6831176446914664,0.5590027149931878,0
-0.57673112612462,0.6825792761124452,1
-0.9946300736758992,1.9508097961060165,1
-0.990395141277209,-0.5418881460817919,1
1.2530964614976026,1.551013809630768,1
1.322497367924704,1.4449580135701243,1
1.40739604200387,1.2028840153916118,1
0.958351484277721,-1.0819996837758414,0
1.0432867519781048,1.0526049507824466,1
0.7842364746279927,-0.762967070343474,0
-0.7501283773739416,-0.5645836942684209,0
0.6393030320596209,-0.5809758660325111,0
1.308372081342754,1.5199425066082908,1
-0.6956002515551073,-0.9495835602743569,0
-1.977786470306805,-2.556642429782357,0
0.7958665760673603,0.7761977466673621,1
1.1700511115464254,-1.075632603942471,0
-0.4232920966234097,0.0761993432189837,1
-1.70855141081225,-0.7236141752109144,0
-0.23744047034142235,0.40174795127683627,0
1.1959281258996162,0.7072389719065071,1
1.1771357912966862,-1.2734407543745125,0
-0.9532351945319149,-0.41128672293498325,0
0.038102438979136344,0.11558103014465515,0
-0.6321850967976312,1.0200108596537811,1
-0.6955984727657999,-0.1680602730464268,0
1.133963825473842,1.8783157782837607,1
1.8162049300872227,2.4197187008813685,1
-0.4900995604302192,-0.17362781811948613,0
0.7045678522715371,-0.5183666749347884,0
-0.276477670593974,-1.1122541371707584,1
1.6244866201104218,1.4972736055458364,1
-1.1865440908577722,-1.5641102479126148,0
0.6557078651942033,-0.7009419695945984,0
-0.7128633830947751,-0.22779251618950358,1
0.4234508957038292,-0.4631250279302207,0
-0.8726164493038306,-0.45714125634355407,0
0.6783668181339191,0.5028681304815135,1
1.4015473501386486,-1.3738064322147576,0
0.9837533828812047,0.8730176009166128,1
0.230123618479129,0.41820415530700283,1
0.49545944950085086,-0.5266821106500303,0
1.067931444554744,1.026210812923273,1
-0.9921093688928029,-0.9926176741976674,0
0.6784287536098932,-0.5542431957110714,0
1.4838383095600387,-1.4933858741013302,0
-1.9511626491592509,-2.5058869139914606,0
-1.3636867232094267,-1.563573118220555,0
-1.496253010990434,2.740505551069621,1
-0.6044553796543881,-0.6705750235388743,0
1.211785589698807,1.1055916146286267,1
-0.9242733557039464,-0.5957618315438415,0
-0.6873304828234816,0.9874887723977124,1
-1.8297944355037354,-2.1562924098403773,0
0.24993612777491903,0.11498079062817457,0
-0.2281034845057902,-0.018091365093900746,0
-1.371214971861724,1.4075786763079385,1
-0.3009603566946374,-0.9762355280091355,0
-1.5004071180290817,-1.2301625196357022,0
-0.9872622675601291,0.6859536872088969,1
-1.574844608847422,2.7840998237616135,1
-1.1526122202521947,1.787876082345118,1
-1.1694631156627486,1.6510073159669676,1
-0.3920686154067433,-0.7064802619971546,1
0.142646974666359,0.0779731114467257,0
1.2356018700659537,1.2654077004051623,1
-0.1955564969667576,-0.7308699732542807,0
0.03349926418511151,-1.0100748437128213,1
-0.08995241965414003,0.08027626435270885,0
-0.7926106358315126,1.5417835623947167,1
0.8430361904596846,-0.7511743468894894,0
-1.0101226973510897,0.8106270397742132,1
-1.4589493335231867,2.2811242293524203,1
0.6086168246888051,0.16833940005611625,1
0.7850619352136224,-0.584852046312051,0
0.6664628177476679,0.5567333563613315,1
-0.8258758183955732,0.3787197692441432,1
-0.8966504914137489,0.8227780429784517,1
1.3636730028208766,-1.4405860681049587,0
-1.0906174374745152,-2.082727402099772,0
-1.514495832207062,-1.2021980791483329,0
-0.2824002820622643,-1.0277215443727212,1
-0.6084714738415437,-0.43773422798292183,0
0.3800701634494472,0.4258279770242184,0
1.0705324966147096,1.5458894228497289,1
1.638262904345383,-1.7374178730657608,1
-0.7596225051076475,-0.42476471735945187,0
-0.3173520729730851,-0.19004514385206106,0
-1.0355862423134754,2.274986122349835,1
0.27907074910061747,1.1778872968211949,0
0.6583342735448001,0.30791538199040447,1
-0.7334191010602185,-0.7385669365996477,0
0.6611726383027628,0.9946990670773731,1
-1.8336675561605746,-1.7571415351404256,0
-1.502545497625519,1.4588414978284945,1
-1.2304860036346223,-1.206371067047735,0
1.0808718838551765,1.6302913298857,1
0.3951391687944156,-0.21311331428019542,0
-0.599726155559087,-0.3763231106754572,1
-0.8788801270587724,0.6475032455988268,1
2.0130854930544544,2.7181149711772497,1
-2.011851050046527,-1.9512802484573062,0
-0.07911747451363615,-0.031325798841935426,0
-1.7482568200598907,2.0386659262229934,1
1.639489966178417,-1.6929105215310316,0
0.7692235174189916,0.8667458660620089,1
1.0502025920942686,0.8829851469726372,1
-0.3172292770554377,-0.11155586895744152,0
0.6286898705099098,-0.5757767597932263,0
-0.717298830876946,0.967267495014403,1
1.2683315473788133,-1.1583737571972899,0
-0.41059867560158647,1.3746104148720693,1
0.9488929212359898,0.9121207779584157,1
0.9680827696811958,1.1287016370000715,1
1.9975123050449417,-2.043665167982563,0
-1.242787929116368,3.1059889578403643,1
-1.3016954891730008,1.3790001949728685,1
-0.2321489700876569,-0.3615949373703773,0
-1.6031618432655639,2.4710404069241,1
-1.043802217676133,1.5270028540590324,1
-0.13378529781078963,0.4650818591449355,0
-1.1900116341816798,2.274938863407569,1
0.9352198597616379,0.9534610925392475,1
1.3388942531866965,-1.3545991345187938,0
0.5984655549858685,0.28754197248017976,1
-2.085393991474072,-1.8256340917834772,0
1.6754326795468246,-1.8587573160480964,0
-1.0458740579556187,0.43544040284783425,1
-1.1954104797110334,1.8015120534380378,1
-1.7888317655314763,2.9772756151672732,1
-1.236307117385573,2.0188374398834563,1
0.46452152691166115,0.38354992852897263,1
-2.070576783036996,-2.4100669637319574,0
-0.5498067575430522,0.3322576130066087,1
-0.18757318657134192,-0.8193167135063182,1
1.881433635760747,-1.9658771176375378,0
1.0385269237895853,-1.0637096512664987,0
1.1028502830613631,-1.1622168068490355,0
1.1111150030688868,-1.1732863475118351,1
2.3422975414699065,2.953161041145395,1
-0.5999552494405547,0.11035653921169764,0
-0.9873699663031354,0.7453566353357168,1
-0.23780408039758116,0.421810255226887,0
1.4247486393319932,1.8629433105552662,1
-1.5085075860195905,-1.5865600067965295,0
-0.6993125489826368,-1.4209254355313938,0
0.62276686552571,0.9103085998274701,1
1.4153084097695485,-1.5655468589596948,0
0.9440564392746575,0.33323808725310955,1
0.4495147039095738,-0.3854385982190415,0
0.33579066935223456,-0.2225824700462249,0
-1.2200816645761097,1.9147742405896526,1
0.8326545374983818,0.699540854820393,1
0.8948156673773136,0.8520153312940906,1
-1.0669625402206544,1.1326728999846847,1
-1.3574088870617584,1.2852804796163917,1
-0.7876889680812156,-0.49122663720045967,0
-0.6606912523181472,-0.5515033008206293,0
-1.439893069484277,1.3218866457022764,1
0.02199754726930636,0.3680549151874781,0
0.6701253436141195,-0.7468104873934964,0
1.7326973480495833,-1.8840344138588825,0
0.7633481013312519,0.05913381538755447,1
0.0800424880712709,-0.05752520478616241,0
-0.3629639119505871,-0.2940296594791487,0
0.6553286278950587,0.2515693284351408,1
-0.33030303937203487,-0.9346351275466185,1
-0.9636954185065537,1.1074159830458357,1
-0.6515392941654612,-0.629598476015323,0
1.9046195467531577,-2.1183859596963703,0
-0.5718830309297886,0.7391054869775386,0
-1.401872941221201,1.3007364290726553,1
-0.3299648065744638,-0.08371914022970595,1
0.18685011467462453,0.11251354713409478,1
-1.3959167709354359,1.8764165144518028,1
-1.1161740100006612,1.4296732854516765,1
1.3943567796767864,1.3623014613067426,1
0.6886472939897277,0.06827055126255999,1
-1.9371301311763784,-1.684321808356382,0
0.6040456283999718,-0.5344059394089764,0
1.1196213162217499,-1.1353940855257583,0
0.5565746206305544,0.2552426068021266,1
-2.1752043503941074,-1.8935769785952825,0
1.337174299771416,1.2707318468541309,1
0.6809198839487673,-0.6056097112751,0
1.5494305354057136,1.7306453837230198,1
-3.3141089279034244,-3.3022794569033267,0
0.5000837431711309,-0.4891300441678351,0
0.7796798091108821,-0.8542269333943272,0
-1.1043763143042218,0.8478734820782351,1
-0.8986024791786229,0.02615112382898077,1
-1.8350980296863644,-2.4668929094631755,0
-1.1587363296698894,1.601647752433531,1
1.148480301801098,-1.2659622422746641,0
-0.9721919254397141,0.5153782434988146,1
-0.7094999585293229,0.12397845246657868,1
-1.4661237494698347,-1.4327252344785257,0
-0.6770300387127812,-0.7509831613578377,0
-1.0156839912079534,-0.8655933594968742,0
-1.0536685025078039,0.31229270495027084,1
1.1649125883633094,1.314128697075126,1
-0.418085928850781,-0.4403522128908346,1
0.417958947962192,0.7465787918198494,1
-0.13596037121329252,-0.12306692129664998,0
-0.15918386531754303,0.4387538174653596,1
0.9188839398076782,1.2322379214627524,1
1.0574665854704506,1.4251345996464422,0
0.6710374914940433,-0.6765324912880439,0
0.7177934303324671,-0.6363350279501405,0
-1.1726589827178708,-0.07186715418752354,1
1.2387146555099355,-1.2761803508666805,0
-1.4049153418897047,2.333438577998054,1
-1.2195701692786032,1.5586787001406819,1
0.19599221148048596,0.10249432699367134,0
-1.0081324025594949,0.3870853923195112,1
0.8385071274473049,0.9894953486849717,1
-0.7317780230718487,0.6972877212986823,1
-1.0458381986739353,-0.8144635263752157,0
-1.1340207841109247,1.2989703940505404,1
1.836574890970031,-1.9870875462227984,0
0.8449144534380952,0.8312710971599688,1
0.5688405604373004,-0.5732693702600552,0
-0.739137274950548,-0.2204399156003558,1
1.2162702261109177,-1.2398387380488816,0
0.3198322105685488,-0.27321913886174165,0
1.6560897710220543,1.6234972715328666,1
0.7613039584898347,-0.8300058173423371,0
2.023918368708303,-2.1039349730735344,0
0.64111354814236,0.1256989795649971,1
-0.5126092355692928,-0.20135649382801946,1
0.9450782526431137,-1.0387136806462647,0
0.7185031935997434,0.27990326241424157,1
-1.6659272086902832,2.991221507689917,1
-0.9035220734354986,-0.9863676800908677,0
1.285310584781769,1.6128088182400333,1
0.43942642725260184,-0.06023202198766353,1
1.5650757146215426,1.9082836897756352,1
-0.9994587107060116,1.6452725266021004,1
-1.4461708998799807,2.21022599572646,1
1.9601281858152229,2.542860390008312,1
-0.6348671439647499,-0.3466649763082984,0
-0.032802860996481886,-0.498347016112759,1
2.1336332433567273,2.9901849707638894,1
1.223413639883671,-1.327145390860303,0
-0.2926981011919695,-0.14844778538918368,1
1.1998780151355475,-1.2652323410563677,0
-0.4354890370419733,-0.2541486443338249,0
-0.7317950237928179,0.7624577558511676,1
-1.0086854576282942,1.4473674126539984,1
-1.0484636118461115,1.3416123098210453,1
-1.1106641123806085,2.285692524413061,1
1.788941701293441,2.013174205522725,1
2.6621515569383294,-2.884982191375844,0
-1.065250526726113,0.8634120687792288,1
0.6215468383914531,0.01684528107926464,1
1.2883727391806898,-1.325246672694202,0
1.5869384921714698,-1.6059372702437111,0
0.34584398087635404,0.030221875808041587,1
-1.0448592545573114,-0.595692770500021,0
-0.0131518128506376,0.1168014229787433,0
1.1532917275348045,1.7747313417941302,0
-0.7623738758038779,0.345008098050934,1
0.02000761742178836,-0.11617133285907832,1
-1.3408606373296585,2.519554066150989,1
0.9491087742676181,1.1613124688711296,1
-0.48961280710996313,-0.8012170327268535,0
-0.29822974375970923,0.4803543682254958,0
0.4972332876316705,0.8172774163938183,0
-0.1346508836177026,-0.17140136874572032,0
-0.5635020957628232,-0.040949228657166215,1
-0.6689990222978328,0.011381221091304683,1
-1.0406732922882047,1.8895758281172284,1
-1.5112759708217918,2.2665534485194536,1
-1.185044029071888,0.8874028887007069,1
1.3512475707160843,1.6451159078661974,1
-1.0303491077591136,-0.5412537646383624,0
0.2396502576308246,0.19288352949947307,0
-0.9028392636446452,2.0198597972024803,1
0.7528420187792688,0.07800123082083787,1
-1.0152929972164262,1.596173222442879,1
-1.0443974807411822,1.4485805818827786,1
0.26436422726311004,-0.061911812077227624,0
0.8003607611981796,-0.70543262901941,0
-1.8241866092651209,-1.9810136074830673,0
-1.368893161955361,1.4191989845244892,1
0.9964213683246466,-0.9020101596695309,0
-0.5047200305068031,-1.0194585618128458,0
-2.1051228589407254,-2.06021954944782,0
0.5617294748305045,-0.636192988837451,0
-1.2883650831634479,-1.1998116140360824,0
0.9066424230279694,0.9100719255695258,1
0.6279511068260468,-0.636565182526004,0
-0.7673331328453401,0.4130458638551606,0
-0.5762828263053894,0.035056205690647935,1
2.2922619575193712,3.1639643937308604,1
0.016500182448096368,0.4202770535042146,0
-1.1959883661343742,1.9525277378236756,1
0.6185521176767983,-0.5004099095625606,0
0.8605102995949456,0.8199282991857096,1
0.45553161498779327,-0.42745655034460195,0
1.3617113916896033,0.8868475320994277,1
0.6299782834454393,0.9583035934972411,1
1.2786115155935556,1.6431053876481645,1
-1.2657780870732431,1.8032111904906831,1
0.5385405602432962,0.9124420907626192,1
0.4605665111767494,0.793080420832966,0
-0.48683123366653724,0.8479539793453745,1
-0.4672903466865944,-0.5223886415816252,0
-1.2012379895806666,-0.4708723721766138,0
-0.5872937100680327,-0.7273116239845767,1
1.907665186017847,-2.1180444400059777,0
-1.746862644456711,-1.9028830289146161,0
-1.56248687915662,3.057311621062322,1
0.9569041779420626,-1.0834524903267466,0
1.303028590362586,-1.4310249571087479,0
0.3497609985282819,0.6619818111081677,1
-0.3075046344040351,-0.7767655869018497,1
-1.51366391934211,-1.3815821414222182,0
1.1397792422455826,1.312559101454434,1
0.43152757608166714,-0.036349500741495344,1
0.3984946054182229,-0.30168987229673294,0
0.2197503233284278,-0.32140448075103345,0
0.6061825750685267,0.10125240265445568,1
-1.3256087645942802,-0.8648184331099034,0
1.6000298601541258,2.2065736276379053,1
1.2630037182914113,1.0691924601665685,1
0.8334229718728964,1.3027033646869002,1
1.5229283884747744,2.139250115563515,1
-0.5354757576547402,-0.2864216152779703,0
0.9464465582691642,0.541838142506105,1
1.4736411888029617,1.9036951674075733,1
0.0441377583965048,0.1112193215845767,0
1.4119745170922213,-1.434904904862683,0
0.8576166536664125,1.447046372215705,1
1.0904422921188828,-1.0223912529199966,0
0.8731648422512862,0.7547055801384058,1
-1.1475074805120618,-1.4357587141054746,0
1.202641210920515,1.0238413777891586,1
2.091520409109676,-2.357145382076357,0
0.9399759149312698,-0.9453355131779257,0
1.8025855632730559,-1.9163074962150457,0
-0.4281518425241645,0.39547726816312023,0
-0.9701191681575738,2.3407601044608355,1
-0.15118924601108197,-0.9430817479949405,1
-1.4107513714728506,-1.725370572218056,0
-1.60316999006828,-1.788372554083789,0
1.5523675297110713,-1.7048111549718628,0
0.4396895746006926,0.03908116480494006,1
-2.359991846815186,-2.2085750702155265,0
-0.6184234790888103,-0.27766629664443043,0
-1.76564598622226,3.000330153837355,1
-0.7812007896147848,0.11143607164962555,1
-0.7317030916398373,-1.295020950412832,0
-0.9981604605823373,-0.6916635661844105,0
-0.7417870864448997,0.33011014875109224,1
1.0046153323042333,1.1248029986357233,1
1.071774815293655,-1.1002692403843437,0
1.2393256029050257,1.3089775184294044,1
-1.6081526850039243,-1.739116936199237,0
-0.587680714732059,-0.18875853374175455,1
1.3386050397754659,-1.5739810699575605,0
1.356455735560276,1.541400303406951,1
1.8694449795949841,-2.058232438607733,0
2.0374966244288792,2.7874824795859636,1
0.3308497624039628,-0.11237969805290005,0
-1.1653682753910606,1.128602039430993,1
1.1942425160481067,1.844496938256019,1
1.5975912720473935,-1.5463473888563426,0
1.0358929685626879,1.5490967003552125,1
-0.76447173897531,-0.844508501848938,0
-1.112509696893825,0.8215852271169326,1
-0.8993857663115934,-1.051740784453322,0
0.026125949853793018,0.1174990483574403,0
-1.4912346779769894,-1.580968259959906,1
0.03744077734473694,0.18994940576145392,0
-0.9966715244731557,-0.02717282482536021,1
-0.011425463054168361,0.2014400687613922,0
-0.3006885719177691,-0.3379321295406744,0
-0.946764757355361,0.7400173595181395,1
-0.5069380880724201,-1.254813500997051,0
1.747219964112277,-1.8415886870905358,0
1.993442580529818,2.04729315736793,1
0.6670146416141537,0.23114941524102406,1
0.9043782392965207,1.2066752862465577,1
-0.995957923517822,1.8706859010970507,0
1.0646035049342153,0.3620581469324238,1
-0.6888651839615356,1.5641612964101104,1
-1.3040878780095604,2.2841471236983053,1
-2.081839660949115,-1.8187401030498846,0
1.0630731650615621,1.2282251217080096,1
0.6488806112708965,-0.5459091949016388,0
-1.4317714586136336,1.2747241191486534,1
1.136393907697795,1.0882410313877267,1
1.0570819085319456,-1.0978238284612538,0
2.191587185561893,-2.2787366197927437,0
-0.7082128490155806,1.4346959614224983,1
-1.570737293711899,1.1689246179042403,1
-0.9727638346662549,0.4894016595602715,1
1.7610887776656994,2.3272276326588335,1
-0.3019382363375456,-0.855293041680353,1
-1.188481529707404,-0.8865670315646778,0
0.3507357026313279,-0.22081357264865598,0
-1.7464135982315314,3.3796606190524483,1
1.2083925683377992,0.6584550423839521,1
1.0719011136939827,-0.9661494622757596,1
-0.8335933390407012,-0.7085024557312503,0
0.3188892088387786,-0.26346029129520887,0
1.5608866104184287,-1.543155040200178,0
-0.8646290521070488,0.691039261366412,1
-0.49301060263541674,-0.6530292320433382,0
-1.0598454489663478,0.08397110087366677,1
1.4250260210621999,1.5602233269918648,0
0.7865225116891728,-0.7681678709264828,0
1.9746688807023078,-2.1513656096986686,0
-1.9357726041161893,-2.470113292851901,0
-0.9089658960687478,0.24630179649802364,1
-0.3510258127764698,0.3812007653379046,0
1.398262832200714,1.5214596948919816,1
0.30572680837993516,-0.020225452126095278,0
-1.2516472536250312,2.144741090359873,1
-1.0312680469000466,1.177370161693444,1
0.8647893066896847,-0.7957710059386346,0
-1.101053509513444,0.5894890967610926,1
-1.0526596482612145,0.8072698309668569,1
-1.7114875992124285,-1.436194473116829,0
-2.8809334374027626,-2.9141500312386404,0
2.408950287290767,-2.644281555106623,0
-1.0294593330053847,-0.33845995489290437,1
-1.0600121024862177,-1.129961263793683,1
1.501481552532944,1.5520160447829014,1
-1.1516742426428843,-2.088437358837985,0
-0.8835604562530218,0.2696426012383174,1
0.9150762449928778,0.26336677855568735,1
-0.8677813271477791,0.04046512252106971,1
-2.2485327867834046,-2.12495460752429,0
1.01945908436693,0.7903522182380289,1
0.9090181618053645,-0.9565867984584465,0
-0.44718827445210885,-0.5107043627383276,0
1.2208025627207344,1.63428282932597,1
-1.7801309527564158,-2.1730868572679913,0
-2.702445690084165,-3.3470718049331833,0
-1.3802552526579672,1.4482949848684141,1
-1.1286848134260685,-0.5336550782465266,0
-1.752566598589969,3.5685902529161755,1
1.036130176884739,1.177840682810054,1
0.40273269656834254,-0.17655432611528066,1
1.3311716840432486,-1.4729473438390204,0
-2.804668609060836,-3.142581622346324,0
-1.0188917851602453,-0.9581483170573913,0
-1.6243051645606954,-2.0086863930225847,1
-2.3093165132237603,-3.2166016541449527,0
-0.8342372342073342,0.4399159890897114,1
1.1612990497706959,1.6709202904171718,1
1.6150364631433454,1.5158184877740815,1
0.9367070853770089,-0.9950931875309974,0
-1.398783279869774,2.186483841841695,1
-0.9015375643091725,-0.45220873505227055,0
1.5195103731924346,2.266097998078737,1
1.0292677853116556,1.4088064913682878,1
-0.9047045353841952,0.6037340070031082,1
0.23299959767721024,-0.1586625427278774,0
1.2648240686616734,1.2344575059079856,1
-0.8493411211569136,1.5377693638857355,1
0.07624169467390296,-0.08239166814052479,0
0.5463058559250807,-0.4175406857757249,0
1.7379057199353811,-1.8126576202210383,0
-0.6083038830141869,0.03666303595706821,1
1.0885517832896245,1.431546062792927,1
-1.043295953774828,1.4663917760023013,0
-1.1621941498723833,1.4979436767960146,0
0.15401655535640113,-0.01373896424309562,0
-1.3042536674922738,-1.2966803302119647,0
0.8550428114684662,-0.8848302817952277,0
-0.3582283037757027,-0.7953182964669663,1
-1.2745845546953611,-0.902866760920424,0
1.413558004704892,0.942867181542934,1
0.607241669280921,-0.5570772302275881,0
1.0952743202877089,1.2060605652039362,1
-0.8840686135798629,0.009539447926543931,1
-0.9338215125002276,1.065174247060828,1
1.6706055997288805,-1.7357900578667795,0
0.6053380754583901,-0.5765042467977104,0
1.0814305402115787,-1.015164029029773,0
-0.3927339954278355,-0.6345008991367846,1
-1.306588320853608,-1.7635360867398262,0
-2.7097373064019994,-3.2921887850887614,0
-0.5840500665211954,-0.8152694123651618,0
0.7416859494964954,0.42012628786620854,1
-2.4519330680388336,-2.7456326296735476,0
-0.620963590772156,-0.5391241575894519,0
1.4217455499402616,-1.4828379423902434,0
1.075043719003806,-1.0823649112329123,0
-1.2702691034107771,1.9282694868101964,1
-2.2494326903713073,-2.1897903871133835,0
0.3737528717822868,-0.303135031652669,0
-1.1647458857204576,1.5849166389986036,1
0.1993543084570526,0.048477446898222976,0
1.684574214808222,2.2291203454467157,1
2.49361021426531,-2.695279765348634,0
1.051942871163631,1.055601560119673,1
0.04269999236331201,0.2058511717039545,1
0.7709741227098518,-0.7185841558670294,0
1.1301334624306465,0.7576208840669587,1
-0.40414872155569714,-0.6806727893080993,0
1.3250190616569864,-1.4298066039723136,0
-2.1661059018821573,-2.574259473201451,0
-0.28364006580942036,-0.423110757923143,1
2.089383085936264,-2.2559768267148286,0
-1.4762084462627052,-1.5975120633550264,0
0.8300528711822318,-0.8202407315017206,0
-1.0403638097823829,0.7544687506958098,1
0.49858189349017756,-0.5376270827932829,0
1.859244801011424,2.100411755927169,1
0.6289181665525381,0.02317928890502896,1
-0.7906251509558269,0.8065223090527351,1
0.5806280070764955,0.2253561603188634,1
-0.7727050240977853,0.05050115065390137,1
1.1501915791201878,1.1701031250624327,1
0.5339302670823765,-0.320673672066655,0
1.6082454997449358,-1.701275246552665,0
-0.4574418323955328,-0.38468623385331635,0
-0.5212098257996829,0.23214709231646724,1
-1.2249201632011473,-1.188128566387307,0
-1.7124137231449572,-2.1163578302727704,0
-0.829039047174688,0.12381395846074839,1
-1.5963079319135294,-2.0282884767648404,0
-1.2152121452650562,-0.7392750777467956,1
-0.9870557188032105,0.21906715986479397,0
-0.939192593230135,0.3548374457126485,1
-0.995391722295388,1.10885196712181,1
-0.961158155938338,-1.1967776622880024,0
-0.5571451057397594,-0.6710009455380779,0
-1.3898226597448524,2.769247530181869,1
-0.7274097638106132,-0.9755197135927405,0
-0.7724978444132097,0.43940015720027237,1
1.7894695043921929,-1.928157510939236,0
0.7360693835973652,0.8923841435516063,1
-2.9833493128481816,-3.1611353894490644,0
1.902153657217117,1.9243655344338662,1
-1.1319068434144903,1.3236266606015072,1
1.0238159199298076,-1.04753584449354,0
1.2537979287670131,1.1919096775776368,1
-0.6225102140262024,-0.020195295612311037,1
-0.7430590447284042,0.28123167567757,1
0.7062874361925915,0.3320197401218461,1
-0.6154370103189455,-0.8045729770931767,0
1.0795822965559212,0.5417594334235338,1
1.2856064494973514,-1.1974241458426607,0
0.8513138420598384,0.04999568090909268,1
0.3138380856233025,-0.29590584787290575,0
-2.2511202790677474,-2.465788326136809,0
2.3225760764714374,-2.4062759985937463,0
-0.6219862919326753,-0.36435321184954206,0
-0.6457613645698641,-0.3411579272067591,1
-1.292677272346174,-1.7812964917730851,0
0.37292226083013624,-0.21744859975442643,0
-0.14976657262676818,-0.5220363630771538,0
-0.7774096390137012,0.5837199900716324,1
-1.531159446603412,-1.6248922313456007,0
1.2809588181479261,1.584239749206401,1
-0.37713229869884624,-1.4689630232898105,1
-1.2184901646431432,2.297620974315087,1
-0.7662105530109192,0.9010456188051872,1
1.636484111777122,2.086740401892336,1
-0.7903017777255991,-1.7373532549624915,0
1.2803327754180678,1.42247811937071,1
-0.8018179294892902,0.378240183689181,1
-0.7779173805045767,-0.4128264204881953,0
-0.6694174301297977,-0.7878860544961916,0
-1.6398179258261485,3.4768937708664236,1
1.245028668107176,-1.3098005096026681,0
0.9512969679106084,0.914077371733784,1
1.7798922653201803,-1.9511879473658618,0
0.11973579812993163,0.05626736232390761,0
-0.6411164630668162,-0.5829433719040631,1
-0.1462635364875161,-1.420146918345281,1
1.3596075847482025,0.9712207694620653,1
0.6035281210173842,0.358746487125591,1
1.7427624880608454,1.905922665038403,1
-1.3121874402634846,1.142797311964739,1
1.388010753492381,1.9741716126694762,1
-1.7012615368519106,-1.994550080677998,0
0.4403250336774195,-0.41196746453506183,0
1.6507544248803339,1.7559294314645013,1
-1.073734597476312,-0.7013093901108562,0
1.164593964305288,-1.3211321620752574,0
0.3457408885793666,-0.010584962807508314,1
-0.7259050367018636,0.6451718517403093,1
-1.4084684943883072,1.3268613002841252,1
-1.554733051505567,2.5821707372881795,1
-1.7072458440055334,2.2246724782878005,1
1.677960193256549,1.7449252206541566,1
0.9989874092618632,0.9540728806472467,1
1.7762071103127823,2.406774882521895,1
0.45707213268689917,-0.30192033947699315,0
0.583750830185197,0.21233277838814346,1
-0.6142102889826646,-0.3000198664915419,1
2.18389656381043,-2.358382966225288,0
1.7805078804179533,2.2610369338676692,1
-2.0589601772455577,-2.2912848734121742,0
-1.6950405616639503,-1.579984678829788,0
0.24338247643971567,0.08454481102146649,1
-0.9530219923997912,-0.7355829716164397,0
0.18995671497686129,0.038574157491551464,0
0.5696865736911721,-0.5599424629555103,0
-0.28558961040361963,-0.9791881283263792,0
-2.344391849234994,-3.007779796306122,0
-1.3346469122800404,-1.5416603864456588,0
-0.36736235614225576,-0.6509590367259714,0
0.7790111226100898,1.1464022302190195,1
0.08800883225558642,-0.7877216450406535,1
-1.6913534322170172,-2.0347029545971234,0
-0.18989154757336002,-0.12038502993980915,0
0.5769210526532407,-0.40340154125134997,0
0.6435327314420204,-0.5194649158495556,0
-0.563699193632134,-0.9645872164636211,0
-0.4187748590380851,-0.7781550216503648,1
-1.0757927634024078,0.06310719896023442,1
1.2073709243731263,-1.255346797753234,0
-3.0856684809410004,-3.2433829371633296,0
0.24473838844841878,0.003954950867007034,1
-0.8769429096322289,-1.1308633796199294,0
-0.6529945598717264,0.9916322310491101,0
-1.1351526304234298,1.625306685450823,1
0.2919466991239126,0.9905069886486293,0
0.042579601254164046,0.08972772362199422,0
1.253448127152575,-1.2966592536423613,0
1.2820021490658746,1.9930862637535836,1
0.4351234956382334,-0.3077793073279209,0
-0.32660002343269956,-0.10078677045760365,0
-1.2514619652417505,1.0638705670087507,1
2.0194943677237625,-2.1036855470726596,0
0.47093084629292814,-0.0021913242388755805,1
1.7225311889563248,-1.94305608299935,0
0.637224629799264,-0.5373885501286306,0
2.1342341896072705,-2.299005694235092,0
0.28512679890992043,-0.25577265279416606,0
1.3822650008168669,1.5550769751647424,1
-0.4069404498012278,-0.5849712168539193,0
-0.6753128520072709,-0.02130602169651996,1
0.5779072889151522,0.7857227949962794,1
2.1039143617592133,3.0397950404578378,1
-0.25355001873680205,-0.097286864283609,0
2.0428203167140824,2.6403076833373285,1
1.4226782110212597,1.921294470291741,1
2.205946170748641,-2.3833426302919216,0
0.8083101840679914,0.7167741662661502,1
-1.0722976664969992,-0.7166665839347162,0
-0.6744632731149238,-1.094327220163354,1
0.7744257552345857,0.5179699512630191,1
-2.08850611308971,-1.7449293726779629,0
-2.802613666348784,-3.300617817970481,0
1.0977589177585905,-1.128458767639633,0
1.8491216590886008,2.129326908514125,1
-2.3245928704408367,-2.60383089695772,0
-2.825001708446337,-3.5859936664631142,0
0.8849155380536582,-0.7487670435520807,0
-1.397190173348131,2.494775059408254,1
-2.459917900561649,-3.174912029495475,0
0.9405832646377411,-0.7767764369004384,0
2.25586507984045,-2.4050705834761654,0
-1.4487267342657855,1.125828588962234,1
1.0674184647443714,0.8655408534460918,1
-0.4159897805922712,-0.7277415752911613,1
1.499355089889286,1.6298656348466123,1
-0.4240971199694583,-0.7228117381883534,1
-1.363878331123702,1.189443766458371,1
1.4036909712300543,1.7230039433414113,1
-0.9265744017476468,0.6795042525919505,1
-1.1697872117484194,-0.1806108081982799,0
-1.911788770822487,-2.3607422784328604,0
-0.8703221148741974,1.1914118810129886,1
-1.172620381521098,1.3009640180822215,1
-0.8804889180787432,1.1235968451506164,1
-1.070689975675236,-0.4977570402472852,0
-1.8048567111899252,-1.986130405837818,0
0.057351373993023924,-0.31754009470719424,1
1.6602264734559031,-1.907611900906154,0
0.16437997227446832,-0.01714608401021378,0
-2.8085145687277104,-3.510080665673284,0
1.0240879388171171,-1.021743278713507,0
-1.1120104052458615,0.9130325112343902,1
1.3449796384674153,1.6549607573597862,1
1.0269461539915856,1.5111085753913467,1
-0.36556733097239136,-1.0182709378532768,0
-1.406390133518108,1.5682939231761632,1
-2.464081097451552,-3.1454313785534933,0
-1.9512549501010108,-2.144663225068731,0
0.38700100004449545,0.15779575512434785,0
0.8797004108397163,-0.8745490850418668,0
-0.7073749201130771,-0.010034702135386153,1
-1.2220841852528728,0.22248394112350578,1
1.100567024846985,1.1981290628250467,1
0.7139504472837166,-0.8026493893358144,0
1.3477871896015867,1.0889430159527422,1
-1.5957301236428179,-1.9074145531569553,0
-0.07517185154998252,-0.07497664516972813,0
0.8353005016221919,0.67318359090533,1
-0.9025475571200547,0.29781197240513857,1
-1.3352407591904696,1.9930086954282034,1
-1.2551276762041794,1.8035850906618014,1
0.8263275333350101,0.49353464586449625,1
-1.4532648199444824,2.402034107459005,1
0.61508383155586,0.22068619920075294,1
-2.534408322088371,-3.5521896420335586,0
2.2762157925467563,-2.4493279439697,0
1.3670550819496357,-1.4505217517864382,0
2.8682659161356003,-3.146527520980844,0
-1.0588737121402891,-0.7820236015668445,0
0.7021317218697862,-0.6979406816543391,0
-0.6698356863282641,-0.5402666346546113,0
-1.8478543329593025,2.1989107078185697,1
-0.955825221215829,0.962757166544743,1
-2.639931396488369,-3.062553631257471,0
0.7214063706414415,0.7129398560832849,1
1.3814251289127755,1.7491748892127468,1
-0.7461788431797836,-0.751069792726886,0
-1.2804305496574748,1.3279992932156275,1
0.6049965775684446,0.9561722696078505,1
0.6693204960999957,0.5399543744944959,0
1.4243781115608685,1.3841131711757377,1
0.44411460908334743,0.4153426627891599,0
0.5437266259949984,0.02180288052163648,1
0.44629537609969994,-0.5043366480925828,0
-1.7443870856627757,-1.8125859680812377,0
1.8196337054727285,-1.9092516435774538,0
-2.2620431184138834,-2.341118201294792,0
-0.729528293998472,0.2263963174035939,1
-0.9431182336297235,-0.7075219941452928,0
-1.0034867240265544,-0.023139595513328004,1
-1.4440782671630048,-2.0112076353686694,0
-1.9219474104891614,-2.103455872679379,0
0.6649477170303758,-0.5682241975826252,0
0.7290077983839882,-0.6324177739765935,0
-0.42608569939990204,0.18399793356872873,0
-0.8227153165329961,-0.6557842816049413,0
0.9562794882917305,-0.9409701026216545,0
0.3515676578780954,0.7706087793024513,1
1.7434531101379576,2.3512857824146294,1
1.589249444999587,1.5333102652022514,1
-0.8244847763543495,-0.10617972079120075,0
-1.2032391507599511,1.6811029977949774,1
1.791342266163003,1.980408923591458,1
0.5776943516195543,0.5178228451759845,1
0.13358208409192418,0.29663905101132815,0
1.1956069614304559,-1.235448607098808,0
0.13789909379638354,0.7726558725775932,0
0.9506886670991301,1.4462377369694788,1
0.4603312533309808,0.19991431424313622,1
1.3082062227679845,-1.4255059203481948,0
-1.1976921054049714,0.44313434129119145,1
-1.0964101588364932,1.254759324835444,1
1.6026661908168096,-1.6078652078278857,0
0.8527532527235044,-0.7723284888591202,0
-0.707968848602927,-1.1767237308888736,0
-1.6591844870800614,-1.116319378865327,0
-0.824046224084962,0.9645433767524754,1
-0.3621606282480112,-0.410559999437924,0
-0.5930952735584366,-0.5050432484739893,0
1.1643733344257923,1.2595717219583822,1
1.097028004622056,0.8782850024299884,1
-1.8237977480164518,-2.6392200217721005,0
-1.4387636032003503,-1.492517210823389,0
0.8388107151203749,-0.7578074947368227,0
-0.29126844036135835,-0.6524062692520487,0
1.9971436900672566,2.5867490095726455,1
-0.8756963316430626,0.09296338745878141,1
0.4639320184940424,-0.49193391988908686,0
-1.2740192035630875,2.244105797805667,1
-1.2152555340895685,-1.094142493797546,0
-2.4037233077807243,-2.769544398820762,0
-0.006256923034099193,0.17430546588504137,0
0.546972863308812,-0.5278358894434808,0
-1.5847643197175378,-1.9636053616579414,0
0.07919277451255113,-0.5003885230007795,0
0.4360450268388716,-0.41391901337740533,0
0.44334111413835586,-0.3117055180682511,1
0.8921598395286527,-0.7787754710446505,0
-1.1881784740730748,-1.1625146175691123,0
-1.0888978315951041,1.7880327971199412,1
1.5961926022924677,-1.582968423634772,0
-2.0717586806657273,-1.8800606045203578,0
-0.3105688833033805,0.42394021757784817,0
-0.05135559917316235,0.46077958334576996,0
0.47047564267706643,-0.46751165736889444,0
-0.6690538854230141,-0.09909503625879523,1
-1.1068974047935807,2.3302649733834686,1
1.5904460536673297,-1.6222793456320557,0
0.6854488477723593,-0.8134537247596205,0
1.0264819827660359,1.1652879263263602,1
-0.6083584510467854,-0.6499831080157434,1
-0.4365060414818155,0.1861103813321805,1
-1.4592059824967867,1.242687573828881,1
-0.6408308076012714,1.1796949089681885,1
0.8316702030586465,-0.9021475011809639,0
0.4663521708938818,0.30110664812980925,1
0.00418307131704676,-1.3801409265448195,1
-0.9329198539719572,-0.03540224823854754,0
-2.2765403971249536,-2.091744981009775,0
-2.154515550797769,-2.3207406495363507,0
1.0422791984002804,-1.0506729640125636,0
-1.7159005576067206,-1.6755716283031585,0
1.3555547296149326,1.9057030316172292,1
1.330653074533575,-1.3394399302450468,0
-0.29024494753797714,-0.2478407381080281,0
2.064918725928684,2.2890688553799112,1
1.0473932011776237,1.109082564785489,1
-1.5604715477362343,2.4225430923893576,1
-1.5048191492952512,-1.6521985405345796,0
1.4576397182687224,1.257181449908565,1
-1.8084797523999239,-1.9059974827581438,1
-0.20296922579978038,-1.9131007829985323,1
-1.1545578146433182,-0.5327127256027979,0
1.1000538126763544,1.0315761024037573,1
-0.9808863845597158,2.0596711345609027,1
-1.3092508613185132,0.6090293075000649,1
0.2137523874696241,-0.21115673306267224,0
0.47733269318685456,-0.32905410314385974,0
1.622157689873673,2.225399854777689,1
-1.1863270781922877,-1.474437138279669,0
0.4889207679209773,-0.3465597671272376,0
-1.9079215607278317,3.7421586764668566,1
1.9314215014188105,-2.1551041885593767,0
-0.1609246829800517,0.2459690016915499,0
-0.6384766021102389,-0.7012038280190642,1
-2.359130088351165,-2.5205277793993526,0
-1.1429546726028124,0.4431251465015724,1
0.8622327233410758,1.1129739115572903,1
1.7342124403354517,-1.909084860488974,0
-2.8674683573088773,-3.075653179686571,0
0.8361596410989566,0.9613371462782648,1
2.0526988142548586,-2.3694268373244487,0
-0.571926189199174,-0.34552299130469977,0
-1.0511895922738304,-1.226255011797358,0
1.289715901835107,-1.3228498655256467,0
1.0385278601435488,0.9361436175114685,1
-1.216775689239155,1.5572589909270012,1
1.0587305585332143,1.1109455097036585,1
-2.3402738842616224,-2.9305507524920387,0
1.5538157495857847,1.7588612384031639,1
-0.17602872892485,-1.6666813355371395,1
-1.277587668682395,-1.3458129341579146,0
0.39153621018552576,0.4169960345905498,1
0.25368746048960755,0.3731532044485756,1
0.7199349127171009,0.9243685564012679,1
-2.1758523765742512,-2.313059724221634,0
1.2680880440093603,1.4951936099834016,1
0.5804382041250375,0.16301026073862412,1
-0.7110483290304977,0.24892077924636646,1
-0.7805854862107708,0.01190368166869582,1
0.7157481105778256,-0.5869871670127145,1
-0.1658731833996102,-0.49890372223189194,0
1.3317625608878525,1.2424186339129952,1
-0.7683481412611156,0.044335068317713056,1
1.0971921457822589,1.3831599849956462,1
0.9704538499195481,0.9180218570876247,1
1.5132207220958742,-1.567920276580251,0
0.7393442723190262,-0.6550232723868676,0
1.3090525450731558,1.3296150909855688,1
-0.4479623822261378,-0.5374611507275764,0
-0.599847194268359,0.8137447834385307,0
-1.1129784927486723,-0.42205571277598697,0
-0.291087397405572,-0.6568130631077097,0
-1.089227733781422,0.48039972118672103,1
-0.4563562947364954,-0.03310616296064217,1
-1.472663084065756,-1.7103274244496292,0
-1.1350082867736564,1.208588998627979,1
-0.6847948692140342,-0.21797156700274067,1
0.7898159031329997,1.1154786675595791,1
-1.3256427355847864,1.8827576751021309,1
-1.079951957185269,-1.6225857776103685,0
-1.3053078532766722,1.9195162286208178,1
-1.67743440329799,-1.731349976941657,0
-1.9334472786569874,2.4413497597543614,1
-0.6500118096494423,-0.31079012026361563,1
-2.6428365511625858,-3.5227024695999476,0
0.41191701826606253,0.5529586075885587,1
0.9362136164822132,-0.9089387859315977,0
-0.7336213432359941,-0.3427326888083482,1
-1.0890628386783792,1.1783390531611562,1
1.0295539023661413,0.8246939897514152,0
0.8680965612398199,0.44117762463766785,1
1.854728993128083,-1.9955259205557865,0
1.5202929521968649,-1.5469946777962742,0
2.075746215739531,2.505165403970761,0
-1.3655439813936097,2.6006677432279997,1
1.1080971468225636,-1.0651692413082459,0
0.10237822408677122,0.05561938315849768,0
0.7554790708079498,-0.8080973646732965,0
0.7094420346287831,1.695421648987793,1
0.9517191729609754,-1.1178916239972723,0
1.354549619673836,-1.5112447326084544,0
1.3272500497860098,1.3611858805409096,1
-2.019100400269354,-1.913483385358658,0
-0.5444057084056204,-0.7784457089966614,1
0.8206229026829885,1.0180484722781216,1
1.0485169227160374,-1.0258821213027411,0
-1.2501706925463234,-0.9958805898646791,0
-1.2995315986951,1.3056832335902269,1
0.638515276160114,1.2566270014626553,1
-1.1708883184221746,1.3035832392658167,1
-0.5270535551594495,0.9104739450310052,1
-1.0239078121540224,1.3298405591710718,1
0.7661456737537099,-0.8017466400229825,0
1.2700105849911658,0.9701955226222633,1
-2.28880916294874,-2.905574452563813,0
0.9343311111601896,-0.7932854789159114,0
0.9986679490882034,-1.004402067433592,0
-0.7166257374304146,-0.19021359860554776,1
-2.1765687282204214,-2.374717667428232,0
-0.889771852119311,-0.9155001401626441,0
0.15887318771866155,0.21304063899028414,0
-0.09666226150295398,-0.6137898937323047,0
2.0116624793431654,-2.1868795372166376,0
-1.07517012022331,0.6737452449775483,1
2.076664350112226,-2.328788990123157,0
1.269918449378488,0.6346050937802854,1
0.2582079792676941,-0.26417009120227075,0
0.46778802078006976,-0.03131241251621608,1
-1.2105843021977436,1.4097743448817928,1
1.8019580005549365,-1.8498711283755649,0
-0.6406507653305387,0.905194926473945,0
0.3566451604374532,0.011269642780943556,1
1.6555270032512865,2.3675364699888117,1
-0.9039783854863036,-0.08392660766642512,1
0.29159067668664385,-0.15974118066998,0
1.0613355525366623,0.9520842048816651,1
-0.03675716499022097,-0.6547322970776577,1
-0.7002057597016642,-0.39499394215416117,0
-0.7227731220890568,-0.03874033398393273,1
0.043737014512923666,0.11137558247108448,0
-0.0678115667999224,-0.5489919788780753,0
2.0197694646838382,-2.117134389970598,0
-0.9321815085676943,0.8111448804501693,1
2.2528324653958895,-2.4266358327875706,0
0.7609372358608141,0.8357834055842608,1
0.9612215745332725,-1.0295832977838033,0
1.9049484183456553,-2.0715984533298917,0
-0.5671812136569829,-0.7178084485332596,0
1.375451861559094,1.9831441848556617,1
1.1709080341108247,-1.3011171870714082,0
-0.3620591725451596,-0.5668867442267479,0
-1.1024797559187332,-1.1721065091019112,0
1.9587127428940847,-2.0014864326173782,0
-1.4407158633460455,-1.155026437940443,0
-1.0071726848799596,-0.8300864181001872,0
1.090058181034931,1.2269585949976944,1
-1.1831740065947924,2.4798051618788564,1
-1.1051905314200863,1.236620940716293,1
-1.8098523357348504,-2.861465050073912,0
0.5881734248053678,0.3400091071147283,1
0.8725325438745963,-0.7945767746389281,0
-0.6620112142612793,-0.4722595789306008,1
-1.6631752377278104,-1.662953762728676,0
-1.0432236136406534,1.418821391216966,1
0.8447064215310202,-0.7417796718789168,0
0.2558590370321625,-0.17702057887474532,0
1.506143587259507,1.8095580632081092,1
1.0620958039220885,1.2655153617398938,1
0.5387743035796725,0.4721526143738709,1
0.28418304501085345,0.14092676640355417,1
-0.16847129185523402,0.28651475105014557,0
-1.176899738340599,1.4914814177839797,1
2.2154520804787197,-2.371163069420235,0
0.1965086186173759,-0.12461305075754037,0
0.035085249251681994,-0.07676444616392208,1
1.344013459788584,-1.3667872502572531,0
-1.1282961212031315,0.9306202790265468,1
-1.9330897098901048,-2.0006804573269923,0
-1.2586183715876567,-1.2158502298526745,0
1.0267464613468507,1.1314825177959464,1
-0.6221559072144287,0.1605232836147965,1
-1.0892915526430311,1.2129503805492192,1
1.2433719146142552,-1.2579180542103683,0
-0.4927128324104886,0.003376673025064947,1
-0.4330208229355087,-0.9895442565015038,1
-0.8815081563699159,0.4821263499273226,1
-1.5168946120843292,-1.221474968019564,0
-2.5681557972076563,-2.626460543884651,0
-1.5867901431574678,2.534682604497935,1
-0.7495811257968177,-0.484225390425676,0
-0.5283572241511807,0.8373895877300348,0
-0.4690915786840558,-0.37976720465736213,1
-0.90445997536678,0.6683119714848484,1
0.9478990932143447,1.0727469808950203,1
-1.0428464843682428,0.1758141833340946,1
-1.0505452458253937,0.7347536188231794,1
1.5196740349267999,2.2341835233161147,1
-0.6937762216180556,-0.10521392958056919,0
-0.22500482143465939,0.5407138554996158,0
-1.3058386346670159,2.379701135688938,1
0.18390286101183628,-0.024729290441266594,1
0.9497867788087215,-1.070546037723838,0
1.0809903339543638,-0.8832148145404728,0
0.21875374970689565,0.11727331450484746,0
-1.2688405584800182,1.1058699053213914,1
-0.7195791380766071,0.18417286616499562,1
0.41022528139187275,-0.25221878829239475,1
-2.1256835965008847,-2.3214495318890993,0
0.6871722170033269,-0.5846228124082158,0
-1.2090051686376988,-1.9646132052919054,0
1.6304975337009968,-1.740280521591926,0
-1.9313970652334786,-1.865391645355745,0
0.8515373050182079,-0.8529649446776308,0
1.1131770416952809,-1.1349299530968557,0
0.6349622217433231,-0.635012615734121,0
0.9910633265063346,0.2148198881377753,1
0.10822091754515872,0.043379426087820194,0
-0.8795501705734637,-1.0148317603559038,0
0.44692718529719455,-0.3143121543639088,0
0.6343041239775751,0.2390910877186222,1
1.7395990287510785,-1.635818251053586,0
0.23660553656269112,-0.13054751958788713,0
-0.45781931509240736,-0.3868457146633344,1
-0.7792796891053351,0.5123652465551018,1
1.383841541764762,-1.5233432084865355,0
1.5110804568403187,1.5842019834800296,1
-1.814038098969329,-2.043277972334579,0
-0.4974928628291392,-1.0506326567305528,1
1.6733252462071784,-1.8406338869685288,0
-0.0812592671405723,-0.17734280448014905,1
1.1541993367506398,0.9005836048466034,1
-1.1363839284173347,-0.5869098976731214,0
1.8565814574330006,-1.9980795897090247,0
-1.1977269451295602,2.8978859393318865,1
-0.6247614049515063,1.2258168903193238,1
0.18932928770692037,0.5465805484895279,0
-0.8180841090212222,-0.7800812730688579,0
-1.3489355303413917,0.6141519028884559,1
-2.3498809185011673,-2.4695165625475095,0
1.2566206516101155,-1.2907999385556255,0
0.4132418100415627,-0.3969898575700195,0
-1.7192340812494136,-1.4586861732047942,1
1.4969836742862321,1.4420784336423476,1
-0.8213928717618618,-0.3424196189350972,0
-1.1384709370273147,1.593715640159849,1
0.7550767194205636,0.5258902226891448,1
-0.4964051006415324,-0.0368168091724449,0
1.0617177430048554,-1.074888035880112,0
1.347947086498979,-1.4405768022951824,0
0.580456916234789,-0.4825694478445647,0
-0.7411168696335773,-0.039784819378554825,1
0.7586868748660365,0.4728222342712448,1
2.2784982973806347,-2.5961368324366623,0
-2.422756555620544,-2.202122959064506,0
0.4334016802303725,0.5525360107687973,1
-0.35609883910648943,-0.14617567603658355,1
0.29127403039415256,-0.28486532964198263,0
0.7825590441372895,1.0258775654889023,1
1.9097733531922207,1.9323507724850273,1
-1.9917551800081263,-2.3154696973559856,0
0.2818270905428163,-0.14635360083693083,0
-0.8730163693024198,1.6714224065655952,1
0.7189454074709566,0.6100109769645671,1
-0.24853921712949723,-0.6624178915828043,0
-0.9567190150505448,-1.3627282065622814,0
-2.705648926687545,-2.6736806787214142,0
-0.8595580950821464,1.5511902379690508,1
-1.0750351622358532,1.822122393060642,1
-0.8565935098042223,0.5148562904344647,1
2.5827404684401416,-2.762381510735117,0
0.7853282092458995,0.47244858355979324,1
0.6571399109401357,-0.545881343230853,0
-0.03018040191383431,0.7705718968157098,0
1.6847330328272094,-1.778082668133113,0
1.123276464405274,1.0918855817153195,1
1.5694266846215066,1.5683266011563717,1
1.125052395756967,-0.9593439430339087,0
-1.794720832229464,-2.2473523456075566,0
1.0656039432690274,0.7970495829730595,1
-1.5372642939863712,-1.3655524121690321,0
1.2786400392978345,1.7401518454525584,1
-1.2969536722704693,1.5411014542466268,1
-1.1526567390242262,1.8699432126311955,1
0.8791748197593532,0.6211151492899377,1
1.0790052340435692,-1.1476273354250703,0
-1.2517709511717108,-0.9369133464381459,0
-1.3352901525775749,-0.7437038259715094,0
-1.1000982057144857,-0.6858600897108615,0
-1.1583355028241082,1.761390428216385,1
0.1148896265772027,0.4057203362809956,1
1.267320491511577,1.2871255704699214,1
-0.22836875597191741,-1.3225613562433123,0
-1.245844653531667,0.9388040847210879,1
-1.684212703428848,2.3267939141301124,1
-1.1592209544110719,1.3840799588057406,1
-0.5230524769092881,0.42743885607218923,1
-1.3990829084217076,-1.2285448067910605,0
-1.0562674022648277,1.5502389427587806,1
-0.8503384394777467,0.9155033931525912,1
-0.7060873062406317,0.8611000389963461,1
2.4291987708151366,-2.6288371618042072,0
-1.6076199939009226,-1.627413055171584,0
1.2796797052638784,0.8382518879272642,1
0.9473434742648397,-0.9579946263930537,0
-1.5442791085698595,-1.675336778532027,0
1.6148015914464542,2.5372505607296523,1
1.3711957259915304,1.8828513453321123,1
-0.35784305530162797,0.09333334934731585,0
0.8082205221563549,-0.6958103481989393,0
-1.9746851430407761,-2.556405507527847,0
-1.6277069933388963,-2.4602493211688237,0
-1.1587778295548716,1.361031488626051,1
0.32999449821347715,-0.09443480187137054,1
-1.6913945514429654,2.6908969897034583,1
-1.0175483369105853,0.7785583313129414,1
0.5169295660597433,-0.408644472099456,0
0.19721419212353908,0.9200328028229665,0
-2.9182628875318994,-3.1918331650940295,0
1.1400917770175507,-1.1209006471652176,0
-0.2908648059891874,0.5493075086664965,0
0.7917367790072012,0.5808765002405218,1
-2.2048086286700386,-2.5468344126323155,0
-0.8811161923851885,0.9413114088705621,1
1.0012338930528797,1.7170676951287076,0
-1.4069416558903285,1.6680276012088258,0
-0.04831664471922548,0.17142165476915583,0
-1.3002221336305062,1.7280755080082821,1
1.4978353774646131,-1.5533140535747776,0
-1.188723444355403,1.5391850761891241,1
1.3807455362233427,-1.571065743518871,0
1.1852462891985902,-1.1084100552528322,0
0.488054703833139,0.4297329439007722,1
2.0618070283021357,-2.1408149754261205,0
-0.8038257945270262,0.24398257827624437,1
0.021144433590886802,-0.17862343948903892,1
-0.7239963611593005,0.8653314625074815,1
0.19461051090239567,-0.15878069248640314,0
1.3561937416806513,-1.37102816862796,0
1.396733247814043,2.0265459385519558,1
0.720925712663621,-0.5872513403702049,0
-2.4125164396938414,-2.0856541141306297,0
-1.4713266136131193,2.429931341766982,1
-0.46297856349105737,-0.6271589632030865,0
-1.5862346383608297,1.460496960067557,1
1.298197848270223,-1.4852820878593425,0
2.20077094190643,-2.334893803963567,0
1.601793765628254,2.0329036300599412,1
1.1521624445192724,-1.1097516237333618,0
-1.3725055333981118,-1.1480756525916487,0
-0.559396378580612,-0.426514241445612,0
1.4906079193713795,0.9451291525550403,1
-1.59621828611529,3.1033273804255384,1
-1.153500237210706,1.785717285653086,1
2.01006836897108,2.363080606686882,1
-0.9750918458197251,0.6138591602843382,1
0.7286474870619366,-0.7456508433901734,0
0.6890536204300872,0.0695000123009083,1
0.43305663310931075,0.06622473487180769,1
-1.0519442554979928,1.5597447910606574,1
-1.6660271297559417,-1.256688287963304,0
-0.8789113092703282,1.3978265087453847,1
1.4651185101573354,1.6149783469534107,1
-1.2056322977857847,1.56585513737236,1
-0.6197606932260988,0.04974097567068503,1
-0.3275956250152994,-0.2503558629281404,0
1.2841328652138007,1.438743294605823,1
-0.2478950954454635,0.3725169642545201,0
0.038061791449294446,0.5498362259476899,0
1.1700947729820261,1.5081709972633406,1
0.43483932884920795,0.14754192514614806,1
0.11904980825736855,0.6882382678765764,0
1.3533212223917483,-1.4516236416250647,0
1.6077416197220193,-1.6424835255834793,0
1.7161058848841804,1.8326033970238416,1
-1.0539307676602632,1.447807389104658,1
-1.0910686026080225,1.2139524106770843,1
-1.1671726431961527,2.084668770415287,1
-0.9031201788870193,-1.2223782683550812,0
0.6259815348970471,0.6520424497931774,1
1.510596057780818,-1.7010056332569674,0
0.7274967697081993,-0.6120658411112891,0
0.29564175610482435,0.8548128854107147,0
1.0123979543237538,0.7282742670328637,1
0.513920427095891,-0.5345166529953259,0
-0.756426321041049,-1.187668274423558,0
1.5872313113883552,-1.6726312159028498,0
1.0808759680130924,-1.2816223018575945,0
-1.0203569135162183,0.7785587847725717,1
1.4525438973689475,-1.5719245925655567,0
-0.8670033177373642,0.9573873798454431,1
-1.772637843869198,-2.200598370698671,0
-0.5803901998933663,-1.070066604083923,1
0.24221092729804683,0.42764983454211647,0
-1.424202656771262,2.5510290913056033,1
0.5853861655540892,0.17678213670493947,1
1.3505072780298377,1.2983401333409748,1
-0.8700972341279972,0.5833931549160185,1
-0.04215020535180514,0.5992522174128347,0
1.4006742263568435,1.9338842423716018,0
-1.7777525476242628,-2.180881365456936,0
1.1592549666832137,-1.0683263618850143,0
1.0098130025567331,0.8645305981183089,1
1.1488864335438225,0.8942870733594531,1
1.3494584788533481,-1.3526695942759537,0
-1.0659004024499845,-0.9863651936190901,0
-2.4400592702105914,-2.4780224499892345,0
1.1254322800956218,0.9100718479452526,1
1.8535168558526465,-1.9529396535386794,0
-0.7924974678055718,1.0544570956902626,1
-1.1552303110647708,2.575336234739972,1
-0.1621011578358721,0.13327209047875332,1
-1.0306840968137367,1.0258874682900327,1
1.8810897302945642,-1.8402464459403003,0
-0.2503570722227073,-0.6476035642069267,1
-1.1235923011220863,1.281645768736082,1
-0.6697046220481216,-0.4689014366128468,0
-0.9278094186505355,1.4298352780745238,1
0.8547303539392181,1.083726891905008,0
-0.009854099056779697,-0.7192103092929465,1
-1.3375078669410096,-1.553744390009359,0
0.702526523319692,0.30914595912049603,1
-1.326283581516029,-0.9835345787762111,0
0.5086260123887298,-0.5407113440706817,0
-2.0200579680701978,-1.9984226045397775,0
1.3470026346779505,-1.373217912258106,0
-1.652909812257683,-1.2227527535538054,0
-2.4352034827074056,-2.4157376793057392,0
-1.6528516277462588,2.507089425865983,1
-0.9353631158411245,0.7746611406415436,1
0.22787200853442968,0.8952523497112022,0
1.0995210591419702,1.1114614502967524,1
1.1651804942123234,1.1194149560693285,1
1.3594275018181767,1.609186175395172,1
-0.9140275198622516,0.9836075048655448,1
1.006225173942933,-0.9555236274073919,0
-0.6982283232359348,-0.20959268787333984,1
0.6575379541693878,0.6290765771235423,1
-1.3014345583752478,-1.9651347053018926,0
-1.818494809773739,-1.279163311761092,0
1.339139564492656,1.2222248694620785,1
0.016664331707545443,-0.4547284887875065,0
-2.7550583115165193,-2.8511737333218927,0
1.455679719213106,1.6704316323380275,1
0.7406440547168751,1.4509827910845932,1
1.10504551881812,1.1298312200007763,1
-0.319352949596604,0.3248435989340497,1
1.6000422819755542,1.6701220508443826,1
1.4728716853993475,-1.4821377547288996,0
0.051511125530881774,-0.4895469186510768,1
0.0712721481081997,-0.019912101350793687,0
-0.4012011612786871,0.023346119668731458,0
-1.0572038581524048,1.804586466065007,1
-0.9662740898567234,1.0488451652430437,1
-0.9976593693525166,-0.7337243076816407,0
-0.46312682437182473,0.21491742547706671,1
-0.48864643328351953,-0.16078244632539151,1
1.6168253662425416,1.5995571644794753,1
0.8421471003798447,1.4773998607391285,1
0.2712825005936579,0.24255832323430493,0
0.032361764035164886,-0.025722602099319647,0
1.4283177015447515,1.7546027595752562,1
-2.1885937017536166,-2.2029134914437503,0
1.0485256694686669,0.555520821608269,1
1.3542648713675707,-1.4128302485764075,0
1.019427701289604,1.2936537325562458,1
1.1885979925187211,-1.3535682117499246,0
1.8448752944628835,-1.946910037662028,0
1.2837325793042602,1.4150011665059512,1
-1.2945499597406456,2.6799162298597667,1
1.3059140668560891,0.9147113552818948,0
-1.4643652666775704,2.2085155998662516,1
-0.9339787262443142,0.4879674763438957,1
-0.8495477357734761,1.05990988871991,1
0.4247811982142128,-0.32691952700004534,0
1.1304907638161497,-1.2705954268473112,0
0.3884177817034111,-0.2908389699924572,0
0.67085558745132,0.39020851516275834,1
1.0611887385143397,-1.023810798158049,0
-1.2336424156478818,-1.118282476115502,0
0.7923794926703854,1.1593593967198097,1
-1.0869297290457942,-0.1534665306941514,1
0.1985181456009495,-0.13157187138866866,0
1.27102238527436,-1.2792239194952093,0
0.4720731053395937,0.2235768021791391,1
1.063908397712511,1.2317341180597907,1
-0.11205004332325341,0.36734489562759465,0
0.16351754360464021,0.05731422593096647,0
0.5742790270028442,0.6599457829341215,1
-0.7203659550497343,0.4411322583852013,1
1.0872164842770466,1.531861684179174,1
-1.292880787291227,-0.8867619559155782,0
-1.450914418145904,-0.7541562635358272,0
1.3550021779097658,-1.4268046679606763,0
0.18273499738143362,0.7333550347226485,0
-0.343488191464554,0.3974943375260087,0
0.9058524355617632,1.4384227896242883,0
-0.5834590261542635,0.12645919535399797,0
-1.1305388933213176,-1.501291340657537,0
1.1032119419535165,1.1729133668799256,1
1.6335963445989354,1.7291392668875412,1
0.8422231909164793,1.220465234608275,1
0.9408804745240471,1.5816859757992239,1
1.5880800747603272,-1.5752508205995603,0
-1.2931529314791477,1.8528614272694595,1
0.49636217108333947,0.20725425223636718,1
-0.5145320873508737,-0.5617089109392888,1
1.2892929008464493,-1.3773674040202324,0
0.4908778606669191,-0.3520216495346199,0
-0.9207022371838325,1.5176308396104263,1
-0.8169798251331416,-0.48034852450809407,1
-2.0670602712778274,-2.3280854428540527,0
-1.1359698208699827,1.173406252858017,1
0.8719875243694701,-0.7640133909338864,0
-1.0447350184141486,1.5688812654180033,1
-0.7670440929839317,-0.867757575676571,0
-1.109300135261825,-1.278403133217051,0
-0.8446941447350927,-1.5787106793223569,0
-0.8468032619544167,-0.005409348804690017,1
-1.9538653742235543,-2.0546146331352064,0
0.710135438202756,-0.7518909709836021,0
1.0191012631084249,0.7182955152313314,1
-0.8023054112262198,-0.935193759127924,0
-0.7004116516798173,0.8009249482619489,1
-2.2218171348085867,-2.9042667810910467,0
1.8886880824981365,-1.9298098730975948,0
1.3928219614014217,1.7769524482061363,1
0.06322949162240044,0.2356950985132411,0
-1.1521447202700474,1.5230015251241358,1
0.5492817663960292,-0.6338295321233429,0
1.369746248465073,-1.450158542243671,0
-1.0228166925814257,1.3531340260212037,1
-1.1735499494077937,-1.3640508025400395,0
1.2534973691542026,-1.1444573909067493,0
1.113236123545593,-1.1807941381342248,0
0.5202442090917445,-0.3472422615545243,0
0.8715097557551097,-0.8403356013952881,0
-1.1413524293262052,1.4032503767149875,1
-1.7612219887762337,-2.005396910051585,0
1.105580042627626,-1.136895973057005,0
-0.6840986085853438,-0.1800158586920847,0
-1.5723830898055393,3.1517280940262427,1
-0.7487809006814913,0.5569802345910966,1
0.7459409218007979,1.0174810607672884,1
0.8050700992138152,0.9712502167555651,1
-0.8552319130279586,0.9870398419354454,1
0.7685431305086485,1.014496196036279,1
-1.2989483143996385,1.3146620986332538,1
-1.4845990590012201,2.0401351851482623,1
-2.0395777326228437,-2.5247968387544923,0
0.7031153396974461,-0.6294882607542087,0
-0.9706717117323166,0.7322536279006503,1
-1.4312213462466956,1.9813551246175907,1
1.3277312932701928,-1.4995218252590838,0
2.123006991624838,-2.2970468955960968,0
1.3633428221080424,-1.393181345045382,0
-1.0844930357096565,-1.7528417818347455,0
-1.038949727405975,1.2914755613929523,1
1.1842784196718705,-1.1990991160957198,0
0.8845607485818822,-0.8444410827110285,0
-0.8039328969458703,-0.9016476756339539,0
0.2949647638749192,0.4268873384542582,1
0.9595231193771141,-1.0111224716919396,0
-0.04930673731940738,0.1913719994649017,0
0.4515146570827777,-0.0053975238723387164,1
0.7578871537735341,-0.8012648648875152,0
1.1331784786636814,-1.1886239042336182,0
-1.2818377319091627,-0.9588934463022327,0
1.4825778743009463,2.0095968395917776,0
-0.5408029075409826,-0.1372841920615966,0
0.4991569243493831,-0.41207432807085653,0
1.0059656705090503,0.8677619130684333,1
0.40184790249919633,-0.30142281736083065,0
0.6579682076286337,-0.6695003302320162,0
-1.1295423550166985,-0.9098330978245496,0
-0.061981336727442105,0.34417950093345184,0
2.0518715522183655,-2.2485677449658796,0
-0.755944531381564,0.6923527038686281,1
-0.6043118198993687,-0.24500261076828522,1
-1.1410090047291535,-0.6414769623101804,0
1.9811456061148618,-2.065186366641604,1
-1.5645371747660213,-1.2419652862889015,0
0.2673468105895298,0.8128804190830303,0
0.571851610253076,0.6655154673175063,1
0.6241309373653363,0.7565865539699363,1
1.2807184393050042,-1.4201932026783466,0
0.9598973889583294,1.1218513370059018,1
0.7955585647850404,0.697556648603306,1
-2.411768922683023,-2.840958570717009,0
1.4421213224169818,2.1335205612702506,1
-1.6463499839085176,-1.5512928027135469,0
1.4449218552659682,-1.4836386918112832,0
1.738823032895158,-1.9742443809111638,0
-0.29031607460668674,-1.4167337637826818,1
0.25598493978478576,-0.13952578828651596,1
-2.1968451818054637,-2.0179700467379043,0
-0.8427942302405707,0.3218444111255634,1
1.1710311815960386,-1.2202394100463492,0
1.7638854969192557,2.248596766782857,1
-0.8094244007683955,1.0082915681314895,1
1.523777027985334,1.5925595343685996,1
0.532880216184183,0.6114420179556346,1
1.151162288518558,-1.0764873198185505,0
0.17768068468161857,-0.116287484847578,0
0.5624947823756187,0.5396671960593904,1
1.2743826085424381,1.0153495857311403,1
0.7394336933750087,-0.7304729787928743,0
0.2642207955250113,0.3616612950296032,0
1.804590216817636,2.064693709860939,1
0.738865856353042,0.23627162012430747,1
1.1817027651816059,1.060021135527842,1
1.193896265543155,1.17304219294545,1
-0.8182306294737738,-0.6120624816511583,0
0.6170327649786207,0.7078559127231967,1
-0.38398280268940355,-0.4257728428132558,0
2.269710588558138,-2.4954626698998874,0
-1.055927072357761,1.4753274894858195,1
-1.2803988030367601,1.545847016127066,1
0.9054929452358245,0.7565089018530926,1
1.1014255091907836,-1.1978358894965377,0
0.7234034567453835,0.876501935934216,1
-0.2805788102034612,0.39582067999042203,0
1.8752202850906883,2.5387635490427414,1
-1.0114196853150585,-0.22791674048280597,1
-1.4006350460549912,1.6200438992275612,1
2.1782342314148115,-2.258172540221395,0
1.6454332282930895,2.167221240770884,1
-0.29006757699588936,-0.36254008551917816,0
0.9981756492824402,0.8799088762529436,1
-0.9308473713632134,0.8971325048767848,1
-0.42857278366953444,-1.1169715641394076,1
-1.5111028252874295,-2.5308122177894647,0
-0.1813468929710308,0.09526410448731548,0
1.469414491581238,-1.4515216576138767,0
-0.4625536410710809,-0.5490719521949804,0
-1.6254636036415124,-2.5809229791230948,0
-0.9353576240063018,1.0383784042251776,1
0.1417425831929977,0.33598816071722304,0
-0.47257578556365953,0.6236625073059149,1
1.4740584314041458,-1.5663565208593822,0
-1.1364091842504445,1.504381176974474,1
-1.2533890437123603,1.3019746559943834,1
0.48630829684569343,0.6171819488019525,1
0.9449829010874127,1.0058584294985795,1
-1.048837397686856,0.897399972426323,1
0.945571269759314,0.9276532910743949,1
-1.0190370580465153,-1.664694877531936,0
1.088180888391699,1.2753278198810825,1
0.9580759163099053,0.9048551507686868,1
1.1325394762897214,1.6298742271071245,1
1.4188269511129603,0.9077867011093775,1
1.3400511341028245,0.9624158322805021,1
-0.40296064848305,-0.9931612123770972,0
0.8193648705560647,-0.8960174661246928,0
1.3730820325169595,1.6372072967253932,1
-1.330491139479868,1.186982992640866,1
1.93236236811557,-2.1179105191543997,0
-0.04921081079817302,0.35504664225147975,0
0.72507512423186,-0.6894126728960064,0
1.1723066141978922,1.6624498978221252,1
1.3172603209101896,1.356997787476488,1
1.7525399887186208,1.5445052888770603,1
-1.624118313919327,-1.8258288355405772,0
-1.3771259493963206,-1.634070100261587,0
0.5541735079824128,-0.4419370938042787,0
0.0132473335374792,-0.024118679471801685,0
-1.0816604399061636,0.8504304347421736,1
0.9848810311051429,-1.1324599230695165,0
0.7969728366324229,0.6841681001197242,1
1.6513314228304452,2.2543661667231563,1
0.8504721818297274,-0.7750318276487983,0
-0.7999053992945472,-0.7205704597171145,0
0.22302023541454374,-0.630431853765629,1
-0.7296375195545257,0.07969445473701464,1
0.5208965985051076,-0.52245262467648,0
0.43621762813052034,0.26959307896716045,1
1.0766280236573889,-1.135630469624718,0
-2.382692262774208,-2.7957213750437377,0
1.6370742427209097,-1.6855855156549708,0
0.3100843839674027,-0.3699632877281577,0
-0.9044387790675706,-1.0433929123882315,0
-2.597659113488412,-2.7222176924060726,0
0.6342048549737933,0.3649885818418742,1
0.7466122155172719,0.6419740153457616,1
1.5959731272448476,-1.5506788128584652,0
1.644874961614991,-1.4899753474307933,0
1.2378230312754583,-1.2689705874138661,0
-3.17080006649339,-3.3449537883475915,0
1.459128472911497,-1.5349424542603516,0
0.4199166071886449,0.8490470239672385,0
-1.1698188792560769,1.3427805690852868,1
-1.203312997003539,2.3020505728181,1
1.5093864043365817,1.1971356097606571,1
-0.8803482299163604,0.8759946876308888,1
-0.9741703316653978,0.9079305842159153,0
-0.4436799754774602,-1.6252976894846172,1
1.1195030153710084,-1.2003290077843907,1
-1.37478823127863,-2.1039614088107372,0
-2.5078932286687907,-2.4162443136080665,0
0.5020771445433593,-0.07548274731866522,1
-1.2566864924152525,1.4023579827868298,1
1.64255815491925,1.342023236782552,1
0.045545240990815916,-0.3787959476124383,1
1.5205633486942984,-1.53524444708654,0
-1.357700239067013,0.5980288338952635,1
1.7701118852960085,1.4847360615894418,1
0.2630355418038506,-0.3028259894799519,0
1.2014295213521764,0.8019065013463588,1
1.0807193139733906,-1.0981750342582537,0
0.6863810720932035,0.7978032900434946,1
-0.35444146178055713,0.6317111970056191,0
0.8529401133789868,1.0228910912787004,1
1.346695934466839,1.775074201057142,1
-1.2395202408875412,0.8328687419308937,1
-1.8436963458670466,-2.045915590118051,0
1.2065808082551068,1.5739108235936667,1
-0.8580073925433875,0.16679986150992032,1
-2.3472658733119456,-2.0008765211056323,0
0.08997868755056437,0.09034054776178468,0
0.6451954430786848,0.31973428757273326,1
-0.12994742347004928,0.3383691150445258,0
-1.4897993260234519,2.3828168218360686,0
-0.9003812405233942,-0.6577889334503986,0
1.3910129985837774,2.0360443805948734,1
-0.9070400274320302,-0.4508463553414457,0
-0.40031514468245044,-1.1731775933806965,0
-0.8333129317875837,1.376280123634153,1
0.009457852171832593,0.20191605975711924,1
0.401643963159641,-0.3770075830080979,0
2.8910477111313737,-3.16614403073997,0
0.739527733892686,0.7737544019756305,1
0.6546480634409511,-0.5299219205233336,0
0.9482399443195623,-0.8418503570314776,0
1.1862993609499968,-1.1540520484165804,0
1.2500459656685576,-1.3599856085609148,0
-1.401246879531467,-1.6787783416054487,0
-1.285571489533334,1.1594074661041804,1
-3.2348997449672394,-2.9971485844177215,0
0.9360544681909146,-0.8916069407588303,0
-0.7798091304268787,1.2338958142630063,1
-1.2751293097240604,-2.046859000454287,0
-0.3182750303739532,0.4783383504579186,0
-0.04350315235930824,0.2407152671518462,0
-0.8422659944456119,-0.839821074773083,0
1.3488329875310985,-1.4384472383373088,0
1.0223964277787345,-1.109159107754979,0
0.6617815496074078,0.5169748821496553,1
1.4830675126275366,-1.4596817073763777,0
-1.2547226856876001,1.6839443740118618,1
-0.5876194699606591,-0.7996721748528595,1
-1.8749254013621428,3.2332901558346334,1
2.3185218872108515,2.5175651661048692,1
1.0254862029933267,0.8227176801448576,1
-0.7747552566689272,1.1980851472125087,1
0.5802593559870806,-0.4892582057202195,0
-0.6975537936386387,0.37306868724286624,1
-1.2038776511779081,1.3899532450836503,1
0.6283719157516698,-0.62546503111478,0
2.6722417813908113,-2.9736597537253973,0
-2.0727784457945457,-2.8658441337993406,0
-0.33854206716843815,0.1240034201554372,0
1.568812435235013,-1.6255626043908602,0
0.5912793887731667,-0.504790766596213,0
-1.1737030492852325,-0.6082386175455595,0
-1.180789052893243,2.040855264753107,1
0.18913028076915828,-0.16638034337019192,0
-1.3351111423445037,0.9602297265663499,1
0.5555399341777028,-0.5877771985162182,0
-2.2646231663910177,-2.8814564310456294,0
-1.509576567004346,-1.1557968453719107,0
-1.0940076793358429,1.0504698315278587,1
-0.25415050537197525,-0.3931143396543111,1
-0.9171666247642912,-0.9823050013799635,0
0.49985484232421895,-0.4482448990526837,0
-0.3225568689972078,-0.41827148035355255,1
-1.8682764120066981,-2.10230293244594,0
1.1947240961789583,1.3768122408799184,1
-0.227226802049876,-0.26220122760550946,0
-1.2884637485750914,1.9048125925246608,1
-0.9972617955839113,0.610069925738452,1
-0.5009064448994951,-0.6134552710047898,0
-0.8536560183312571,0.20293168677934548,1
0.5265186272287796,1.1615286194768042,0
-0.14545870019490614,0.373421485451227,1
-2.609766222056715,-2.8980298644929263,0
-0.7632609070915977,0.01738679322768577,1
0.8424804143230417,-0.9094147324272193,0
0.582418328216699,0.14332825095188728,1
2.1445418939106693,2.92592957722636,1
-1.0400026686573447,0.8234155777124952,1
0.5516261081234568,-0.5122506470500521,0
-3.45492549183472,-3.791613986138975,0
0.5659376445877236,0.8614455427754474,1
-1.4688569287963176,-1.8413616101166057,0
0.4264419642822659,-0.39530523943437645,0
1.1543979978596193,1.9677266200053989,1
-2.162018161155075,-1.9959464848375341,0
-1.6381874299400485,2.2809247955380485,1
-0.6660714860277516,-0.43589638500852146,0
-0.9147547664224099,-0.5449280812061628,0
-0.5280548467603936,-0.6732649475957817,1
-1.3626580999788587,1.9136190732707268,1
1.20831327084672,-1.3196462271020293,0
1.3077250361460773,1.213480954242844,1
-1.3261406796394681,-1.4404493059558503,0
-0.1658700473656256,-0.8365054313378724,1
1.6507675788016218,1.446622480696265,1
-1.4353883751467422,2.0491337354275325,1
-2.7461924233627895,-3.4163712165425797,0
-1.0538984599276602,-0.9827603919300822,0
-2.3680329052204527,-2.5888354189473635,0
0.31212076911885034,0.057421120079964805,0
2.3464940767540825,-2.6344087355176273,0
0.7179870817215289,-0.6894205658216288,0
0.773118619548033,0.790749135974292,1
-1.1813962745356936,1.5485283591726142,1
-1.4445297176509762,1.9532508635852306,1
1.816261882634326,2.2893875501577168,1
-0.9246472339414805,1.5796444477907188,1
1.1535116678112571,0.9371473169744835,1
0.5319870800810935,0.6504278837296522,0
0.3981027177232759,-0.4188651347333956,1
0.4959995030211888,0.8300922330106545,1
-1.7898616159994107,-2.08860619282516,0
-0.6165255601891872,-0.6692266440280532,0
-1.0780788438993907,0.6952601896464728,1
0.3818358474458924,0.08854206402914555,1
1.029128228699223,0.7277677970539678,1
1.1645934720806754,1.8477104488017089,1
1.7177205278828933,-1.7706139900825004,0
2.687792345305974,-2.9686814876893237,0
0.5318227310403287,-0.3840147150132458,0
-1.7430365934339602,-1.5907113715190477,0
1.3426204914371473,1.6601954370576686,1
-0.9010559599373557,-1.172069698430751,0
-3.083332615641943,-3.2678584747456254,0
-0.44560314666786416,0.3109566053074574,1
-2.327129776676398,-2.2411825346519154,0
-1.7911085294376319,-2.0859259010825006,0
-0.7833887990505928,-1.250250492229507,0
-0.5719759591347613,0.12823571853793447,1
1.8078124351165608,1.5334665242968872,1
-1.831093145092313,-1.59339246060531,0
-1.1543675852771693,1.2314809923836583,1
-1.193323810050496,1.3560698626203176,1
-0.6838453861756827,-0.5997135057486769,0
0.09817483231777313,0.8257856572258893,0
1.8980395673146386,2.2475303919616607,1
-0.8976353180103434,-0.9424249789824428,0
-1.2752839573421177,1.3093344843069539,1
1.695858444087506,-1.7814924107196548,0
0.7363412383596325,0.8946947539742707,1
1.9212763847774441,2.0915593319908985,1
0.2784012986808231,-0.3489561099147642,1
0.4883841794320316,0.7545984473066549,0
1.3155015921783444,-1.3871651621430536,0
-1.2338779008130119,2.8891894782271548,1
1.260552001437853,-1.3761221611966739,0
1.471263622079415,1.6773199289187142,1
0.681972755754794,-0.7124567860407767,0
1.4766822916327258,-1.5490463905970913,0
-0.11801261800228324,-0.10391399874114393,0
1.4363597567867215,1.8669964069515428,1
-1.1303856557895493,0.8496054604142995,1
-1.7359359149870208,-2.2313613612114103,0
-0.7405264124911715,0.19277016006450576,1
-1.247114577706251,1.1741005849390882,1
-3.6700094325502213,-3.4477467678863105,0
-1.5694863545438293,-1.5215971343214476,0
-1.527055157085254,1.6389245348123644,1
-1.3630676858803032,2.4204842677252842,1
-3.091179635550522,-3.6859211483173975,0
-1.3870629794131837,1.171648520633162,1
-1.0591627092941833,-1.282177672420381,0
1.1856002207367493,-1.148706680404752,0
-1.991239814915191,-2.7256569470009797,0
0.787489139709334,0.32608682524990007,1
-0.37631486405409864,-1.1816937770611537,1
-1.2671171086573196,0.8412185471598466,1
-1.2965185366442955,-1.016687461629376,0
-0.85667797542374,0.6323157807422339,1
1.513531653427373,-1.4933329896899898,0
-0.8665812042229264,-1.420046982438209,0
-2.1111985564579854,-1.970771139478213,0
-0.9688005332464662,1.3399369353226342,0
-0.8924971246163371,0.8280447875918402,1
-1.3683411284558755,2.0392418653867246,1
-0.9333093931585025,-1.3903397953510814,0
-1.103519820913067,2.2198734652605525,1
1.1606388592841501,-1.1180377262161552,0
1.2715959847219382,1.360985157046277,1
-1.2296822574057145,-1.0062192518194322,0
-1.002265101061568,-1.0149751651158703,0
-0.5894836997157423,-0.15400628726599308,1
1.1654548915307938,-1.0586222846331248,0
0.43850959755819996,0.14154763594162267,1
1.1180839402675713,0.8834504014154408,1
0.6858950855695577,-0.7202124143520785,0
-2.328019357566122,-1.9729200622859993,0
1.88238473359984,-1.9978545345314838,0
1.2325111359460172,-1.3147131409404629,0
0.5782311940303306,0.06639106425754071,1
0.9842737043255506,-1.0477996032732877,0
0.4425642646758835,0.21184215762025949,0
-1.0592599965044203,1.2333322210129465,1
1.8523442556716896,-2.0455268462275984,0
2.2889985939667667,3.0049332720944824,1
-0.01428626500967578,0.11165386542498967,0
0.9840131473796493,-0.9751088480788259,0
-2.4161566175943907,-2.0578883896388174,0
-0.4918301414018793,0.24126278570672988,1
-1.5707752493300398,3.2284253668697467,1
-3.070680884658869,-3.463216897172212,0
0.2268895817283949,0.35894170335195974,1
0.7494246199086865,-0.6895973986699556,0
-0.3060293557952911,-0.32928069265047766,1
1.5498131257174492,1.2769000911729989,1
-0.04255509097654708,-0.6865702084851799,0
1.0933946353891577,-1.071581051218873,0
1.4256853142576766,1.9369848647371066,1
0.5290126628567691,0.2330452611998748,1
1.0886254873948338,-1.168928640860278,0
0.4475053939367246,0.4034923823124703,0
-1.7325680800951067,-2.588530872208663,0
1.0359896543561025,2.404679187443117,0
1.249468115022721,1.3248587639909275,1
-0.29135306090928637,0.5449453178385271,0
0.06642843296725587,-0.7413622963561517,1
1.7637787649870975,1.9984311511931017,1
-1.017155310090585,0.7571265690532714,1
-0.3743478536133743,-0.9156940026634011,1
1.0519474421448831,-1.1400455622215213,0
0.764092544436063,0.5457034104936291,1
-0.1508466806039146,-0.029266499633344267,0
-0.45298447070598447,-0.12095422192768901,0
-1.587096761876841,-1.815665583172708,0
0.858960927938193,0.7468634397941465,1
-1.7144460305843108,2.5779583102240706,1
-1.9779518497815651,-2.7303245102613243,0
2.1971058505725654,-2.424747718115177,0
-1.4010065808917904,2.449386644484335,1
1.3712667166915344,1.4253771131182955,1
1.36318195402994,1.4770035932545096,1
0.9281626434094032,0.6952079842971772,1
0.10476864906973593,-0.0011717278646141693,0
1.0880495549320943,0.7139845119755976,1
-1.2717675266593855,0.663243358189785,1
1.0741989459137202,1.4364466832096154,1
1.2660316650812404,0.9764150948668112,1
1.6335683537950372,-1.6767159741473971,0
1.4368494006154635,1.7467241458745244,1
0.09796711550102444,0.10338314546947158,0
1.7350232972281066,1.6030803343627635,1
1.1281743726692848,1.3247911300810125,1
-0.6045313984605374,0.09304156450752388,1
2.227457102304373,-2.3634537444139045,0
-1.34573235622736,1.9622394652440325,1
-1.4050814726056449,1.081238505352505,1
0.7430502406391593,1.2987492255299264,1
0.36621202247981965,-0.21911877654906187,0
-1.2537589768101176,2.1722594656409213,1
-0.9804009796403113,1.4010794583270059,1
-1.5396771045481958,-1.2611836406835557,0
1.0406445298969533,-1.0867337712552814,0
-0.18688751772725154,0.3158618507931472,0
1.9173839243396946,-2.0862772013252404,0
-0.7810933812412207,0.4935985699358977,1
1.0914645128487008,-0.969466339954308,0
-1.5131340122142833,2.9964806211209942,1
-1.2255928403780292,1.1884146149658246,1
-0.8532670499382682,-1.1081166962498692,1
-0.2261560478598832,-0.5669846025479306,1
-0.68268395819975,-0.1298334906222547,1
-1.3199574366345117,1.224758666618213,1
1.77090996986552,-1.9030254102859296,0
1.147831186394956,-1.2637115282587759,0
1.7704990891335781,-2.0299177296978987,0
-1.2643386157307233,1.4995539903549824,1
-1.4815486536425744,-2.277674623831761,0
0.3757214955123006,-0.2605568162602234,1
0.11447564222984485,-0.038582816051713986,0
-1.7491346310248148,3.161483852435054,1
-1.9986557839516186,-1.5277036952820855,0
-0.7751836233054463,-0.11096981755989987,1
-0.5571169537476814,-0.33304661129597624,1
-1.1166879284460722,1.1427633198680411,1
-1.03112518106703,1.6685637847158583,1
1.0586493465007705,-1.118112373265582,0
0.9807781347539454,-0.9823562766824595,0
0.9430082108532658,1.1386399435801042,1
0.020611328725209876,-0.5329450963202487,1
1.0416569988495459,1.2067533895387892,1
-1.5956090386968693,-1.1385156452335166,0
0.8641888031038306,0.9792941848151115,1
0.7608242973066695,1.1191711696812277,1
0.49385826694463264,0.16887233237756094,1
-0.9430008738173463,0.7055796509866822,1
-0.7423419054615104,-0.4183125773785019,1
0.7935926476546582,1.2129745533197642,1
-0.30095188623605973,-0.2713764116568078,1
-1.9951721185921212,-1.931319717682161,0
1.1910717735257983,0.6464191876980996,1
-0.7679642403783618,-0.9338267948861566,0
-1.8321078834831044,-1.9390716479386825,0
0.39760897326058553,-0.34873447647435185,0
1.2572946076366547,1.780916278209046,1
-0.8739881102498195,-0.07570091773956755,1
-0.9610757979490424,2.0204724911442073,1
-0.328615624614059,-0.6208707971935177,0
1.000525610034886,-1.0790468561404207,0
-1.1016602000267086,1.1637838591609175,1
1.2063888065361188,1.4442217683835528,1
-0.7421218661943354,0.5445449751094599,1
-1.2280502423081596,1.9838307880918449,1
-1.4190334739960555,3.0425016881907516,1
-0.991677609674077,0.3731195056962404,1
-0.10798933824154633,0.054319471360873894,0
-1.1455692606857215,1.2927320971955645,1
-1.545753206169513,-0.8187405996194271,0
1.2224550116325907,-1.3116893509497904,0
-1.3617418582817362,1.2633881007341152,1
-0.7201944469264747,-0.41183259825303287,1
-1.1738097507120033,1.8174613328897493,1
1.4023971258509154,-1.6000648356884335,0
-0.8468701763294896,-1.4316418133305873,0
-1.1642842049916757,-0.9534079545799174,0
-0.3808925092603771,0.4253624777369267,1
-1.092992537782616,1.1972700536430216,1
-1.641354282445893,3.1312855728338795,1
-0.5939049397601293,-0.5524229829666851,1
1.414149413479114,1.737318720945808,1
-0.07971775266677272,0.05311024710862866,0
0.7215061657284495,0.558299712545453,1
-1.1169112617072874,-1.8298458992726714,0
0.5355246767514645,-0.4273699008489251,0
-1.3277828254881738,2.1777645352774435,1
0.6750270769409292,0.3411526552756413,1
1.349213247020963,1.474646927628038,1
0.16189800047044844,-0.13585807566041597,1
0.7958062174119079,0.6193837730051748,1
0.693374760914881,-0.6262223949043786,0
-1.4518804290057565,-0.977660190818048,0
1.4097609942112057,1.7020447261411094,1
-0.4721952903988066,-0.1753347041941642,1
0.6795371586533121,-0.6622921498455134,0
-1.3159339972718118,2.8175435826144106,1
-0.8871370915202447,0.26956327429469207,0
-1.6910079572399561,2.689683368384183,1
-0.5280847589961986,-0.22183248365820107,0
0.1830321854498228,0.3221013385119592,1
1.0111530126892052,1.3390729413398608,1
-0.8452525614511723,-0.29094529611206754,1
-0.8401730762136779,0.31351761023255353,1
-0.8120678270240597,0.7828550412642605,1
1.299944885288709,-1.4479824668451384,0
1.0454311368914748,1.2309806684629883,1
-1.1437230309625743,2.2713383902498467,1
0.7381598861367542,-0.7436939944652561,0
-0.19042496006715326,-0.0768915092879997,0
0.7978994322075146,1.034689420945363,1
1.1836307566708075,-1.170494346726327,0
1.3449174958282937,-1.3766614540702968,0
-1.0274772862883728,0.5019101309535352,1
2.492510852746513,-2.737293240933492,0
0.46240581059695407,0.32476013987324104,1
-1.1607648702549287,1.771453727438763,1
2.0810354337564085,2.418325239166475,1
-1.5575704446447014,-1.388086617500598,0
0.5844375013612368,-0.5437750862525248,0
-1.2471770011881145,1.4960303091524305,1
-1.049478258015858,-0.0408252543012384,1
1.9751109474317283,-2.1287497848409993,0
1.263900430286482,1.2627620754283244,0
-0.55102309648951,-0.4971089287088467,0
1.073053040928282,1.0746330973954539,1
0.6615640250397958,-0.494841111760118,0
-1.342169822976912,2.4089988507352946,1
-1.4286276454369062,2.477477059076764,1
-0.6248156923297676,0.6882826935682147,1
-0.9872526944602462,-1.4423830704948328,0
-0.6698066737114388,0.7926933583678106,1
-0.0013809640610817908,-0.4581747735394457,1
1.4550695285393354,-1.4511034351057308,0
-0.14625436845933537,0.45995271301775587,0
-1.0040232116657664,1.2968559810684235,1
-1.5216010664287134,-1.8320556161769868,0
0.5066425550553335,-0.09430842961625929,1
-1.547914517156836,2.392156907754531,1
1.5658446839091602,1.9361567092131793,1
-0.5525503407446357,0.8148867899159311,0
-0.8225850909490389,-0.7475459589419788,0
-1.150597911667539,-0.7646520698143449,0
-0.5799017534948567,-0.4041495603337476,0
0.9683395891491733,-1.0329426419893797,0
1.6621754313577826,1.4800703886874467,1
0.11717527165075614,-0.12043409549084538,0
0.9785319998204643,1.3608756991094384,1
-1.1194917642096982,1.2212839952503163,1
1.4990684726411423,-1.5383389255214106,0
1.8898889778655374,-1.9847204938421528,0
-0.5385044958916014,-0.11222221223867668,0
-0.6022219767549125,-1.3666822038876476,0
1.6238195958444055,1.1245911066963097,1
-0.4992031961919634,0.34191455521693037,1
0.37083161999821046,-0.32457180921072326,1
-1.1405838658599168,0.7678639777152941,1
0.3545264558994299,0.14333000914374816,0
-1.657012317113265,-1.9129973501171,0
0.42581146135539616,0.014551212322906348,1
1.5191063504591118,2.1766655546613958,1
1.0404056201447034,1.2420331213832583,1
1.2487369419306575,-1.3182580951605265,0
-0.8833474952697233,-0.6396723016358314,0
0.5492514140428384,-0.46948335025375887,0
-1.2075772546350214,2.3053352517780477,1
-0.913602172454151,1.0356630396315032,1
-1.738848767111161,-1.937310128132431,0
0.11447849529095366,-0.07618551806032137,0
1.3534843506633003,1.4329537565266024,1
0.881498867681982,0.662926787326976,1
-1.0743252115178286,0.6315598518667943,1
0.42440507364765523,0.5755175053245496,1
1.3979680189222945,-1.4489153428561197,0
-1.2392506034710458,0.9631594682158221,1
-0.0658784956666425,0.1923260280261121,0
0.6922670904271477,1.1614750131724891,0
-0.38221020688975405,-0.25345722997269315,0
-0.14051307756706966,0.060102312614636055,0
0.3208068903478728,-0.28495064111802026,0
0.6708736306096361,0.9236743286685145,1
-1.2917100245499689,1.2056300558294835,1
0.0464950370319992,-1.5317873341127375,1
-1.37412957971843,-1.503242131166335,0
1.7131288879730038,-1.628677386387179,0
0.8051292212774835,-0.738555446068516,0
0.877521452894774,-0.8847720088604161,0
0.875620253549499,-0.8807890769952429,0
-1.1158459935749123,-1.6216070893748733,0
-1.4713983556744317,2.574020191194653,1
-1.3124182450781552,1.3386283065957403,1
1.9717484978974171,-2.120452331889446,0
-1.8068184572880344,2.917762004061112,1
1.478345888058087,-1.537752266775485,0
0.5117021566687099,-0.42544269971706106,0
1.1504267521097766,-1.157832808427918,0
0.45623731152125935,0.8643206812772343,1
-0.9926129116447544,-1.08906210275779,0
-0.08807240956423668,-0.3505049790017105,1
1.1061711046947758,-1.0787393705075672,0
-0.8388245293769547,0.5467870808128074,1
-1.0792709669512157,-0.6263789193366854,0
0.6581330357841544,0.46325737590308025,1
-2.4718229232725233,-2.790463406536381,0
0.7759904063357919,0.598840084361044,1
-0.9399528526414939,0.42423721824252947,1
-1.258966719009882,-1.2726611814975988,0
-0.3713430925646448,-0.6400041741929829,1
0.8582736596611585,1.4182805152986804,1
-0.25788781948999884,-0.3319193053785314,1
1.5429227838749637,-1.5401810560825764,0
0.12983995241127377,-0.16710584135119322,1
1.0782785876677594,0.6682210632937133,1
0.9804890139284788,1.2510139874609412,1
1.9922215896219586,-2.120907091225945,0
-1.6218518492032914,3.0323318186269974,1
1.5974778251400918,1.6686978609915921,1
0.48226238594089665,0.358343224692245,1
2.409119366161338,-2.5993007925382954,0
-1.3440580738139891,1.357369518119843,1
-0.7095279829107679,-0.2892869592972389,1
1.4719671639894107,1.8048863300035702,1
-1.555034102236248,-2.078148916719549,0
-0.30573284002851475,-0.36425146310575884,0
-0.5057138616710564,0.330380590118343,0
-0.8287315988726307,0.22696901657816293,1
1.4196362731349015,1.194741030241305,1
-0.8253286848294384,-1.1717399460720472,0
0.9343798077051177,-0.8917387271444905,0
-1.3621190506091578,2.0218297434983903,1
-0.896603331040896,-0.6810765858645912,0
0.6035653467839814,0.4243408129102164,0
0.3449326008089353,0.24002061146801124,0
-1.2923828193777325,3.2105576228952146,1
0.9699438144410368,0.7477925271680348,1
1.3332746498259986,-1.4836554854706423,0
-0.9425470464469885,1.0663986036635553,1
0.37383667602266424,-0.1510480755528868,0
-1.1046949968090614,0.7867192914753283,1
1.2557862398526933,1.8256357222620236,1
1.4139807240488989,1.425583345729213,1
-0.4238048504596691,0.26052203314126565,1
1.2905188229412379,1.6804999660465159,1
-1.0655660733565013,0.9807582401402313,1
-1.1664854873473762,1.0000696980878068,1
1.3819837894550995,2.073598015655212,1
-1.489830371314677,2.5256992125721993,1
-0.584604683671164,0.2007396518062664,1
-2.682945404205885,-2.281369672190431,0
0.811583236798158,-0.7945618006616646,0
-0.24511514491827824,0.46096997468619394,0
-1.3383919958582178,1.2830064077714618,1
0.7504889897084042,-0.7306031345514579,0
-1.975805785653422,-2.2412325256790706,0
-0.7639425974960206,-0.2949134000401745,1
-0.684694071791053,0.8314955312491621,0
-1.391822525529367,1.8596665949118762,1
-0.6759286359887259,-0.7579326554764496,1
1.90004770009413,-2.229535960121432,0
0.08843728737916523,0.19631813991706837,0
0.674853396647028,0.5425315361405361,1
-0.6569999048360948,0.18307162475727934,1
0.4820065541326113,-0.323422049854337,0
0.34790829986776084,-0.2408611200278814,0
1.3074683195802081,1.201355003238698,1
-0.6307802821823644,0.24530889600044425,1
1.5285017155895277,1.3608491860832617,1
1.1490397823664962,1.102160848922666,1
0.6232694035931532,0.4719062640240266,1
-2.3092852915462734,-2.087724091590977,1
0.349506764524378,-0.2930308972980107,0
-1.0332939771845282,1.2432891645050737,1
1.0831358962497109,1.5023170842501752,1
-0.5046237770256368,-0.23102288000797133,0
-0.8232373703898188,0.11843385968493358,1
-0.9514702748099446,-0.8752292032433787,0
-1.409699497577651,1.474653869747931,1
-1.1262621367605683,2.276001618399913,1
-1.1686282559285817,-1.607873368223765,0
1.5614524029846644,1.9341363003266703,1
0.5201853360704638,0.4232114461296189,1
-0.6648535224572963,-0.8704185368754729,0
-1.125676066091916,-1.8828219452868171,0
1.3770523353408723,-1.509172126118626,0
1.5671159277959217,-1.6095684201943996,0
1.1977560814872896,1.383889341680244,1
1.018386838289432,1.0987997904350069,1
-1.300911607744018,2.127349061484472,1
0.6070613678663284,-0.5627102326247749,0
-1.3515455590925627,2.866120581527553,0
-0.93742157184516,1.5015792915062196,1
-0.08051412293704074,0.34063397894002434,0
1.2052189686023733,1.2640578144652364,1
-0.9932997049536779,-1.6398977604966365,0
-2.4463464948505234,-2.534971000969721,0
-1.3377466498182664,0.44027245305412355,1
-0.8030366387954193,-1.0804527125000516,0
1.1826926354803053,-1.0986847870167673,0
0.5257975124290669,-0.49081905551013105,0
0.6268350805650179,-0.5633502430508281,0
-0.8317158233823544,0.32922670508357543,1
0.5345875329778644,0.6362690854522082,1
-1.090851077523249,1.568360177344264,1
0.21453106859431592,-0.05041244566297709,0
1.5589959103720072,2.2572027587498225,1
0.7436034632572872,-0.8070533831635478,0
1.0241059295021528,-0.940098640521772,0
-1.0670603198631772,1.0454621678921876,1
0.573016197201518,1.0535733154203357,0
-0.606190790435997,0.24994928500570446,1
1.3493600657008915,1.4850902860811932,1
-2.0420996123956776,-2.1474077029677066,0
-1.488957086283326,2.476044619808857,1
-0.5565216334009093,-0.42127777899729635,1
1.323218034013794,1.2676096485590946,1
-1.021515549929678,1.3635793250357247,1
2.281307379594162,-2.5228968570817853,0
0.3809247666811667,-0.2895522923758084,0
1.332086510922142,1.4393202522967805,1
0.9092066925421122,-0.9229471586065638,0
-1.4487241906688757,-2.5755149125126637,0
0.07302074286885085,0.03367009566553136,0
0.8522358156303769,1.3862356372744302,1
-1.0658174551246837,0.8299355067650589,1
0.8177710569332671,0.7593050579930445,1
-0.7510314925965673,0.75131694295322,1
1.1024616599998498,1.4597949879021375,1
-0.7063295018175496,0.7979666281986222,1
0.34680262428133535,-0.04452418400282432,1
-1.3455575190930276,0.7495950240697387,0
0.9594748866110894,-0.9003780354159036,0
-0.4054579641831586,0.3090229100728352,1
-1.2909150431153682,2.788105032386034,1
-0.1314340595241007,0.06437930202957864,0
-2.374619037550067,-2.4440235884353814,0
-1.1637134279809664,0.5503978827132316,1
-1.0485327598596745,0.8134600601704924,1
0.5963736084375622,0.49441970996141493,1
2.1161036235908837,-2.2105917161988655,0
0.549858906734467,-0.38942314075741913,0
-0.7048945745515054,1.0340840158101332,1
0.44484040417927584,0.4841071503474915,1
1.2284121142368452,-1.1922796555578286,0
-0.8086636438948301,-1.3418877668525004,0
0.9206646267558869,-0.9038472186959063,0
0.6500298566643951,0.07201421762806637,1
0.4987353596718588,-0.3410840352720599,0
0.8241922961446397,1.2414921551777895,1
1.2958038930713538,1.6902260906632307,1
1.2775133481816283,1.6800881060573118,1
-0.8062289015813081,-1.1707302425559891,0
0.6687108196860012,0.5517982713961642,0
-0.7429237544173106,-0.5445897751794537,0
0.7793890697474191,0.764758985872877,1
0.6314173116630519,-0.5890375833476316,0
1.6700659036301524,1.59333033435815,1
-0.6823827337761517,0.7880065165306573,0
-0.35279103175033044,-0.4022676929409744,0
1.1343075745681872,1.2049988172589305,1
-0.7001828964187597,1.23606954608183,1
0.6598645444557784,0.4377845297569125,1
-1.2462571550518482,1.3283302578796115,1
1.7309939275373596,1.8086137884333375,1
1.1456139234650777,0.4386796937570083,1
-0.6292546537839634,0.6033627731897477,1
-1.057071076710821,1.4195929699605219,1
-1.2415456061331727,-0.7639748009458164,1
-1.5865825562505984,-1.8736554534177094,0
-1.0853214745951003,-0.6042586959491989,0
1.350061894452631,-1.4341233656739671,0
-0.011007952149325484,0.15685645928072867,0
0.8959555110461644,-0.8629162712720362,0
0.2745575201301287,-0.1320037780524056,0
-0.9293576904978613,1.1381863474188316,1
-0.8291012043812858,0.76860271901085,1
0.5741149001133894,-0.5347479749297068,0
-1.6354213085907516,2.509855156878209,1
1.055062536080591,1.2564151746138983,1
-0.9626491177524303,0.9671367961801903,1
0.9315506320174257,0.8211551900571794,1
1.3005683194891815,1.8132752810472776,1
-1.8108996637545305,-2.17367903635329,0
-2.28760199058038,-2.106826216803527,0
-0.5028643757333153,-0.33413444860902763,1
-1.1724905869395967,1.1198499938489315,1
-0.5117061567718214,-0.5386784497210391,1
-0.6266431607413225,-0.49223147159730396,1
1.249762868551024,1.0553218762416021,1
-1.6107346727796805,-1.2745526513517162,0
-1.1299983458406972,1.245399126904648,1
0.8744260306338503,-0.7814387011847425,0
1.794168697928141,-1.99796647167898,0
0.8512043867779804,0.9485191579744545,0
1.9386580033041618,2.508213684271367,1
0.5561051658752612,0.28264915177178196,1
1.0962640435791775,1.2036389545932042,1
0.3747864320619819,-0.18215070247573628,0
1.0545814108132427,0.9369013958347849,1
1.2410744266079903,-1.31362614625273,0
-1.2874830522145748,1.7585395913997335,1
1.8224152091690027,-2.0245958880746038,0
1.972786133435898,3.1042981558225087,1
-1.5033511108908026,-2.1896130597376082,0
0.813975907279999,1.4809997642851478,1
-1.2919995971379474,-1.8213933252956047,0
1.519367714459831,1.8212214961345932,0
1.352205877513545,-1.4522563073628834,0
-0.4959623613651045,-0.626796779308493,1
-0.3630835596672912,-0.004817974021391613,0
-0.8995338547578636,0.5288240918561915,1
-0.35226826638250786,0.6102111128828276,0
-1.3595537052445088,3.4168158802678095,1
0.7120916955257077,0.5832325895727506,1
-1.043064014625651,0.7505807584725612,1
0.8864997121169229,-0.884480548001501,0
1.8424261776418076,-2.0812566953130527,0
-1.9968942480403387,-1.3060758850832688,0
0.4742671795481255,-0.013858714005666295,1
-1.6535827929219944,-2.325419077331726,0
-0.7877888242184156,0.49254621432318824,1
0.3715578583337472,-0.0860043130230872,1
-1.390870087494413,2.229686815717576,1
2.4443669926396194,-2.6156450902504393,0
0.6780549338900381,0.8700694547674577,1
-0.775053043582465,-0.8264831008036784,0
-0.7839352640223365,1.0471248738169696,1
-1.2272953901010812,-1.1153672517289255,0
0.7629093023189133,0.630409008066185,1
-0.12074688428563807,-0.3674879416234973,1
-0.8301795037097703,1.0358507819288574,1
0.19478438163785228,-0.10116895900194489,0
2.194631552887201,-2.3912647624885217,0
0.9185208550022791,0.8113082063157062,1
-1.807301349430674,-1.8908981024439648,0
0.641299696936388,0.5620043515915931,1
-0.8137682527315682,-0.31757087016816377,0
-0.31548397858862887,-0.3509189869814431,1
0.4974549553954497,-0.4100394696484654,0
1.6121723701200712,-1.6825962646575636,0
-0.9569502683044467,0.756328893383293,1
1.449830264625319,1.560062855901567,1
0.3377931323333724,0.07622328698669523,1
-0.9237332949287025,-0.13486057250378258,1
0.41119402650367465,-0.28662077254146456,0
1.5248060772913754,1.512748538527925,1
1.5829654680918122,-1.6189480668891643,1
-1.2479605544188512,1.720438524560831,1
-0.42821981923699415,0.5070811932735722,0
-0.9683098298009895,0.9635013914203335,1
1.684938856694009,2.105491834173686,1
0.5570556957744157,0.2360088755929206,1
2.3651334993508994,2.604693515263282,1
-0.10612953718264251,-0.4828829869499185,1
-0.9870010406033468,-0.5040492791007669,0
0.7389447256119213,0.41395221273820637,0
-1.0857280408950893,0.7041693809773791,1
-0.6978083970399851,0.34201096598242353,1
0.7091630864635576,0.9603123118705585,1
0.7072736459496364,0.19585467002402657,1
1.8419892679138006,-1.8257875829107322,0
-0.0717533985801384,0.2258651373429601,0
-0.5635416942250602,-0.8220979921250078,0
-1.754560149184405,-1.7458562012863938,0
0.3225055737304514,0.0074748414861752766,1
-1.050790671609911,1.1573138272570478,1
-2.2216807012869317,-1.691334765593808,0
-2.112039831951416,-1.9704280282905136,0
1.3254662072207735,1.5467823957084645,1
0.531589371916497,-0.54009430243719,0
-1.2698787481848868,0.7723683308262981,1
1.2830184931005735,1.797475118863337,1
1.1906721128627376,1.1193783006983864,1
0.5919183369515215,1.4362023049848833,0
0.39287506914837333,-0.16627911384905658,0
-0.7177910791269991,1.1748036998120461,1
-0.6494423758177518,0.2329898347396876,1
0.5973830709489893,-0.5405539266391384,0
1.5252042899108398,-1.6656279678559245,0
-1.7473616230123472,-2.0144524123210594,0
-0.6412573867775575,1.4243972488247625,1
1.8267852565526206,2.207429329699604,1
1.665300408310202,-1.789450692506707,0
0.9591104304942486,-1.0585176758035217,0
-0.9137390091638145,1.4293643519032608,1
-0.8904826883699095,0.14244814304429643,1
-1.5463679473566987,1.521311638838468,1
-0.18649731368847566,0.15308289656148966,0
0.5271000611028347,-0.4581421979550898,0
2.1353069360932473,-2.2533512751278773,0
1.3011176883260265,1.9735481241199628,1
-1.5809399798133716,-1.838970981792285,0
-0.8238089470905147,-0.3372537786319434,1
-2.2007319019509213,-2.241272887598,0
1.463474319377061,-1.6444890217249655,0
1.2507621123239676,-1.1739262365472154,0
-0.6193650930282788,0.10618679850892643,1
0.8070023560455208,-0.8417043884605553,0
0.06361476017187406,0.11427985123396378,0
1.5283738254136794,1.7103056402764494,1
-1.2091950919016938,1.0777833856926848,1
-0.2097868711876607,-0.6128249653906495,0
0.5970789970762029,0.13570523045601268,0
-0.7343801663833753,1.0915866021916432,0
1.552445317523142,1.7137271624756152,1
0.6997344500453557,1.1746239568429213,0
0.528575742015804,-0.3432985389178469,0
-1.1965905173360434,1.611329482087134,1
-0.4082280495273656,-0.47596247505217804,1
0.8504712126126897,0.6931741194149398,1
1.1438692388811473,1.2412258310088955,1
1.1926172293136181,-1.2106612612709964,0
0.7768456979644986,0.21616548406847125,1
-0.6145559492106951,0.17789018692849967,1
0.5731773136670373,0.04702302134507086,1
1.5831244118729961,1.7662355586712781,1
1.1465811677268196,1.0981099909214462,1
-0.06492705886324524,-1.2699089714175043,1
-0.8850081765334501,1.2738664877821846,1
-0.9168368781811572,-1.3989889991967441,0
-1.0224893947810523,-1.3567430716724602,0
1.1899262613543848,1.6281127086520524,1
-0.47780624630849766,-0.6564866321471614,0
-0.7747229577126183,-0.9267778386007256,0
0.372407594788124,0.5827817629181651,1
1.4750789702916105,1.7175655899579372,1
-0.6461686846254564,-0.35037415997142474,1
-0.688559491632233,0.5508972179493672,1
1.413969243042581,-1.4679751694137924,0
2.1910311153412927,-2.40392666613997,0
-0.4509702871403205,-0.5785093068900704,1
1.338671928799614,1.5112133318277077,1
-1.4323317529160347,-1.0979817966585672,0
1.0590070685638484,1.0745238731969902,1
-1.4720686707010497,-1.9415808981248324,0
-0.8009311269479934,-0.8137046177019709,0
0.11916118261003805,0.1975627930270102,1
-0.8053558777660796,0.6038395802766472,1
-0.7149783834560189,0.07866206259853015,0
-0.9858144610671673,-0.42683043629403306,0
1.5291727270253714,1.7589124749774705,1
1.1590204351114568,-1.123457236500678,0
1.261265288312889,-1.3022866359249963,0
0.9578773168194116,1.027888995436212,1
0.798426301800815,0.4583170484565038,1
-0.24715312006425205,-0.5699046804365113,0
1.3464736547232228,-1.3711647451082416,0
-0.09079882854355681,-1.109528787672039,0
0.5215891127402295,0.38598605545268494,1
0.7729075808744719,0.6481967993299604,1
-1.1781399850515224,1.83809996580352,1
-0.3669641486040709,-1.299917154273632,0
0.9225843193427833,0.6617599658686415,1
-0.5355990781386798,-0.48342328693870684,0
-1.5632712222572467,2.3733878980917593,1
-1.3697429038552786,-1.9499323255810386,0
1.2293154351521638,0.8310362958679933,1
1.0020362646847816,0.9580148658082779,1
-1.0222862858898707,1.5961479399786276,1
-2.0524914334517876,-2.517512031776654,0
-1.2944439342179583,2.6336060223637485,1
-1.0557504902975987,-1.9598787112424292,0
-0.9611634302691133,1.9977303932358308,1
-1.1484235706642623,1.6998382678998416,1
-0.27822188890151234,0.18087988295994695,0
-1.9073108743653866,-2.342217070202774,0
-1.6270298978853694,-2.5448196144633286,0
-2.7046790776639815,-3.4348773534680537,0
-0.9953339485900988,0.449267847386993,1
1.144993933104847,1.74873417120488,1
-1.004433569135337,-1.1517713125580382,0
-0.9151618935835265,0.9190298896219186,1
0.4431549507578897,-0.3452200273014957,0
1.255991559924544,-1.2403815117030323,0
0.6742232484826203,1.086274467567086,1
1.4939358945511159,-1.5937874770538667,0
-0.6355405792338058,0.7549219311934503,1
-0.8680271620309034,-1.0290402811795747,0
0.9766643559552017,1.0616478390100146,1
0.13577461732463547,-0.23622910686366494,0
-0.9065964468807682,0.25324203876225715,1
-0.5342320214966483,-0.7211964545468776,0
0.9360160720922085,0.43680750152112957,1
1.4186929841694018,1.8725398249243987,1
1.6266136509882188,2.3721425033021633,1
0.9873942049300922,1.4339123095114519,1
-1.3660934429887686,0.8979470326608332,1
-1.608784274735801,-1.99355858515199,0
-1.8735228947152858,-2.2938711669427203,0
-1.000397353645151,1.8927790144081622,1
-0.30153148712666633,-0.054509521746757605,0
1.4941022415200496,-1.6002654982723084,0
-0.26587720024116446,-0.8237659350905708,1
-0.35222632016898625,-0.027976333287924815,1
0.6889188543601066,0.666420976592802,1
1.15706907946993,1.0095970121029252,1
0.3248280386379473,-0.3311828321135485,0
1.2858367886208262,1.3586983612802477,1
0.7875026291623836,-0.8195895595583947,1
1.409032429071859,1.730550519176954,1
1.5988190452398552,1.4182175398551657,1
-0.021661526756437843,0.500667706302822,0
1.165898350076581,1.5923183852738054,1
0.9027274124221839,0.8181948105728366,1
0.28854246012742724,0.7374577526705156,1
0.651782092952538,0.48044758031211343,1
-0.604049179369339,0.2294376137111468,1
-1.195730690825376,1.535002886098129,1
0.9827048542917852,-0.8269304646992248,0
1.2340301074827773,1.8012182944311599,1
1.6848310228526802,-1.797424847507925,0
-0.972931373489685,1.2248093015399155,1
0.9513939378513879,-0.933746043402522,0
0.47808532310646523,-0.5936102118004466,0
1.064208890528719,-1.1810138215354986,0
1.0530579336607968,1.2322679377739405,1
-1.3020579968960808,2.7616091107351206,0
1.2541412284943687,-1.1520330745465197,0
1.637969697005125,-1.774760046053503,0
2.072836865591966,-2.3504541190426895,0
-0.31727677516954866,-0.06278249401748526,0
0.2570086915835118,-0.26438051537672236,0
-2.663664372647112,-3.172859741718053,0
-0.5318096355958666,0.49453546199752196,1
0.058863964103817445,0.14856394418264007,0
-2.737953686317229,-3.200846075123453,0
0.6689731140388386,0.80230977725566,1
-0.7385847713758062,1.1196906139480902,1
1.26318617232007,0.950273792428101,0
0.6820834579055199,-0.5441343867886212,0
-3.642141451957602,-4.044035295169469,0
-1.2387982839338305,1.8372382816468789,1
-0.6753518736452613,0.1302218398949032,1
2.2546769592115417,-2.4162249357525614,0
-1.483562097806388,-1.5129504993227414,0
-1.9350066012024616,-2.441795923139888,0
-1.6453760921585787,2.704448706237937,1
1.6803225325597482,1.8124647638426752,1
-1.6719597601195786,3.5726021205735106,1
0.2394295340140844,-0.0860302471852884,0
0.917077875734422,1.1964013873935526,1
0.7993724310317825,-0.7814583704625347,0
1.121877612157793,-1.0335460828831422,0
-0.23529478119212932,-0.26334767730763653,0
-1.0303327440064796,-0.8143101358002001,0
-1.6978963549143722,-2.099833939531684,0
-0.7860780121037696,-0.9448359671767108,0
-1.544358549018758,-1.5599500769212693,0
0.13953955252354333,-0.1057845091316637,0
0.7378271860849346,-0.7600232813408871,0
-1.9012659078124081,-1.7652458353890532,0
-0.4808871306904473,-0.8527306529329483,0
-0.6217594030982994,0.6496422849209227,1
-3.1776642278084717,-3.0232075393080167,0
-0.5102933754120744,0.7510760277393332,1
-1.35239489156208,1.3193893971154278,1
0.9080036489739228,-0.9423484172908809,0
0.43803082287674155,-0.5818327810109584,0
-0.68774217209399,0.23302076250246606,1
0.6260061431708117,0.16993386052091786,1
-2.362970053312921,-2.3378193606489255,0
1.5229865687688116,0.8549748131575078,1
1.2216630162563031,1.2636508521408798,1
-0.010329714318114025,-0.5911147109293293,1
-1.8220457668779346,-1.9809508758429804,0
0.48144734399200884,-0.5234732469427648,0
-0.6124219052928378,-0.1018279015757122,1
-0.08936720405208964,-0.13100625706899993,0
0.9517882473966967,-1.0993106213841812,0
-1.0677310175219623,0.01831843246613818,1
0.81063880768857,0.8360448260190685,0
-1.3971599629831912,2.629107549008057,1
0.012211602124264753,0.18907569884453235,0
-1.2494607691200508,1.7465382297373275,1
-0.7789629890791248,0.17121509840044769,1
1.1900624796065682,-1.3034924424813836,0
0.31832613157491396,0.12117983233792595,1
-0.6029871263633831,0.6204472889661754,1
-1.4473264183668375,2.8268628234220605,1
1.938912015220928,-2.079318248903219,0
0.5202004690710014,-0.3396178449119722,0
1.438985175317128,-1.5822875140921022,0
0.5026512384469211,-0.4399898266451342,0
0.17818252672260038,-0.30288260497724817,1
0.6794563070086453,0.16108793274845445,1
-1.293299140942557,1.6660266957487284,1
0.7444928708508342,0.12470261551890804,1
-1.863973859401849,-2.2261579674401455,0
0.47008837637691125,0.17551355568581029,1
0.020181230680717865,-0.07227345535899365,1
-1.5150531268659488,-1.488267219644037,0
-1.242573963954426,-0.7905829300723398,0
2.1771728424685484,-2.3771772818845247,0
0.9966863409862587,1.0671346583737757,1
0.7622573481830685,-0.8798525482453086,0
-0.5043701647889,0.1755319442162615,0
0.2105169855454665,0.06337526141478866,0
-0.5209151010838746,-0.19424045228514653,0
1.6208989786072396,-1.786637175220133,0
1.2349387961388874,-1.1993545308994633,0
-1.6847691628386041,3.9861155889578286,1
1.7444564675274492,-1.8478323878530618,0
1.7147762259611787,1.6367919310846415,1
2.0672169177448456,-2.195764946907423,0
0.19939883971294736,-0.01228192318985033,1
-1.1088206092285728,1.2970559748300068,1
-1.6494973219476692,2.41870023020911,1
-0.45480770339191356,-0.8508421975033504,0
-2.2920974221901558,-2.8613266905581556,0
1.5997262256616882,-1.718978085660051,0
0.8992937852214203,1.0708200128204006,1
-0.8685303540128965,-0.11546485879999502,0
1.5198888604314191,1.734250904791749,1
1.1945939793276312,1.632229735759434,1
-1.3988235355765886,2.1132335476262956,1
-0.6229948015054787,0.464145616069798,1
-1.2399099485216223,2.7009246434373493,1
-1.3306283068439364,1.7900470011617617,1
1.0190810706741376,-1.0863395771391369,0
-0.987582114792929,1.0280126485022842,1
0.5082531056913158,0.18333377197826373,1
-0.044392611188706965,0.032716659262346015,1
0.9707525337715359,0.8537327266217966,1
1.2480969652799756,-1.4159848402631747,0
-0.013153451833251006,1.0452877637346702,0
-1.249044007056182,-1.6379944201734722,0
0.5634416442367829,-0.4249435237634437,0
1.5462419023975429,-1.6172456525239847,0
-2.1035985906088603,-1.5401218366971885,0
1.9372707733378567,2.0496571676112296,1
-0.9843192172029448,-0.9914830682972839,0
-0.840771633841194,-0.30849585523603873,0
-1.1303959778868569,0.5493699574540611,1
1.0707856393142237,1.163270249054712,1
0.9331751686791586,0.9976603327875402,1
1.284959704530006,-1.1921619562505343,0
-0.40114394014939114,-0.11631300924422017,0
-2.451795546374073,-3.1231111041670574,0
0.15163946864147948,-0.2678111484852279,1
1.2376468921750243,1.3685504585054207,1
-0.9950257893707858,0.09505012331796636,1
-0.004609896459387475,0.29179199924844323,0
0.5383042295767761,-0.2709151644539136,1
-1.9445917124755523,2.3546255665451907,1
1.0555332626540113,0.9623257034228653,1
-1.5181283574430555,2.1358235430612584,1
-0.15636996859064956,-0.2192652035049255,0
-1.5470080014529417,-0.7384340393410789,0
-0.2619477085203852,-0.20087055278174537,1
0.8653263966825495,-0.7147206697942218,0
0.6536990685255786,0.8108380682848277,0
-0.1407994988530713,-0.06364078583339583,0
-1.3651022122227876,1.9290024820303708,1
-0.8383172453017396,0.8305734712330586,1
1.6856275013206043,2.3757976282242588,1
-0.5111730525115996,-1.0083552133968694,1
-1.4115013840574946,1.4254791830008846,1
-0.6605904730111547,-0.6698834266948336,1
1.3688691466671583,-1.3675049573125044,0
-0.2613506755602225,-0.6569741212986691,1
0.9741292258407461,-0.7423588471254147,0
0.44015576645999666,0.2704412960004735,1
-0.4593496410342738,0.25318778021676525,0
1.6103961699125175,2.196088180268391,1
-0.5033998882838779,-0.4347142785786048,0
-0.771306234486707,-1.1652176603819389,0
0.6227631149589312,-0.6611465424061067,0
1.6921868001356382,-1.7889130531807547,0
-0.0036984112588769325,-0.17960803633729416,0
-0.7570267711908278,0.28610688079491897,1
-0.04515439461148707,-0.24372343514476402,0
1.634182766687673,-1.773207897919241,0
0.2790634784064375,0.1547596742142905,1
-1.0199599369414025,0.3479367266126455,1
-0.5351554610621385,-0.9087765444683156,1
0.20864015326418195,-0.08479464688978688,1
-1.1292134285964361,0.9639363590939283,1
-0.2239122718703035,0.11274802394541772,0
1.3481597339993576,-1.430840149223488,0
0.9525793530502831,-0.9834359669460051,0
1.4878783991623243,-1.581324842807668,0
1.9069283264958408,2.1370221166491694,1
-0.7080006271603775,-0.5793733473413198,1
-0.3739185853565401,-0.9482539451208937,0
1.255446342682336,1.1166072475494997,1
0.9028644030166402,0.8023598020016682,1
2.334083034602684,-2.4920989019297695,0
0.25348934931450007,-0.21035302412420342,0
0.9470314255832175,-0.975251484628588,0
-1.0317965062966872,1.4685751770869102,1
0.724333063322023,0.27528560758971843,1
-1.5023614403672738,-1.6748178323654734,0
2.444361232499202,-2.544000787350185,1
-1.1758059012208535,1.8280810539802002,1
1.6962625515883882,-1.691018247806411,0
0.8254280313491109,-0.9128238818938107,0
1.115672303582029,0.9853405546634677,1
1.3370661796128607,1.7455618238265234,1
1.651608049853283,2.0048783912537167,1
1.524983815769505,1.9795486155014488,1
0.09821306041482591,-0.323571079225757,0
-1.082054344947517,-0.231041468094352,1
-0.9995869094142958,0.12312394864792686,1
-1.2211971272750317,0.978633355655493,1
0.5046234559326204,0.22901401573905655,1
0.5702464291446365,-0.5209640383358574,0
-0.9490122535012078,0.03737755063688031,0
-1.8988873971007818,-2.2860109340326416,0
-1.07019294620139,1.8775657291585377,1
0.9493993074873711,-0.9463788920677252,0
1.0713697368574957,0.9876725268825645,1
1.166913409295942,1.0852300581125753,1
0.1461151265025883,-0.2623870648885882,1
0.04566711742683027,-0.3283041576260446,1
0.17926263158005673,-0.004448907946858371,0
-0.9798629569633946,0.22302969342102363,1
1.6959162737886562,1.6692766071307508,1
-1.9815578827100209,-1.3885963724423003,0
0.669158982920839,-0.6329355011902653,0
-0.8636911586725886,-0.30071606308872745,1
-1.0046486411389832,0.41787589888986254,1
1.7291380830597989,-1.8295838667387194,0
-1.028006865908128,1.341292383478129,1
-1.7048452178260896,-0.8973986710705302,0
0.4037019171437056,-0.31215130756509957,0
-0.7106983883872938,-1.3020675500138381,0
-0.861264005952347,0.914069233133855,1
0.7241327143454077,0.5592936367918564,1
0.6263090306053511,0.08181565758363796,1
-1.1232297800105169,-0.862325347923472,0
0.8654517732582917,0.29148979533658737,1
0.23926785113793825,0.14664668671182024,1
-1.185391225012941,0.9468561036754187,1
0.7678839755862581,0.21481408973958271,1
0.7461928429431313,-0.6391126140832408,0
0.3136593100821228,0.8579808704799607,0
0.09963868808834331,0.108884477954303,0
0.8197109168428254,0.47949839505737957,1
0.36779642542891444,-0.3766385908636485,0
-0.8743789623233136,1.8042571292791454,1
-1.7265472447390036,-1.8267307852075194,0
1.3327740876540783,-1.311557601591535,0
-1.1656984726925776,1.6495653592136748,1
1.8078244426798928,2.3433938157314733,1
0.40471232087035014,-0.3473014667531408,0
0.6221910112585349,1.054419723984116,1
-1.0976868253212075,1.4877313507552723,1
-0.7653626609151758,-0.9317685875355167,0
0.6465822400846484,0.6935763909138812,1
1.240018533319564,1.1563795088939475,1
-0.947394755721017,-0.046522394718280236,1
0.14519077723507068,0.1815648560178751,0
-1.182252921715922,-1.0966107230242075,0
-1.2503999765674272,-1.2632149118694063,0
-0.8255419181717711,0.6636009129111349,0
-1.735534699858651,-2.093020475779115,0
1.5638327231257794,1.2863027328407726,1
0.981854950806162,1.343141625989815,1
-0.6141446190356319,0.5962020643231114,0
1.281844343806903,-1.3081532487199103,0
1.1731808759186315,1.313249117157464,1
1.7470231952312831,-1.8651459426337005,0
0.3958729104653962,0.6606228274595798,0
-2.2180625771573537,-2.16517292651414,0
-0.04345279303425387,0.028990893857425704,0
1.6371768974419658,-1.6620970283598293,0
1.5886095900534798,1.3769724513932222,1
0.10859715738641529,0.870322293754008,0
-0.8271499290395534,-0.4631847789472143,1
-0.9748982652609887,1.2930945326052052,1
0.7319256101464089,-0.6884250870936234,0
0.6621350660488293,0.5159413218233803,1
0.6256379927305169,-0.7434632159019732,0
-0.08379948993278741,0.06992052213681976,0
-1.068833188416284,0.980739356440377,1
1.022761305105491,0.9705824697999634,1
1.8026236248407843,-1.8746327313168414,0
-1.4285839180760385,2.1010835856244796,1
-0.6147502829814211,0.389800353398033,1
-0.1255253734242292,0.3348120744197185,0
-0.7084578326513977,0.5671866487365915,1
1.4252403796943158,-1.5218816799271981,0
-0.9884921206455815,1.2961448246465204,1
-0.6733860758613135,0.9321080780879005,1
1.873392319047614,-1.9214767738738576,0
1.4551630724298665,1.2381746939730474,1
-0.7334504345777016,-0.11965078532910112,1
0.7771828687741995,-0.8323257609404596,0
-0.6379183413433427,0.15274941474040205,0
1.7479337013088592,-1.6781373632439807,0
-0.06673209675314518,-0.011637587636065594,0
1.0038509811100624,0.5456443119010671,1
-0.38773310377365466,0.5417484191496422,0
1.3979966937323365,1.6499292401779468,1
1.0964321525702079,-1.1541189552952047,0
1.8596642305442705,2.5889468241646023,1
-0.6801071318556847,0.30677555280914026,1
0.522203391217186,0.19654070368291576,1
-1.341547789436213,1.6683845829094297,1
1.9744995257803404,-2.1331981798999857,0
0.6944428834153735,-0.6519334347412962,0
1.076226077631304,0.9824741365872848,1
1.1176117255860911,0.687316521999062,1
1.6207576806520367,2.0246306437877744,1
0.8316711278005295,-0.7337773995097794,0
0.8571604190164869,-0.8695043011850783,0
2.0319726594025465,2.770339690370805,1
-0.42966330863110436,-0.08379900301963983,0
-2.5249897227963345,-2.4298889238047954,0
-1.7772621543667375,-1.6512833149517427,0
-1.1719826993061933,-1.5836035038983869,0
-1.8018557680863831,1.7970381569971474,1
1.4100429645534653,-1.5508451406049018,0
1.5765020980747102,-1.7778147611448631,0
-0.968240585970314,0.9613075337635649,1
0.9818099419215585,0.4501700753760989,1
0.4603103624262649,-0.39351192952422376,0
1.508321177556258,-1.487410583149373,0
-0.5850720929616726,-0.7887946125720638,0
-1.9569701836607847,-1.9321230087858146,0
1.1832975065355114,1.6116190298851714,1
0.6149142101063574,-0.5927434819751685,0
-0.9501391704059735,-1.5343874326492368,0
1.3294815006450618,1.2312031361567861,1
-1.22265749300933,-1.6548782099695636,0
-1.568542457061112,1.1273420169443256,1
-0.6464826584246086,0.8898659019904828,1
-1.3431761677238028,2.7975942144718315,1
-1.010097016986993,1.417010993191033,1
0.07960106410577872,1.1894036643030392,0
-0.5042820052133694,-0.36012271086559,1
0.6277425726929282,-0.8101044253747121,0
1.1115279566015959,1.1750247801382492,1
0.5514721857764682,0.03410051517284707,1
0.4547305260263823,-0.436604874685794,0
1.1380303301164845,-1.047651152442056,0
-0.9061822847897744,0.11930348195223572,1
-1.1671975086505264,1.4738695625092877,1
0.9630558088202836,1.2333785184222519,1
0.44314362599937984,0.5041859111899677,1
0.982035494875347,-1.0565334033677556,0
-1.5136773292801635,-1.6427422745455538,0
-0.7786116843426087,0.045668007673365096,0
-0.19100231333527007,-0.22102278371346884,0
-1.7383462311180984,-1.588455651628031,0
1.003115155650839,-0.8412683429033148,0
-2.006015526900166,-2.64659954726676,0
-0.221995489498916,0.2783658519938954,0
-1.2641745594095923,1.2241640016039874,1
-1.007247109010183,0.8183643909221403,1
-0.9624989537415727,-0.2558417832658815,0
-0.7949474702787785,-0.9735384443162187,0
0.7776801279197803,0.8875166480543011,0
-0.8692837449064799,0.55004918412423,1
1.7968260084885,-2.020680324387645,0
0.497171095667995,0.4703348877378897,1
1.2973224783007442,1.0704481149814367,1
-1.357063367228784,-1.713059564145267,0
0.7606507354071875,-0.7213264689056462,0
0.5561566985711461,0.46869307339330235,1
-1.5163281972819231,-1.5453216166859076,0
-0.8059452273140869,0.9221053815018048,1
-1.1057380622580975,1.8004123170639748,1
1.798738226944051,-2.02522546676881,0
1.3903616968134784,1.5467908079047328,1
2.255297717866525,-2.351804458778874,0
-1.5321599194012392,-0.9666941144825135,0
1.3705619263691458,1.269401371512288,1
0.5979983553224486,-0.5817666371035775,0
-1.1955507998532129,-0.33558394613115394,0
1.7950712603675223,-2.0456987179479578,0
-0.8491560160996847,0.2444081005329064,0
1.307593054716688,-1.3643792031067477,0
0.27110262718134304,-0.24450966399622143,0
0.5546146986385387,0.11736952825854663,1
0.7179151006928406,0.801511166088608,1
1.1184429868573311,-1.2175327739409028,0
-0.7169596658494157,0.7643177460741799,1
-1.5681443507502162,2.1068161804952545,1
-1.2963122049265732,2.0050393179626402,1
1.074647531116381,1.1195838663345234,1
0.20793703926113538,-0.31517566631971494,1
2.603389064196005,-2.8015091734989532,0
-1.1651353970390375,0.6997010743199168,1
1.0149811683441188,1.5549328091663241,0
-0.9720189581246198,0.25080473103560086,1
-0.6896759028546008,-0.24352646552336243,0
0.5340847887324778,0.8669473342005116,0
-1.0252365441380509,1.4253314171528741,1
0.9277480339967106,-0.9913754578908927,0
-3.407963281607241,-3.7700630919980465,0
0.4030464106333336,-0.4048405072978275,0
2.169842068764355,-2.3339041013461266,0
-2.467203554625658,-2.4100645201507707,0
-0.8682574080013402,0.598948992979655,1
-0.09738499451605653,-0.041645227815075625,0
0.2776527827311295,-0.40581631985601696,1
0.45348593642130175,-0.33698842439034404,0
0.8399748692810701,1.1929825675532189,1
0.017242991016245934,0.031519802253089146,0
0.17178270396951667,0.055708945891711936,0
0.7265569445248933,0.34453897941409684,1
0.8569807173616717,1.0974832421452423,1
-1.4029123930992828,-1.8716016569671872,0
1.3888609684249889,1.3608505107650624,1
1.7686242394383411,-1.886820022861023,0
1.4976419376418924,1.645943727420806,1
0.4358008038678669,-0.3431682552133325,0
-1.3450586125719204,-1.2781052406751845,0
-0.43224040087221827,-0.5590858949005608,0
0.8290925984663746,-0.7412720605759169,0
-2.99533057357412,-3.748551122490275,0
1.254455274814497,1.5072762059605598,1
0.836663941983335,1.4318721026662093,1
1.1515925036142352,1.3426426499448025,1
-0.5378300721360048,0.2679311729873042,1
-1.4812327731520891,-1.5317552784508632,0
-1.1748230440912397,1.2436229736870088,1
2.4701213573470424,-2.701614829436858,0
0.998696248263048,1.3619454909924855,1
-0.9282616018399956,-1.3336907633227522,0
0.9553584925506086,1.6415587744765072,1
0.9064224239446287,1.073337894162942,1
1.360333864638896,1.524268110972201,1
1.014098214665164,1.1500356695830214,1
-2.241918497614675,-2.4785153466283174,0
1.3437644075831985,1.774023594027501,1
-1.1068079725306528,-1.3166356281101383,0
0.9292310087267375,-0.8725543700301199,0
0.6740162319801235,0.4913138158353507,0
-1.205035477632181,-1.203784868639094,1
-1.0601151599234624,-0.16010956324754033,0
0.5254146615872864,0.8161384464053774,1
1.547821084023657,-1.6043795164468024,0
0.8203284234538648,0.852151377185079,1
-1.0156210742421579,-0.8691970711275357,0
-1.456973523491848,-1.6510410569009277,0
0.4920997749497059,-0.0012673574446935287,1
-1.38812959177834,1.278980776026344,1
-1.6588132158711035,-1.7973211071556356,0
-0.7392440654713638,-0.6350027795379669,0
-0.32330122374917647,-1.3843811929942351,1
-0.8294818270542361,0.27592961276420036,1
1.4175590653350718,-1.5427852044164327,0
-0.6553977430725946,0.6572952097871625,1
1.683086620921905,-1.7919719187976584,0
0.774527707167789,0.5006356892213415,1
1.195940002501724,-1.19361702995228,0
1.30565214697097,-1.1764590121135095,0
1.597874589305552,2.0666813848676626,1
1.022775321474271,1.1187247236575413,1
1.1879285850533503,-1.2266002093566408,0
-1.3924086855298898,1.9900310876048355,1
-0.7753601269522351,0.3260348740918626,1
-1.1525096855181114,1.2971890686873262,1
-1.7326224771911465,2.700624021268852,1
-2.004492372462991,-1.679779085571941,0
-0.5242222729781538,0.3742897040195188,1
1.0729533876365058,-1.1532743990559116,0
0.9516974745971039,-0.9926675660547668,1
-1.2147112374157283,0.11599171440177625,1
-1.4461226428729947,1.6390903743085667,1
1.9219895389122623,-2.0877346920916553,0
-0.7044158796646263,-0.8985656748783618,0
2.006742777010878,-2.1020165598339347,0
0.5921011317006777,-0.29924005343542204,1
-1.1284798271527263,0.5089675744223838,1
1.583966939477085,1.7696324165433468,1
1.292342470350842,1.123525937770924,1
1.466349158624512,1.423174388723435,1
0.8304859914314288,-0.7876695951435297,1
1.357886300707471,-1.4487292514535577,0
0.8800351820653027,1.1539370237681903,1
-2.2012150684311864,-2.097333601487427,0
0.9138920887035329,-0.8908549587558341,0
1.0382041376844287,0.766253096025824,1
1.8388566208000374,-2.0699459841987373,0
-0.6226449657227213,0.028509124269303077,1
0.022301916948221367,0.07043658259204166,0
-1.5089923251582937,-1.5379576456233737,0
-1.5358516259004316,-0.8132088558419417,0
-0.28065616512198255,0.449669512378277,0
0.14502003052267232,0.7580058765740636,0
0.954813000661759,-0.9642764483420955,0
-1.0651028379673868,0.23729252781549304,1
-0.332134996978778,-0.23588202797636604,1
-0.1638629038320345,0.2611381374158661,0
0.324787044143542,0.31257506953012393,1
0.4132733215952962,-0.3369630346572652,0
-0.3641822206171954,-0.6496282200564196,1
-1.941876988945524,-1.9299122951766625,0
1.2874128782853829,1.3228271183843536,1
-0.741660390382423,0.6504127418360066,1
1.5642858659908683,1.7300999295996826,1
0.43800463650343857,-0.2981000437864806,0
1.3684699357830201,-1.5132640698434154,0
1.216848558950843,0.9498303483474971,1
-1.3205604789482435,2.038064824734728,1
0.09079658172530802,0.2674873463168794,0
1.4214400798843554,1.3082395713390351,1
1.4811617459649569,-1.6431419433140806,0
0.9673287048140818,0.794917942360363,1
0.7206659539271929,-0.5193543863908217,0
1.3018968971260212,-1.2989494600802463,1
1.499473575472511,-1.5750144078950399,0
-2.1164095538825567,-1.691971371198557,0
-0.8904756936343733,0.643134592646367,1
-0.18458978376523616,0.7137859423977233,0
1.0265083289556896,-1.0987167102430249,0
-1.0596588991557994,-0.842550948519714,0
2.2075744081875093,-2.350970697305778,0
0.9041861363908723,0.48629130113374497,1
-1.1334813694707688,-1.2208316294457693,0
0.9733404197752852,0.7222304374690309,1
-0.6441806073257152,0.3136058207239899,1
-1.2665507543998455,1.0961971781240973,1
-1.2374219897692436,0.684315190191787,1
-0.8987027971709548,-0.641970289528625,0
-0.9445655423465472,-0.9847255536752004,0
-1.3710871321382276,-1.4733402881423237,0
1.2922072448601822,-1.339557408355688,0
0.6489633572036407,-0.5770106133837625,0
0.9941282221307353,0.3938408303600881,1
0.9079610750390233,-0.7704754975476366,0
-0.7710721748639631,1.163052267001089,1
1.2374685060224082,1.3259659929237961,0
-1.7545603707842274,2.624891089637344,1
-1.1558841213014575,0.8232872941223863,1
-1.3046057058882856,-1.6198613122039967,0
-0.6955417926306091,1.3631251508024234,1
0.7174409792082086,0.9993711035280309,1
0.6485059911628972,1.3341676023057927,1
-1.963106023302386,-1.7782991427650479,0
1.1502720640910153,1.1369072470727497,1
0.8149542530368935,-0.8501550201109014,0
0.14701797241952475,-0.07258986794100852,0
0.9546112330406304,-1.058781530066432,0
0.747036559988951,1.146512012023351,1
-0.1373547213713776,-0.07384366518444674,0
-1.4200722935071461,-0.6627728124591374,0
0.16053453692025477,-0.3693486613903476,1
1.4166176656350222,-1.5081284037824725,0
0.7194783310020005,-0.5817511536444325,0
1.2934726746475294,-1.4235187821832065,0
-0.2844446432853035,0.22441964276858783,0
0.1872363559420881,-0.19693309539649262,0
1.0842616441249526,-1.1729281474351132,0
-1.1686481372542443,-1.353675518917369,0
0.6654419327188511,0.6658624670545892,1
-0.18730779013368037,0.4178813458102939,0
1.6206164534497882,-1.7373057669566485,0
0.40812906651372705,0.22410946746667149,1
-2.499383458641416,-2.0482277506602404,0
0.434607238056649,0.496907647440443,1
-1.090646138926345,-0.8070895638237429,0
0.022357003219347082,0.1808660995052629,0
-2.538445412465367,-2.0774435720068407,1
0.5878584128202397,-0.6183621596494424,0
-1.5620857132317292,2.610116723073168,1
1.1693703385092689,1.5941927973998324,1
-1.2997159704080885,1.329455274747311,1
-0.4316948918971264,-0.10593787338213567,1
0.9092382687636692,-0.8688500854826162,0
1.3925472411953548,-1.4094122972823566,0
0.3453633830923092,-0.023470198690211053,1
-1.0198426915101286,-1.5557185131746158,0
-1.1187333270698891,0.8015228775572666,1
-1.0529048796855078,1.0873311997707091,1
1.3605346415878983,1.5368120091332005,1
-0.8818339368145267,1.3164902828744196,1
-0.9474780136031221,-1.205581582428507,0
-1.9706632767820875,-3.0912015778301205,0
-0.9331045372372985,-0.6180783883993641,0
0.7847802297416611,-0.7688432123291313,0
-0.7430797763331045,0.9392812689325833,1
-1.4869240229666791,-1.534218948283484,0
-1.052229081376924,-1.0717310685932642,0
-1.3014497092416502,-2.0209999706202577,0
-0.6456182268295405,-0.12267399689625869,1
0.6854029749140169,-0.6247444899977572,0
-0.7437491739027735,-1.5978406937618064,0
1.1223269287656863,-1.1899866480823151,0
-1.3862416205933217,-1.4800064290471981,0
-1.296807998211469,-1.0675146463956364,0
-1.0849787651609926,-0.35947894792567037,0
-0.7872422398639242,-0.5995981139711379,0
2.133746527130458,2.0420257309940775,1
1.5963937013980405,1.983767038110325,1
-0.3346435329939488,0.19122815701018692,1
1.358778272670156,1.6904257929772943,1
1.1635746088384842,0.6987451867344971,0
-0.899322235394348,0.43093186684030094,1
0.9004522599427748,0.5737362634916077,1
-2.7717928031819117,-3.617281115521484,0
-0.5522848681250027,0.14005275883411794,1
2.5190287871596784,-2.897340226838004,0
1.375283987953049,1.1646308266240366,1
1.5864995052845854,-1.589208064993119,0
-0.6199701977107739,1.1479638306110453,1
-0.8368375268333583,0.5117168931967966,1
-0.9166624701294783,0.4084737523625357,1
-1.2043357402129427,1.555304565386052,1
-1.7890058245490135,-1.1778657066585858,0
1.100052682162285,-1.0527771699490795,0
0.8986946204756021,-0.7841701684463322,0
0.1416451411354671,-0.15003121392013907,0
-0.4260109161245942,0.06360191792433478,0
1.2894593420693201,0.898307075814951,1
-0.5646141066089966,-0.5239798118117736,0
0.7951116379264342,-0.6315957586501231,0
-2.2482762642622705,-2.284708310552856,0
1.1510228428819433,1.1818279969847951,1
-1.6789868647711552,-1.688577648953115,0
0.8299315609587269,-0.789469492122392,0
0.23370350706318832,-0.17550143123165685,0
1.6689919513436626,-1.7715459481070628,0
-0.7713259351868341,-1.1055153017163248,0
1.5030626145048678,1.6825668128926674,1
0.04587397564222018,-0.0914124205674427,0
1.3148536207739274,-1.2522998848950586,0
1.823039063789217,-1.972184389602183,0
0.5498553179146433,0.9143469518707381,1
-3.1310150494766296,-3.046613469095111,0
-0.7922054203046353,0.8618422731067263,1
0.3301575424395089,-0.3068953580673066,0
-0.9261284296311783,-0.4189074555503276,0
-0.8174657178051175,1.0055314473615624,1
0.8249347131456846,-0.7649018582566902,0
2.0978439817109598,2.544025173999673,1
1.707401068252205,1.61282349190044,1
0.7656789596166258,1.0391903322848075,1
0.7250879149759941,0.8662931521834278,1
-0.5574338931225153,0.4087009670221411,1
-0.36092186247664615,0.44276753391733736,0
-1.1695513628313274,-1.2126544383440336,0
0.9548729421868779,0.49696737461100304,1
-1.1927867859839503,-1.5161907850101364,0
1.6612779350498605,-1.7390814177154281,0
-1.0213174076584262,-0.5853979713885746,0
1.9577658440520933,-2.0249221591867714,0
1.3997295121226634,1.4699804763230935,1
1.2369038442788962,1.3398013936002378,1
-0.8260595770649228,0.6491695483939115,1
1.3373201200695242,-1.3311617656087638,0
1.1548970921178552,-1.0247572585752698,0
1.6849464565813088,1.9321681009516896,1
1.3303104663743037,0.6157428223509451,1
-1.315482893669759,2.060634882769647,1
-0.9979345341562056,0.4211347446798147,1
0.8648116312464924,0.9649059518457042,1
-0.13568267082409236,-1.8148064441847787,1
0.20314435376010187,-0.08910622702903837,0
1.1607384313009665,1.6423786544503884,1
-0.5443935389862167,0.6585590295730508,0
1.4454384819432842,-1.4538497298995365,0
-1.1814390250963984,1.7535832946903924,1
-0.6512458448317631,0.19652127491078908,1
-2.03859442245785,-2.284205207508956,0
-1.0421080399147007,-1.0422856072023097,0
0.32110048925071943,0.28268577989279053,1
0.9972918057731808,-0.9352554374308549,0
0.18943882207388374,-0.266575316225118,0
2.4443182228543145,-2.5544067800951282,0
0.7059334464671824,0.7152358990222158,1
1.3298052642677138,-1.3869286524759095,0
0.8445614415792019,0.47524404301285206,1
-0.2509165937630602,0.38876404327268954,0
0.3910951458164338,-0.3765251423326692,1
-0.4484798996775644,-0.6980847961899196,0
0.4151330517033237,-0.19698526342812306,0
-0.7790185840925019,0.6711448932948665,1
1.210423375288745,1.0757702917443468,1
-1.166722466138511,1.1656272742307152,1
1.7747442687391302,1.4623381882005693,1
1.214670747811557,-1.345942447562145,0
-1.1019119321248607,0.9686244349644308,1
-1.473872643299214,-1.4747960151916917,0
0.8185310448830274,1.0705665202268735,0
1.4079972161862493,1.5822506895434563,1
-0.6273403512896636,-0.6110076845394572,1
-1.0485405133181092,1.7322249284607045,1
-0.9388672368328695,0.8582830806800265,1
1.1313788410951484,1.1447836003703649,1
-1.3051392288669503,-1.2396168085362775,0
-1.5207429702291564,2.409178770593768,1
-0.47734191203865795,-0.10766357242689972,1
1.2178980574879634,1.6171048979371125,1
-3.742345283716251,-4.081086707515681,0
1.2419865852164527,-1.2764605873971953,0
0.9183439933528021,-0.9017635049130007,0
0.5718627624412234,0.41771518384487294,1
1.9102832092162978,2.371331690421046,1
-0.3937395704877886,1.0297701759375526,1
0.8516626806615051,0.7672457534218138,1
0.9036502189469517,1.1195744242004355,1
1.1179929707132006,-1.1187814022800284,0
0.3735419763830333,-0.3172427090175668,0
-0.9145514258681015,1.9468501372418425,1
0.3996193330095935,0.09170585788378371,1
-0.5950151539198221,0.4435167779420781,1
-0.6932080649462649,1.1584276809320297,1
1.7930282608363726,-1.8714298955255817,0
-0.4204004228666902,-1.3586750167980624,1
0.67516685913318,0.684676545241603,1
0.6258824952541309,-0.446084232568158,0
-1.3446192326470994,-1.0751473876985322,0
0.47008270917319184,-0.4077397160602154,0
1.1429750830543024,-1.188045347290078,1
1.5164853862143666,-1.5868626760679203,0
1.3787510354018084,1.7640217720931086,1
-0.8715240086310714,1.2270771916185157,1
0.7393225999584654,0.18282222167023832,1
-1.080163633889485,2.112203959173285,1
