feature_0,feature_1,feature_2,feature_3,feature_4,feature_5,feature_6,feature_7,feature_8,feature_9,target
1.0892499535194868,0.5262603047084816,0.03340656789893871,-1.7498117773150172,-0.396542027905716,-0.4178578265892162,-1.0912887483536653,0.4339241827719351,0.9987179444779649,0.18005448933039334,-25.361156318501443
-0.4873096972447734,1.314670411926311,-1.2819046714801259,1.1080723745906094,0.38948448498717886,1.327879304860051,0.40865185125699066,-1.2229702903437736,-0.11030302202193819,0.9592392743774945,37.82278773697199
0.6435652125429993,-0.7207583620818794,-0.5434435867762571,0.3221556752447534,1.3312364624328288,0.6638281272523966,-0.16772352094078155,0.8149205129954605,1.8117232693481717,0.12284765509844668,33.82842122778152
2.053611048630073,0.7654235544781187,0.3021674360607261,-0.3842799468491002,-2.1836582519521466,0.029056660865885268,-2.001149427948992,-0.9033607379281489,0.6908887386799777,-0.26364629624890284,9.316323691969865
-0.12540621042822742,-0.8484878492518315,-0.9997218346822822,0.3829490116063741,-1.2935233705570928,-1.262791366440788,-0.3688007603611448,0.14319222814251373,-1.7017322958054029,-0.3797587042263317,-117.82640921298349
-1.8394996469919258,1.6088851247401739,1.1296735868548873,-0.7962913391296809,-1.1408748458889029,1.5966394052495625,-0.23285775214899343,-1.513240535566437,-0.331328420589035,-0.4376639677085043,115.71466898426448
0.2382031985193913,-0.5337918423098744,-1.1121750844264258,1.2832746173081815,0.6853768180642974,-0.4392854492742652,0.2630234812726818,-1.229283765484319,-0.20198026067481176,-0.8162159562629944,-54.519207502033865
0.7892410884583636,-0.46601368178554503,-2.395062759464963,-0.6994055820980051,0.3986825594249419,-1.1569930040632064,-0.03457307239313017,-1.8636582507346187,-1.8828505398422637,1.1455110377230588,-189.6885724780506
-0.0020572751887413445,1.926500674818152,-1.5889377819027874,-1.8819752144071313,0.9379286095862626,-0.8713374324191607,-2.5545955227885986,0.4402107376545492,0.5440213506480533,0.355780144589251,-101.5505266220317
-0.33165256617657696,-0.573816799903191,0.5964880861184773,0.12375766578062646,1.226850671831317,0.6925811547831611,1.1271431911117682,0.2719379401774216,-1.9495215044776488,0.4548002435431241,47.86433550774199
0.591458107925729,2.5973950644438704,0.4716221230869599,-0.32799459962895117,-1.6166077331952475,-0.2414765437088746,0.12282321752716334,-0.18802980038685785,-0.740695442844929,1.2436539409997056,18.31344276684954
0.4497882750490449,1.2682102141110518,1.6701678720324094,1.6135594011121313,1.3653015846894234,-0.3743188366304474,1.977814637786414,-0.15723150523378718,-1.584090175689215,-0.47534032878666754,46.93313485153333
0.2011209700021101,-0.9842728912118192,-0.5052289138478119,-0.21058928853765202,-0.4966392593096334,-0.8147326722564193,0.2535619621027101,0.008207968203226078,-1.0465885085653917,0.8171287840690242,-98.85180935178197
0.04133114828867311,-0.6512351747247332,-1.6719505183448329,0.504233184592496,-0.9974706250482444,-0.7675635370537401,-1.5764340489461222,0.6243411891763646,-1.713093210431653,0.2867392647248074,-104.5626944504874
-0.6920932121558981,2.1820686135616625,-1.2654332221771707,0.8730050740913902,0.7795518936830709,-1.5146062209872555,1.2317668041074425,1.0942361704851753,-0.4389578652194244,0.4733833441372779,-98.38654115084988
0.16561273995313347,0.24571386190494524,1.087071034904239,1.3890671143611693,-0.321061282495687,-2.4195635827657322,-0.7878680928426618,-0.8126304867179234,0.6882889425915385,-1.243689512234258,-113.48932855239366
-0.8963324039932313,1.9767638201324291,2.10361356040653,1.2801560020516978,-0.459705008796996,0.056940958390964996,-0.6723549071956643,-1.2003278770521209,-1.2197291345319266,1.280158068894553,85.38545068017173
-1.0688244871388766,-0.4197863157153438,-0.8132980160310184,1.6207257806533941,-0.3065762286566819,0.20298597468141633,-0.8083531553686955,-1.2939104262764156,-0.43042744022155033,2.830099900605509,-16.972993000635153
-1.1895972825554908,0.4160498137880235,-1.548093170264538,-0.5618672783250463,-3.0380999216764,-0.6845427973846022,0.5102402324967252,0.8961507434877303,-2.783395405620763,-2.021827305770624,-81.78403949725809
-0.48830098743550626,-1.0015381484939847,-0.9572528917136144,-0.3674055708252755,-0.21841811765158523,-0.570887945961367,1.2203520429879182,0.09248074019752164,-1.4131967122371276,-1.262259403032778,-99.5893552617161
0.4485413334144403,-0.4504837561756779,-1.2342525752404858,0.45828612682288355,0.06337606915196746,2.5991711906497676,0.24878713266392732,-0.06396590255581536,-1.4218146471149897,1.124232452768164,123.09950171132492
-0.3617194045700437,-1.178615947577565,-0.6134434176888113,-0.0623657371843408,0.617310672819722,2.0725170729781355,-0.31080718823279063,-1.127876091761835,-0.8020349608408381,-0.40376341337918514,84.37166204874819
-1.6917912641299024,2.433505891792043,2.917876376578427,0.6825927559584327,1.2410626431704157,0.2254438740430958,-0.03288124049344795,1.46351429242282,0.31901331819178674,0.04172021258928931,132.82643925538062
-1.2257536249866583,0.529837666170668,-1.1167402447082901,0.21191964922707973,0.4532690370547896,1.5481268400793464,-0.7840857736088195,1.2037917601675183,-0.9511213082377825,-0.213834482993019,87.7831029332815
-0.3785262421259802,-0.04429664122345468,0.6247251733882748,-1.6669124708708363,-0.6509201448601504,-0.6574767979845842,-0.8321648971798432,-1.1882425738458635,0.07395099147617286,1.0436390699785774,-71.47139867703783
-1.2439268745573315,0.5542852487869777,0.45352201566081185,1.2948149303084768,0.26948321547712667,2.2317229077886362,0.5592559695632859,-0.055793159313436744,0.8859472809417582,-1.2827092975583407,189.70724334944802
-0.31616710684035504,-1.9869753905770284,-1.6916312539884286,-0.4948670339324685,0.34138373203812006,-2.053774500414399,-2.013285711798538,0.8079795273895571,0.05567699877891694,1.6895390875983114,-186.23052851534385
-0.29556562621715055,1.2271066135394355,-0.7418017363837678,0.9104964202621478,-0.7919480510024643,-1.2029332085492455,0.6132148569580361,-1.1410839948297413,0.24554491586040003,0.7121157441995329,-92.46938582123204
1.4473193489438856,-0.28041315618392626,1.9838558372829806,-0.1266359069050897,-0.29511616463669516,-0.08084280635328056,-0.07135840757821099,-0.6602709144814987,-1.3289536684052214,-0.5961167357615813,28.088800696374918
-0.8178571326105938,1.5256040753677875,0.2834396572914752,-1.5242515794544342,-0.6109447840477505,0.20071751208854768,-0.5687102594571807,-1.1442543649345838,-1.0304343001292111,-0.5928625233536937,-8.365231060503094
-1.2529390708209642,-1.5949149296462726,-1.9430673570481694,-0.03455954432091486,-1.5578886538595353,-0.9054396707360699,0.11595745427233829,-0.6323802881021324,0.8089844090027407,0.9156657573636817,-131.6710929203484
0.35406488641837985,0.1171761669637876,0.09055437938891771,0.27084681243282377,-1.3669466790410154,0.10849064412047846,1.5841619479149287,1.30829070085494,-1.3786337633028847,-0.5739833472080499,6.0293718055900065
-0.3309354917845044,-1.1971654725711258,0.03500084702697719,-0.2696851371708928,-1.2249590691885335,0.5244718616024532,-0.13348672994377456,0.4993024377505858,-1.0277250358156287,0.28294208893201744,11.747363189869018
-0.9703081976340006,-1.4965990969622813,0.34585200206009725,-1.2090642433738525,-0.6387495652550698,0.6988917150671483,2.842648188332047,-2.1170429733365403,-0.49776332655331196,-0.9107768997734456,13.625753349323855
-1.2231768862140007,-1.0665770783640582,-0.4265940849261929,-2.025626689559646,0.9523710704547008,-1.2785571543512806,0.9800315722096131,1.9884683992446774,0.2110281014793127,0.2106893763043337,-90.14796604025979
0.18988300439352784,-0.8965139794636172,0.39101493911203455,-0.054639028143872226,-0.31435881416910044,-1.1783576658320751,-0.4481632808756407,0.3738215497259584,1.1740714888359078,0.31063068345925343,-43.696963139505996
-1.426440475927665,0.42911402329418463,-0.2668485827502301,-1.6738684033219897,1.0679314825164519,-0.49084978742921703,-1.1866299467149846,0.7022699112425338,1.5467732761589772,0.2509805787066576,-38.133320465413995
-0.23775847634191696,2.2450884424583557,0.5020318840753146,-0.8523309381165051,0.15697468602971956,-0.5871427564208221,-0.0875657936743511,0.6242481391314466,-0.5616308274577443,1.1557094738468225,-36.027366957930354
0.6997125518639706,0.24546393182872528,-0.4675144847988352,0.5420094018379407,1.6367182459394538,-0.02531169602213188,-1.4500071555700405,-0.1258902980307453,-0.9153557712954068,0.7267274442869514,7.5678024455413855
1.308130506769835,0.7501344220261255,0.7705986763105088,-1.7812961128204445,1.4876682935648478,0.6855148507411423,1.562609033073009,-0.1939626654212194,0.7777901583389486,1.3886259992501095,63.911607104972234
-0.2328148691421152,-1.2918453526517306,1.730266570733822,1.329504260559971,-0.7712078695925658,-0.5104007721831061,0.2880651907851302,0.7455207386725698,0.2824289854830401,-0.771186536359099,51.691178310252816
-0.4751474354681042,0.700813766950149,-0.9987300501874132,-1.4539072826803034,-0.08133650050108136,0.5569808997872673,1.3676177935555205,0.6318493244463091,-0.09590643140349606,0.991909539178838,1.8815496405916567
-0.9061716894790776,0.2768933922872833,-0.39486375975589033,-0.932557631318573,0.20385768441537191,-0.1955370392068771,-1.321201817671173,-2.4393054195075634,-0.17036858242088193,0.844283158100672,-71.72086451072809
0.36073346079501906,0.15822120012968247,1.0576303480794689,-1.041623261096043,-0.1099214365063573,1.1672560578105564,-0.5396576198640428,-0.668466557389295,-1.4413192039641523,1.610607776444154,90.1537595535055
-1.124743573523195,-1.0223711296486757,-0.40068901021526426,-1.033006160641341,-0.9119703057451561,0.6233304689483409,-0.4791266906646962,-0.3359324783408663,0.923774940264034,0.294972764376192,-2.194531430975262
-0.9632152644503952,-2.0573213853434202,-0.004384388502165733,-1.8507938459421278,-1.0615857399869095,1.0299770687356484,0.8894470301837911,-0.5452243072804758,0.788750029331316,1.6616528553315075,30.866749760156612
0.4932722228641534,1.1248576135201078,0.3452975844751641,0.521390926813768,4.037448942556218,-1.3746050548552753,0.5022963083312704,1.1159438484381232,-0.8765735442050472,0.5455971118007353,-38.6803641399987
-0.264577500437857,-0.5151979898062906,-0.7046778821242384,1.0899230525952008,-0.5917302012854264,-1.4547215692616273,-1.9229368611693023,0.8349367115672053,0.2550756123851725,0.4698699623479385,-92.45959800414887
-0.7387933991902029,-0.28316754951803585,-1.1668192544417324,-0.3096204942237605,1.7117731798215792,0.37085542494816603,-0.18587130567720353,-1.1866765532620343,0.2708384933886529,1.086640228888934,-16.100052923271377
-1.7928294880031768,0.21915696956550298,1.1071816097421885,0.635822495005616,0.10274170123057885,0.40176996242064783,0.5914648737043174,1.5886400771099825,1.2872241193678045,1.3463116309606544,97.12400485221664
0.45215373383923896,-0.6255588034644809,-0.6308182903149129,-0.5777919503241372,0.6295724648848002,1.390009737248995,-0.8049432079857646,1.2535086912365005,-0.5224231611195687,-0.5364403065464748,83.33190622041964
-0.04838376741327854,-0.11027256704787755,-0.18598312616479493,0.050904100114080364,-0.7510675003134936,-0.8787965629061336,0.9827778355030781,1.1916754924580082,-0.7491980391557623,1.4209629988057955,-25.879657512267624
-0.528198568473374,-0.7074269843857437,0.20653304970945208,0.9223090063357663,0.06070769237734568,0.6330817435865871,1.2794000394114287,0.8535220010257157,0.3079223031875622,-0.16622237247018615,62.59531878179377
0.5419144175675333,-1.3908507135908992,-2.497879325541258,2.225077608845893,0.8629352299883924,0.9968483881219512,1.345631176085437,-1.630175769380754,2.3820470078878464,0.626406583210641,27.57043389289622
-0.3485685578498388,1.361365145340254,1.2749874154856382,-0.7685230363093413,0.9677671981575887,-0.17195369049559894,-1.0215734169258353,0.2579793452751006,2.441041488743859,-1.2260598173570338,44.80199542516972
0.3397730997766483,0.7552340517529583,1.78476212658355,-0.21879658343972636,-0.041080518486805974,-0.9584239603053816,1.4424991268508556,-1.2719291588620196,0.4839900042250842,-0.2939662213599106,14.787493323546702
0.6820938024082017,-1.45031046911185,-0.5632105800221033,1.8215618111238154,-0.6373584517428543,0.4212790682746536,-0.9881920395327713,-2.193202571857301,-0.45615039826977893,0.27059718396173776,-1.954180153461401
0.20603395181694636,1.1260246004837533,0.211450968389123,-1.2108703765624391,-1.889266908087197,0.18255592354064176,-0.4997198907360034,0.25778272725904483,0.019362727288353216,0.505591905825617,32.57387645922819
-0.3015393670862095,1.4373660122811018,-0.0356388115664572,0.7744408865297995,-0.23822331218184412,-0.0032297772921141476,-1.030765266329354,0.6113305334134745,-1.2374122156419196,-0.5945221134520561,9.555283309198437
-2.1457318965851444,-0.6234987846123933,-1.8780817667406386,0.5794162663781584,1.3090132480672754,-0.6303157792968577,-0.5841149485675656,-1.166521925091995,-0.14980476819450658,0.9329012054140288,-95.56854497988434
-0.9741890162085285,-0.9987029988561232,-1.3485898371491516,-0.9354102141076222,-0.2668190177008844,-0.04772714442416449,1.5069053795709146,-0.7373196976846107,0.2541874675421701,1.0213646780801482,-88.64223093343828
0.44027977470184954,0.40975724288495236,0.16609465159042272,-1.345727245411832,-1.7983124793732936,0.5396185785840232,0.8116805848858764,0.6650233406489323,1.0709377530495945,-0.047713260115137046,42.75551109705767
0.23671517042930837,1.1321141179808654,-0.04714510396331796,0.6187437598916171,0.091708658546005,-1.9571889413100398,0.28739905192145115,-0.7172757361551022,0.007725135096222698,-0.3077698175941539,-118.72326112287797
0.558499871900395,-1.536368656206095,1.4485140286820088,-1.4184684540067856,0.8048133278159694,1.1222431904951995,0.3981496012265772,0.31781149798893404,-1.4906723653539204,-2.0642276334364102,71.77163148651516
-2.0487650618382163,0.07610365188260901,-0.10168581479491583,-0.11045467314526336,1.4269991087465494,-0.7218751274421469,0.9512860554238936,-1.0352169211309457,-1.2111200520944219,1.1929746030925612,-84.69705482930702
0.34564212226867824,0.24333416622118964,0.3261574565515515,-0.9543889582206472,-0.04066252811121577,1.0741608815315236,0.5187615178086081,-0.9997587173357254,1.0522115961888414,1.808979067658672,65.7461862861859
1.364973091781762,1.0635987073467201,-0.1549024741483181,0.011568733090926374,0.06438223166835665,-0.5806557744685105,0.5646913624587743,-0.14993251651631195,-0.24300267851417598,-0.6134114351848269,-40.765750727018556
0.36321370745860354,1.0770756969611406,-0.21226535432760224,-0.5510277320890586,-0.3687641120072144,-0.9719476834766081,1.2033812626616118,-1.403885668823717,-0.3553342618869871,-0.958016316550328,-82.70230256416558
1.7402455761568791,0.9974153788967169,-0.6154001170781511,-0.16602372606805474,1.7126211153843975,0.2905284143144644,-0.8518994818485666,0.25503611113580626,-1.0287139627596227,-0.7219499684922338,19.25961132645014
-2.4622969246297477,0.19122033732880372,0.6889586017747931,0.4942356487750335,-0.19036851151275425,-0.49127529952251553,-1.0172856537906194,-1.3622163715966298,0.8403552826479261,-0.20682497207392342,7.544544917392501
0.13381876406400886,0.7184148585746977,1.0440021658639027,0.5767521639991668,0.39219274329754533,1.1839507622973875,-0.3556641942195429,-1.345875319099312,0.2802710764835679,-1.7773878474469675,117.02755959608668
0.46946562950805515,1.6864914389041612,-0.22563573491425482,0.8923205023093993,-0.9282250922177576,-1.0925016483621885,-0.3322702944317713,1.3783180391563001,-0.21652002805158524,0.719273157262138,-42.159511240315005
-1.442715797165684,-0.8290626567057342,0.4287613324950533,-1.4426076138866146,-0.6156909102692275,-1.4203386527656945,-1.9033854707406466,-2.0996879866875107,0.20046312743904507,0.021021567219850677,-121.2864421574755
0.4975742418727901,-1.572375346278355,-1.7129464915615473,-0.41788954665730876,-0.23033101734423203,-1.0027640072494677,-0.9235623972293308,-1.4745808763324708,-0.8614881079733153,-0.48976940018155696,-155.40758158235832
2.0014734752190577,-0.959556605209816,0.4895439324817892,-2.4859374682534234,-1.1530501686373538,-0.588262890292224,-0.1894305810057967,1.7013094231461943,-1.104314710949106,-1.8336020230044405,-33.587101805983586
-0.6911589594405828,-1.4441005726484948,-0.21208094323434407,-0.21125521047537232,0.04844117787542621,0.9282864629406549,-0.6078615885966715,1.006196290081137,0.7895059779695867,-1.2875905454450618,40.20787957917279
-0.6012284045029967,2.080344363007137,-0.5753982523204457,1.7431514655565563,1.3362677527853917,-0.20412515657240293,-2.2706094022936476,1.906831643108828,-1.691128036824222,-0.1773909043714738,23.526013574942453
-0.289370615077087,0.05563780541148451,-1.1256562529725267,-0.7741303810649562,0.9106655579653273,0.008613085252111597,0.1495042933621613,-1.7119452189314057,1.6621227790202004,-0.6032900165475386,-57.34002937772675
1.01254061695923,-0.15270256237074104,-0.9787271751324933,0.36958711599387717,0.7800610622750069,-0.07626933123960915,0.07593298779356879,0.6936030335054597,-1.3716051231550046,-0.006197382606523534,-13.027198731640425
-0.1626667930743597,-1.8529864769429554,0.28948537354699,0.1420369169595408,0.8589094833733842,-0.07676750897318307,-2.1280759772589506,-0.8619696876450889,0.5456246453035473,0.1684512427883415,5.247383058787065
2.115816434708071,0.577049045446406,-1.6548721069585761,0.9213486250275285,0.7377425430702844,0.8965216320293918,-0.41713647547541505,0.5010698850180374,-0.4346017117720858,-0.22655933565773523,10.654729698191325
0.17953799545690602,-2.1875929899380524,1.090915181437478,-0.14935294967327067,-0.5012547859397153,-0.5423661692861719,0.32469628339961354,0.9059760696738388,-0.05912305523644111,0.7426910054249573,-7.9657959221011865
-0.9238581593937429,0.44893493664191986,1.123922347583806,-1.1929878392233335,0.25730744931167027,-0.34294497790414274,0.8554288741845274,0.029607979565938383,0.8822996378049639,-0.16125768621626885,13.923039712295862
0.3747915840238863,-0.19683059683198817,-0.10541599150632881,-0.41334979008078654,1.6640238143530937,-0.18258463252271628,-1.6556838841767663,0.38359439154125535,-0.035562260568966185,-0.0670142491414269,9.604287816461957
1.037447930001641,0.12137541476699613,-0.45744085943658325,-0.43071049499327124,0.6018741595462047,-1.4416401162824033,-0.7710662682208502,-1.5989941309210283,0.3773894803082212,0.2518097986202399,-105.21625291356028
-1.371210905686688,0.27216960447644684,-0.8289215589043932,0.20914519097336687,-0.2662456835301357,-0.47884732501379307,-1.4023236808927648,-0.47193101029702356,0.25209891556276076,-0.7049613088098021,-43.90223490293492
1.6101240962724799,-1.448768361739876,-0.6376923080162813,-0.7537428262247403,-0.6317710296332998,1.0580357514825236,0.6115847106760897,-0.42933602462173037,0.003920133535314654,0.2908281492989089,20.44364845741705
-1.2307921377427529,-1.1976954897658159,1.2736918918952664,2.5175004331058033,0.04324600620021401,-0.4183446864423388,-1.424061230725565,0.7548927438760972,0.7839908195608144,-0.7631865167615121,38.364620244395496
-1.504621204619614,-1.354408808837508,2.755591689260253,-1.0529237333814945,-1.6270827763635185,-2.0656669490898825,2.084489551585702,0.7910678738760302,-0.19876597728571155,-1.9859635567231713,-46.88613205583819
-0.031908250689445784,1.0912803598929728,0.9523122595823096,0.3620739761489602,0.6867530079975532,0.1278174944283015,-0.25970121516083616,0.3741257000666442,-1.6369995497231717,2.00355352076368,36.90081573681097
-0.9703026747625919,0.06456675311771619,-0.5521794362776432,-0.19111579345922544,-0.2425167200668108,0.7184813153414211,-0.21917905521322503,-0.9757838672446886,-0.4669167129303209,-2.5743626795559167,-2.2580882660395076
-1.6622442042723036,-1.5259511959320564,-1.0350564769050843,-1.3627880864000508,1.2676680315899993,-0.6351748010787963,-0.5172262072556041,1.1758537620497398,1.5079321301546762,-1.1085493392772356,-50.91463959361042
0.10084276542033149,-2.9347069134063015,0.8271186597887138,-0.39437195556291516,0.2911478538091394,-1.0395466801403455,-1.1979434328621374,-0.3375132981130261,-1.5456012674817663,1.370447075041002,-39.21714415351781
-0.23298103918347118,-1.7259476086423005,-1.0352947651099758,0.1926462783552414,0.5394032923741694,0.03261980221407679,-0.8069011109912496,1.1089773039557247,-0.47432558724368495,0.721205686465942,-28.305823357293853
2.2438252140550494,0.8470762595330177,0.011046819626004744,0.2812890373776861,-1.4142600343968184,0.03994517797061044,-0.9249599225474082,-0.6936368736156202,0.14934849880394602,-1.4033414036645109,7.8737426709245355
0.8746616511929922,0.30528605238695977,-0.31872618738028236,0.15825296434974306,-0.2871613412503073,-0.15013444773348913,3.066280601331471,0.3695776131602488,-0.3359090215911307,0.44228701682678906,-2.958484514694531
1.3111677715285552,1.3975494477541102,-1.5035970400491376,-0.7977344741128698,0.20505405372924743,-0.07534657049466327,-0.2828655412880358,0.9454194915796691,0.26278243183877437,-0.1797013833862741,-40.503844326554145
1.3340273356183596,-1.6937447617397123,-1.1293420229544096,0.07015894520707704,0.1153374312672362,0.8476450565716713,-1.0851162479687435,0.8894837156560662,0.34386942196682146,2.088820611903768,23.48501678498839
1.1629805734902185,0.11313699414510149,0.9499270337487126,1.1864043465073277,-0.5168165142042347,-0.6237025608786797,0.600030330603656,0.24456964231791023,-0.27671921755648077,-0.11795238567567846,14.649059704054668
-0.29972011954940375,0.5324929842855878,0.15645650489028604,0.8999362138107734,0.7706706707597102,0.7200962799464147,0.21283484971503536,-0.8499197619973003,-0.5869102880589614,-0.19847121130493453,89.91705624571661
1.5039144968718268,-1.2905018682062424,2.3450662189982263,-0.4027987102923809,-1.8811271446826485,0.0003787672042921339,-0.5711628327759402,-0.37022449492355664,0.5721531789318054,-1.1065296514267466,52.15761386783882
0.17404177878731528,-0.9699429333823579,-0.9294388836780033,-1.3618174870496094,0.7008862529296433,-0.9514708737368237,0.48122610464233767,1.115780807373418,2.567892328717042,-0.8468107025543454,-97.99347904696022
0.4306127420519746,-0.3956609989757958,1.1836391554274155,-0.48688862145569584,-0.003877733028528932,-1.8607759054973103,0.18735812771199137,1.217782494554097,-0.34661555067528993,-0.4934370856074118,-69.05654928967147
0.31370455127603525,1.5265804150152786,-0.22932889602259188,0.32083514651956596,0.5029181748463681,-0.8122554813923657,0.8907325009558605,-0.4834549453588753,-0.4558636840866272,-0.5136666716459164,-67.105539052938
-0.22332902752146128,0.9572525319891696,0.16827704315521255,1.339891080965689,-1.0652384855115462,-0.9912176473962396,-0.9506012030204266,-1.5539757101544271,0.9358592940467186,0.581085843275511,-30.426330530364687
-0.15478058847597995,-1.2500662758057737,0.13198835320506913,0.8273764763633259,0.4236909831419061,1.5470372711538878,1.104706117583372,-1.5153331561150851,-0.5619920336367328,-0.14077235363515866,72.73666544315813
-1.897107291982208,-0.09370383743712435,-0.2750362424577107,-0.42457372785486025,0.7420274011330997,-0.16177481803211768,0.4743055570944741,0.31268600853695144,-1.1912667065156315,-2.055302808932842,-17.081403795134015
-1.9071013776932138,0.009202165939578684,-0.6094895217202984,1.7931247722316663,0.16802987541152414,0.7992217976987617,0.20524834221264443,-1.0322724763880642,-1.14962435474254,-1.323139484352477,19.59468869672727
0.25532321563970894,0.48676603478603825,1.310943966028192,0.5169060938138652,0.4971692197676682,-0.6492586778405153,0.05792291208728486,2.2464595643143532,0.923383660772949,1.5730394747344685,56.13727553810118
-0.02034755143143186,-1.5292196948627512,0.3296931896187645,1.8571115294259168,-0.2664003075458973,0.8314867389681707,1.2772411069860812,-1.1304015156292515,0.28320369915651017,-0.8565614139695635,46.56909837911487
-0.014358573995818674,-0.5102858827259287,-0.7020397904424298,-0.43383404334115094,0.12392523896403797,-0.8260147907810412,0.0028096337801288536,0.19882727587583376,1.1097701083571612,-0.30900818676297376,-70.8559555791301
-1.2194803406991204,-1.0769659088532013,-0.36993004480685554,1.110778479724177,-0.23603328028396692,0.5725298881758875,0.3190232208550929,0.6704661962022652,-0.27042265856675796,0.9602350559013881,38.24997378991289
-0.8300673162169326,0.6667424475195549,0.3261012647717512,-0.43974763553644475,-0.9464204236291204,0.16622687481158863,-0.4430635201697294,2.3539872410287104,0.26770004087338733,0.8652475479096855,57.713584375950845
0.6702654807953424,-0.9792217168675935,0.01178521104932739,-1.4148715967105023,-0.1335674139082828,-0.09157731492819451,-0.4638965327305552,0.24595765942195763,-0.530505913761977,-0.5014320737992514,-10.87752023391928
-0.31982607548686054,-0.2304772606526283,-2.036966301745221,0.01595320589069853,0.6796232533730672,0.3859068560972436,0.2228777461819173,-1.6581488578581114,0.7188816818013352,0.6230485660550189,-65.1164360224188
-0.183116809164815,-0.3677272640458951,1.036052589005396,-1.013603944595743,0.8991751360448966,1.9582749789325509,0.5912518668711212,0.2983734051998847,3.028610180270658,0.5653242930624346,133.1481512759372
-0.28109229808254965,-0.15927934869776147,0.023125862811488627,0.07885499072586737,0.9065753045819607,0.6710880186513378,-0.9538187912510322,0.4465242101965147,0.7369855939729277,1.2347167819163205,58.552805737752806
2.138985967674391,-0.217724390694077,-0.8024866149573098,1.347193262209334,0.31145652553079983,0.17235953424452796,0.6481167604301673,-1.2905230243243828,-0.7929805725607865,-0.7740317918560468,-22.874454671673618
-0.31722299604620496,0.10006000170488855,-0.022921319785212578,-0.914340021339919,-0.6369836912046604,0.9499667713147598,-0.7982892065897277,-0.6451083676791644,-0.11365639881360423,0.4420680062880504,35.906526173837676
-1.0396448009199957,-1.284179130424395,-1.05252062486156,0.6367834376926229,-0.6893617140457406,0.43579283639116323,0.2537815843529556,-0.2929542624232612,-0.035613915485588954,0.6265079989750759,-9.108509212488531
0.5501450174480675,1.7011571063986477,-0.7141594802409686,0.8116520703225998,-2.019367668423656,-0.7343104989038509,-1.2519980723813695,1.1330445300285041,0.37691002934801,0.4802611916207426,-42.422883292865556
-0.31787870664295087,-1.0578794151639317,-1.5537911649369525,0.03670034965138873,-1.343092809399185,-0.9218557086813169,-0.7573041415465813,0.5256487416909049,1.5235680320927119,0.8481962477011009,-90.98119211454042
-0.9834642737049224,0.17697576912909327,-0.7475922034558453,0.8207790377558463,0.20480573112182643,-0.7866710377507337,2.0251986435893494,0.3474637458027208,0.7103526514625585,-0.3210366314508064,-43.094897231322676
1.2296368624492615,0.9908170033800158,-0.09304388378374293,0.2085588180262139,-0.5368645306599028,-0.2020413036263274,0.49756386508534817,0.5798808166827129,-0.1629936238924461,0.15148513397524788,-14.801114628523674
-0.049402512814553226,2.0501688226301074,-0.6136233514824122,1.662257864046476,-2.072136750362508,-0.5564244697778106,-0.37298568237941476,-0.7361588873420633,0.857535235646183,0.04916295258298898,-14.341309445666072
-0.6964645205827729,-0.07788640914547261,0.8318822561905417,-2.1254945208875227,-0.9893479458871026,0.4136205334957129,-0.6839303886688823,-0.5694750796256438,0.4817111055732078,-0.08877326781056273,43.51123051578355
-1.1040309119843617,0.08180688371217686,1.1853008833169807,-0.02215963404305581,0.687250592124177,0.662783545955443,0.9499431303276645,-0.22638519588279657,-0.37814268487134406,-1.0906975283620686,71.63888246375325
1.5361807511818317,-0.13440984930031077,1.5824854971592668,0.8473818327426618,0.807650324498817,-0.03254485453994619,1.1350441837223717,-1.800988922069698,0.12627236662531452,-0.671041357263012,50.04705243161093
1.1970065252176383,1.407302178762814,0.0489040020980154,0.2423194656745837,-0.5606844565452117,-2.9967570299040798,1.7494659210172026,-1.287746853282466,0.20559612104288058,0.23598350870060278,-150.09215796444084
-0.4325840427301437,-0.16622957586849,-0.06835830362306156,-0.7546831503586382,-0.024974025735655384,2.2363188960815013,-0.9986056562941708,-1.583372121018783,-1.1628113095601733,1.329320715537734,94.62461944205016
0.09160257745250774,0.5844369701185027,-1.3610136494652374,0.18892520618743325,1.5438065902245883,-1.9269832375006894,-0.8494828702989491,0.7358783976553042,-0.7063189671179045,0.5108193897326706,-152.84327314648198
0.29257774713878615,-0.46967594054345335,-1.545969510950515,-0.18898708217922397,-0.40323783343331326,-0.1867333584936692,-0.006403029541688342,-0.9392179849395803,0.5024167016257332,1.8619211478994082,-65.52440775513622
-1.0988082508414683,1.2165005058295992,0.6828008204181281,-0.3595256757422726,0.11096223659551445,-0.11947349377950561,-1.52145637962885,0.41989158973849683,0.4601702010218432,-1.1870208148835555,21.89942932607977
1.1679548858582718,-0.09219566710417394,1.249712931368575,-0.9870184241002696,1.0860011251539077,-0.9891377208529141,0.5221111828135933,-0.5211010169461608,0.7434325185582301,-1.7810780838326379,-34.88640116398563
-0.06719486912058215,-1.4630150497742058,-0.485271733381175,1.6206424358601532,-1.5296093206627497,0.6535818216773446,2.6326232252443345,1.2557918506747934,-1.6273735782641863,-0.8662015739570502,4.338862730789113
0.1838617653322341,-0.6250074477802019,-0.773327836028811,-0.10839655379108072,0.5000956608228427,-0.2981526795362559,0.15554589584339848,0.7977217652532373,0.17339653051168236,-0.0010396997223609077,-19.61106987131507
-0.0643846639453469,0.43326153614398505,0.2048914892555988,0.260328263981404,0.9088510445257629,-0.3113682925488223,1.2427977901807852,-1.8135683718705164,-1.4039360503069445,-0.17259274284546597,-37.69771011684192
-0.06453455225465253,0.0689452743139358,1.1641145695628916,-0.6485291835539138,-0.6050998099004019,-0.5092244731815454,0.31595882392187286,0.09591194615340855,-1.2959061915172387,0.5305850232507713,6.350550800065575
2.0239762827513808,-0.25877948232596076,-1.319722939891924,1.2585960336805933,-0.10166611547081737,-1.2525779243695123,-1.3579709002322338,-0.6395728686727874,-0.5072475587086482,0.000676783797938522,-119.38121613188697
0.07423981129566741,-0.18206787940821256,0.637591279202669,-1.1510927288976853,1.5005301263870885,0.5781547413755461,-0.7096871832743936,0.037189425586722814,0.6730234924140486,0.48703056579297893,52.06753483887449
-0.5548985449628164,1.4501720941944862,0.7764168588295981,-0.9262874688523026,-0.5732154989249207,0.5663606109998349,-0.9584102819653649,-1.3823946211206437,2.141530357853891,0.12445339435345418,42.31798748451987
0.9154457501682339,0.5632136170141856,-2.6226754527266185,2.479196325832264,-0.19012317077761964,1.153938799480924,0.8474077303492356,0.19528875029110868,2.2893331990093877,0.155921502583589,16.523885590935585
1.2297771618941669,-0.12322817259058884,-0.9320825090332913,-0.14274120605740906,-0.8034143654117136,0.01792032474621196,-0.4168043396640357,-0.12412597805146984,0.10123003145822572,-1.162238226889449,-38.16735182686482
1.0328301878781003,-1.6436365748474313,0.9799629932421211,1.646300508285438,-2.491766333862282,-0.6280329062444018,0.4846758371540354,-1.7736030135459586,0.5904354861391392,-1.1928732050847572,2.0892488931290387
-0.45297117623354893,-1.3845104387489746,-1.9010859366391635,-0.1571146670062269,0.3152624080503648,0.761283819605068,-0.7406088409022338,0.9612270806527623,-0.838177393307392,-2.260539636720222,-28.158292071954225
-1.3446570557784838,-0.2511665806428104,-1.1881885776699883,-2.0388456027655852,-0.0991229163544744,1.4708808710905452,1.5826926572695728,0.773839021157231,0.09970687455195495,-1.7035270674352538,36.90522817756747
-0.78478070674336,-0.870346555992558,-0.11039738784611872,-0.23137116192306317,-0.32729116304991895,-0.23722094098365304,0.8889691694877135,-0.7974294923440031,0.3826487260918267,1.5367645695227496,-12.537314710238114
-0.10076706165286814,0.12895134749997197,0.7444709868909363,0.24607559016866695,-1.2083833491548008,-0.7583804402164315,-1.6398991216571057,-0.019857054555637604,-0.24256813367888191,-0.9788459292859542,-25.22015475190132
2.726157636348168,-1.6211084833871345,0.1930197986840657,0.7233467518948546,0.3759505963081019,0.9077938334056006,0.682428953156982,0.34868040691862345,-0.3722589448675885,-0.08236321349962102,75.21890960938946
-0.04127552846485814,-0.6105642373994437,0.032653927090472844,1.6383031985582168,-0.773197608568311,-0.7470242859737546,-0.5909300518410631,0.24181431399543285,-1.2453101771238417,-0.4118187623904817,-30.509315572362624
-0.7416792922267276,0.6210336498465437,0.8537760505256726,-1.1989991305215428,-0.7321927585626274,-1.9018524813186701,-0.45192651087614527,0.6743354826432216,0.11792623750050826,1.3929658943814607,-70.73917530602479
-0.7383969032171184,-0.6127712512022416,-1.8425783153426787,-1.2908130927967645,-1.529158333247352,0.49799243826525474,0.18380998209700622,0.0703686749973318,-0.6719617313789624,-0.5965554636461707,-44.754657224428385
0.17576239195870827,0.2766636837453845,-0.31700303114389383,0.18498372070331975,0.16509675699001308,-0.10761087886133122,0.5923903494280688,1.6486974360546856,0.29741618387168517,-0.42918718121154426,28.90634198789264
0.36419428774943324,0.3895825919290716,-0.6431580308099615,0.17432156695883308,0.2997284013030509,1.2423630537568375,-1.5669825245617701,-0.8826502647482861,-0.9173232270664032,-0.8052944801770581,39.19088060434711
0.06231169132837759,0.6925455270730232,-0.07331996089194914,-0.4718387446984175,-0.3860584230559547,1.5604012541339287,-0.8623673653642402,-0.35833046108545563,1.4418280716647467,-0.6362358041114956,68.6522477678421
0.1671651298191654,-1.80221588208716,-1.158409272882623,-1.6923416449592688,0.09839050876881722,-0.7139758232125684,-0.5076000825587581,-1.335184452236042,1.912687832729342,0.42944568019846757,-118.09120297320075
-0.6965100343309385,0.6727231774550109,0.5895536024054719,0.2627830369756362,1.4799049288880424,0.34975269546430826,-0.8522043645600622,1.1203351490442384,0.1710954530406226,1.2265774619916263,75.186685591269
0.9348128917410616,-0.13765319895477285,1.3987288578817005,0.7305958251894787,0.4825013423040253,-0.6066434339046516,0.07376009927856364,0.35747504345736864,0.1629568257711262,1.003983194964809,39.19287921432877
-1.5180630239413495,0.7868910543368204,-0.11222899861002296,-0.8603570509148071,0.40831942751673667,0.9469407357681437,-0.579338998685198,0.7096307624474922,0.01538563037813244,0.8541333224048275,73.15362641521043
1.2965066771828972,-1.0544241121560158,1.9338365501820474,-0.5288224092240172,-0.5539843341921674,1.9255914155820333,0.9839308691221231,1.5512424925978474,0.0317871937476248,-0.7293339361136333,180.12046570222333
-1.367421145031242,1.4588838445049963,-0.42361550096938283,1.4481595178497597,2.345371756364934,-0.33615490029663087,-1.5041471512300915,0.842820959073291,1.9436777929229314,-0.06151905783787232,10.723206229872192
-1.4839135639960737,1.0278739205531788,-0.40633311730976573,-1.3941485506501858,0.2700853959940631,-0.7839125999133996,-1.8242630906655648,-0.7452642303073472,0.9852127535059255,0.005038111810034302,-40.120996818029035
0.5993441238294549,0.7207432302275182,0.9601923214746799,-0.030069665562646623,0.474386081486563,0.42816277598269536,1.606650881863885,-2.1473436668389687,-0.5878734120072437,0.26659966139453095,28.751983959564953
-0.2697106306485224,0.15633860895522123,-0.7583943149652863,1.4660207709477444,-0.3688584148439742,2.013187861524034,-0.09374609930760833,0.9440474436755142,-0.6411472285453291,-1.9582133654500695,96.70167578712476
-0.2574569496288401,-1.861175878672225,2.148557184420956,-1.4327139506824755,0.8086523180042058,-0.6839622525442006,-0.7552697139482561,0.8410344982910612,-0.27880765042090405,1.6440786399892002,9.745156147048782
1.5460793692361887,-0.42105518930985075,0.5328697871518157,-0.024489604493763376,-0.3530706187069118,-0.10076144884168718,-0.24847537803617706,-0.0676909972725731,-0.32875771102209567,0.5921035521183485,6.11899270673157
-0.014182607042541156,-0.15507379506861205,-0.6755477124468146,0.946050518726846,0.46209604813322946,0.5166171812376469,0.029950117439993252,-0.7250577913072048,-0.8386026255469765,1.124343205110208,-8.779123697044167
-0.47937626870443384,0.04959593674593597,0.9914818944773517,0.47925585867817544,-0.019856525184697188,-0.09340512351008456,0.20693381781572184,-0.26501693027304474,-3.0305429581557557,1.6381293353382722,-0.9862727030901315
-1.3693701933529654,-0.8394690829317736,1.7896960435288503,-0.2455234137645538,0.9146509779719327,-1.0900231776827398,-0.3568584718182054,-0.6195997167785635,-0.7289012332227157,0.03925768771350723,-26.14463702694844
-0.8760751839629487,0.39838099742765515,0.22896049466182591,-0.6863219894023763,-0.6222345074583128,0.9113716997481978,0.032176976918650846,0.17027018662678337,0.7777949924451779,-0.6385610718000921,62.37325462460038
0.5685437741227334,1.3415810897556895,-0.5328232624224922,0.45528833008121955,-0.2471341386962857,-0.37458061843561136,-1.3515869009138282,-1.082577856664554,-0.117748841721411,-0.7105841549206052,-26.300298600139904
0.230491686795232,-1.093555009087518,-1.3941367163191438,0.1245340804121554,-0.2480764436391593,-0.7439622765422773,0.9243147470491161,-1.4587734562276717,1.1781428100200266,-1.5304836446913164,-83.52736996099182
2.2486507315324182,-1.1138614723512965,0.9193350673891695,0.3334521488766645,1.4562956919631118,0.9453910409194476,0.6201930966411209,0.0016117743815255159,-1.1857273825725445,1.0999311309142534,55.80179707402713
-0.3967942507500343,0.20249393499820473,0.9698311382515765,-1.5923958652842978,-2.2095201103278463,-0.08568875452848684,0.9882717295353918,0.5028935433154665,-0.7346986092757993,-1.482311841421201,10.318487835319996
1.124992098946328,0.32160765327767543,0.7796337330072495,-1.2659124478588448,-0.8979119050814756,0.4473777960817484,-1.5643932550013648,-1.3363384707267598,-0.006164521941670059,-0.7213320781066417,26.384106850453303
0.37767724030425426,-0.18973084043378946,-0.1485114026002644,-1.2363801252036095,0.43024252390634404,-0.5870194010452359,1.6227512333635121,-0.8214805162125312,0.5960705960540433,-1.1890059620489162,-56.86304024404451
-0.5222943323807696,0.35173337555704676,0.1294604949801632,-1.772195912156252,-3.0803689915940438,-0.47390550848179935,0.5009039144961944,-0.10634418863519556,-1.5103165964983851,-1.1626804687213173,-57.505725439310424
1.0205547021299604,-0.0947288387341676,0.7241093549536923,0.13793273805137382,-1.9063544118942948,-1.4742481399551846,-0.4443033118963908,-0.2625135287366738,-0.6662699082832612,0.37179582918453086,-80.7918801117957
1.1803713370424322,-0.5772598938320174,-1.5091800610080859,-0.07996022180771287,0.12599454123288134,-0.8130983321829153,-2.0007249677135484,0.3806172792385994,-0.9613761552035401,-0.38187845047299374,-118.19502523018569
1.2073637388305842,1.417351839798092,-1.0557238233733508,0.7150918833816722,-0.08162928323317299,0.26688972745401435,-0.819006648225105,0.7511113519178882,-0.9248591645303345,0.8135552850784746,3.9778510301371215
1.2477879065575057,0.5782314343521138,-0.6213122317912013,0.16242484661323486,1.3463930641636646,-0.021474135988182708,-0.26666488835756647,-2.1654946157940906,0.1807430695109819,0.45103905518834675,-46.58521224693615
0.9579661676526803,0.6202213852676138,-0.2555232149695056,0.4090554457076343,-1.1782331235937982,0.5224603783941413,1.5140896569508053,0.05048658723784194,-0.7522508340296423,-1.3401128601093693,13.888341102321643
-0.8277668771553407,-0.4103031552659711,0.28374689428739985,0.1025431639923725,-1.48624286153712,0.4522795751972308,0.27230749319008274,-1.642124762035786,1.2553254463676427,0.06859184592981402,27.511442505911464
1.8795255925882535,0.4882275744662247,-1.2372286208331091,-0.704832642241931,0.05981757090234977,-0.14988453400584034,-0.10117505408408187,2.178517876447499,0.5985382279354489,-1.7479728517204454,-35.884418423925695
-1.009987370753168,-0.9799674082739168,-0.07310624483304401,0.9097150589858877,-1.3081795634446571,-0.537356413615459,-0.10123218929563985,0.5566321942633252,-0.7367264939316647,-0.5378863012671607,-22.997139509629406
-0.05171998677934202,-0.6455492747249412,0.8767532998888082,-1.1270750716229554,-0.9692117836746347,-0.7660827263081945,1.5315245292051582,1.0556702273654688,-0.26091920235917054,-0.7134064775701557,5.803656556344642
0.8003293335309928,0.24909775520871444,0.17353252061606533,0.38812195724353926,0.4372520211393285,-0.9543533758216,-0.7470259838662817,1.3449197772900343,-0.6249299650387513,0.9362797036720865,-32.286304838341565
1.621588196872764,-1.1061525667638077,-0.46616645008903723,1.0242687681352816,-0.6763170789324986,-1.542467845327958,0.1898474219124941,0.37269012457678763,0.22498272034056016,-1.5632035099673869,-103.82617096286705
0.799883513125556,-0.5332712217434117,-0.7289316424523387,0.14330190452919386,-1.2556668426112427,1.6399239464646322,-1.25824586710547,-0.23255305386626426,1.3214722445634244,0.8460462434706675,100.94238623313719
-0.35078927021283235,0.7326767583905242,1.8684384526355873,-0.1925427015560367,0.6984139606687525,0.29085766643861505,0.4412052656284056,-0.8068009240939631,-1.2287374226655248,0.053017641352360464,109.34463959175146
-1.5186926386119697,-0.5268576355456024,-3.828569184321354,1.1870953541621327,0.32287279749570325,-0.40712491110182686,0.5966333284613137,-0.771591607019803,-0.4026907797075906,-1.0692087597553523,-164.2094813226622
-1.1981983206978646,-0.8890163715144659,-1.0756762859162388,1.661925731258981,-0.02535477304081277,0.7689042119982991,0.8296744011066621,0.2669384543869803,-0.5223210260410508,1.4956323638551037,3.167630209740622
-1.210403690143655,0.09622665397293423,1.4982206512823937,0.562092315077529,-0.2046586634498729,-0.9539602274147889,0.2526804302774572,-0.17207359176570014,0.10297336834203072,0.3622233197353737,-16.127764249754808
-0.47286442129176204,0.8346805083494189,-0.2658178051801186,-0.5606292583291236,-1.9495616046398825,0.031487654774637906,1.8039293541245631,-1.8478325687023256,0.5668937250358446,0.3523710518218059,-12.438178440640893
0.483049578316743,0.7908188412124321,0.6672852305374023,-1.1668544391645401,-0.37621828621295417,0.453906841695982,-1.608975528472778,0.2467145680210086,-0.5946136061437791,-2.0685290035103447,36.30137404635866
-0.6367680208059419,-1.697196423685718,0.2669801681363102,0.25628914773799083,-0.22053400326684233,2.708715857729566,0.7117856388866345,-0.9516842025785258,-0.2666254515565524,-2.0958009330088574,129.55341761473645
-1.102980973503924,0.46282088662097093,0.24537591985654583,-0.6520080864178601,-1.177765296042462,-2.0214377445675895,0.023072937669108944,-0.6858242072493224,-1.2467894510865085,-0.044785051980444884,-106.50487217973992
-0.7778389632132037,-0.13998847924499416,-1.8767083011929753,0.08245256994428253,-0.017774016026081158,0.1971814991564523,-0.30693760770065076,0.7268337330978745,-0.6972635979420216,1.1143179622472255,-36.05200034916775
0.506562466352956,0.967120587801663,-0.4099756704147734,0.6679290156854779,-1.8631889373213528,-2.3397035702477558,1.1964019205320664,0.25594017672071023,0.04583129860965186,0.4754307321575564,-136.3352242337785
-0.29659401712596034,-1.0837677464907647,1.66432233139068,0.35594540555953097,0.09390230908088995,-1.1185671380396045,-1.3084141351602898,-0.08222182296244875,0.6484360687352366,-0.9948105190012054,-35.38761024876509
0.031483850765297666,0.5135865498846116,0.06484803955156324,0.7005057867262602,-0.2618709128053415,0.8452739369773047,-0.7379319619172738,-1.2153519739888283,0.8842624993714724,0.716206747414595,48.75826719683391
1.0372424098147799,-2.2051457618350554,0.22091016654578025,-0.7759991255273087,0.9164930190888618,0.9334335495241087,0.22485715868204345,1.259181299983094,0.07806318035579836,0.2508668650617176,52.657744044922865
1.1109477390617457,0.5666105982624898,-1.1926731968485251,-0.42205783294582,1.1435567988664963,-0.8547855980397632,-1.4832878727904855,0.1365011370321825,0.03427390014162973,-0.18470105619199373,-91.16583116031343
-1.0759452414992339,-0.34837733008032984,0.5249208047325059,1.0252843946947203,-0.3333132118831799,-1.045736911963218,1.9975423053509005,-0.8099731197531486,-1.8688806337925734,-0.20089161467526426,-70.7875246729013
-0.2738300794965504,-0.74406332640086,-0.5611982191221124,-0.2808798669799714,0.44547449227180563,1.0979828606042001,0.39984628217429236,0.43312911878227517,-1.6531705768724483,0.1383865688501468,32.09195837462821
0.31207541757371027,2.9380719316756165,1.5085881503769818,1.8426355102021363,0.3820228052132034,2.7768909831513158,-0.5722016514307543,-0.8738474261352039,-0.31350970264415734,-0.5666914369774185,236.04986942152166
0.2996293130178792,0.269112956048181,-0.47187898849904575,-0.489417716630874,-1.535130536818319,-1.7176889279129413,-0.980040707545333,-1.9027137133388081,-0.5142623108322448,-0.8971641774959872,-150.99631604752906
-0.7166451307904401,-0.8798562941212947,-0.46214566617136793,1.6690017195049822,0.40983489004644447,0.3385219703404477,-0.6446985678619901,0.8290360106012219,1.245310743142855,1.1346583182790764,19.106674660112937
2.169381516111274,0.045674580867920866,-0.37527918616987305,0.14324403480223208,-0.20254343075125916,0.605900616545284,-0.9564627813799321,-0.9599855165113382,-0.018826463611719354,0.5064452827460885,6.880787392844875
1.2450316090813023,0.26490821382847146,-0.007689519242559513,0.5448646257555368,1.1544558482281737,-0.44057478401900163,-0.8971291861790132,0.5317864972115806,0.25179115512027833,-0.6196272406371923,-23.19477871616678
-1.9534761739942703,-1.5414421071816031,0.5584656361872716,-0.7247597262841825,-0.36380164480177274,-0.4540536956341552,-0.3496872941557014,-0.10359928334654868,0.1373773784477495,-0.3702968215230809,-24.030737737857446
-1.810049174041606,-0.07495415242101244,0.36863980784972894,-0.07079857137598902,-0.1401061034402308,0.5169112374328206,1.3935210486568097,0.30725538013100395,-1.1773340656141067,-0.6708638656093683,28.01855832812491
-0.20837310368501266,-0.29046710040178325,-1.111015179425626,-0.24244635899962094,-0.8932735489964402,1.2811358229365917,-0.5428070652512487,0.8370370676724647,1.3747500806109603,-1.6833068730070755,46.99983662231495
0.5835871117385524,0.39681948219678304,0.1636172823885573,2.9087710191163136,-1.2372770791752672,0.8972879916675011,0.4101847016815425,-0.2751555139212715,0.49390949948482654,2.1084210260975498,102.57663186133325
-0.08085511589839485,0.6760674124163257,-0.20339437007605568,0.7023806360032667,-0.4231835915447547,0.20164884425326904,0.6851373033978846,-0.23114142960179196,-0.7673848111436922,-0.25634623834435616,10.730124083182922
-0.7284835655490435,0.3603610887595799,0.05730153999603542,-1.7505594528794541,0.6082548964969205,1.6770500033669677,-0.3853745051054687,-1.021535672490334,0.5337285194102686,-0.08299677435340985,85.33258540460125
-1.278726150322279,-0.37730227372375047,-1.5711862935708527,0.41940410428939395,-0.0842247846067739,-0.7647027479817285,0.3736458041298464,-0.7318465721121802,-0.35152706139328815,-0.37918653370335303,-88.30955977932186
-1.1666411150620222,-0.4619205925863987,0.9682913611314233,0.09314685680509945,1.4098025041567535,-0.8963362610328729,0.014468034300920333,-1.2834423534442285,-1.5553496983107868,-0.24581153081448168,-47.665271606221395
1.4854353568619407,-0.7395397274387029,0.24525682167553559,-0.3700203319701959,0.2762255702015121,-0.552008171969862,-1.228858360594574,0.3874614108672313,1.7809919224144812,-0.089435789560739,-28.879580802281325
-0.23515444418225767,0.9935594910680003,0.5573553420578523,1.0873779074966763,0.046326085999487045,-0.32494642062470924,-0.7471868133224426,0.7065381477888186,0.7604603173787109,-0.46865574649114283,50.740892208571495
-0.2849750162945638,-0.40813880666284835,-1.0858419381269626,-1.1902156831874728,-1.0897752264172764,-0.5449847262818323,0.07930097105344137,-0.45383482783676493,0.4782382911492261,0.208968342693226,-75.81946259838024
0.11410859978415666,0.37568585481501976,-0.5395820873647604,-1.5746848387932144,-1.4154374757997183,-1.8314677135958866,0.6240639336754339,2.5990377444802184,-0.0029220192023593204,-0.0912700253025427,-112.63952839174227
-0.37875573431417786,0.7216754474963879,-0.646792548463477,-0.1846989274002177,2.1337467466569886,-0.5759813622403964,-0.8295645762874486,-0.6091537577265234,0.5990514252856217,0.5868546498535857,-41.31857277578461
-0.27682722432817397,-0.4787807426944684,-0.024504488399356834,-0.7099885743916726,0.3195840348167079,-1.2548956969124059,-0.26804128686001777,1.5125500133614234,0.8127861151176218,0.8247306892369185,-78.04435168107673
1.5165147609396388,-2.8594602927646804,0.7718138156568443,-0.5817988583383816,0.9531378746705708,0.7379270436831499,-0.5868549187518174,1.4266396833606507,-1.6533399504463326,1.4912512941740022,40.10015289784778
0.22699783995538172,-0.04541427346011915,-0.9224320947999043,-0.8499089681432805,0.459242608079855,0.6604138984666917,-0.5601593128946661,-0.6843775792795892,1.463087636887039,0.5300219802046229,2.2973414255460964
1.5725841420554296,1.6130561425919696,-1.7062477471197561,-0.941135301096987,-0.20866598448966878,-0.2539232837634861,1.850003362908872,-0.2349316651253366,-0.26105633587087473,2.2729023906120243,-71.21863721930893
0.45449967321078905,-0.6689393431425684,0.23852941537385783,0.31033394891128846,0.6545740655037015,0.2760993838541524,1.812784448137404,0.2801149411746372,-0.6609705717417815,-1.184363034658014,49.232472184847964
-0.26410667851209063,-0.16060036956046253,-0.1998414092678728,-0.3827901327572109,0.5826016514321718,-2.1987930293709317,-1.3789154655505855,1.440536090904249,1.5076484763976756,-0.41176015839651,-150.06184454953546
0.4434857106791284,-0.32952829347518003,1.8356663860701945,0.18999034615498644,0.14198567640012866,-0.2729676508849593,0.9342971104746831,-1.5957563079169066,-0.2963178530333504,-1.1722635358511084,20.1369370331216
-0.22220267598842722,0.36211328136054594,0.5547510470534386,1.038945506402482,1.847795582767149,-0.5066109565295418,-0.7809169321583883,-2.492317644342687,1.1832259416508029,-1.0358693410261335,1.9724461489118514
-0.23753646101535766,0.32086586058014577,-0.45973996504041653,-0.1596129624957958,-1.6093179404261537,-1.5640259591349763,0.20357556272044366,-1.8692980902113145,-0.5862299701266014,1.5219956738632725,-111.47753678863573
1.0346827045231466,-1.0307145251370389,0.1769711139320019,1.5526502546263692,-0.7594636522736077,0.033273246810274444,-0.420898280125077,0.9401979829821918,0.6984248440602664,0.32273272824042876,17.319162659409336
0.6700365545326189,1.5902174733977978,0.5653540482750289,0.42219007686494464,-1.123354616836352,-0.6909097749642376,-0.9200068844850814,1.3209949771613718,0.8196294837111207,-0.5003387793767681,-2.79347322480303
0.7310706091403363,-1.4992942903954336,1.5552795263171084,0.4188870846212374,0.254754695553043,1.2934224006467523,0.07981103736828903,-0.8903488787224879,-0.13494457198065624,0.729380399005988,124.3206160938029
0.14052779312935645,-0.5314795391848703,0.199247681549045,-0.12604701804937163,-0.10060249757404201,-0.05064158198505636,0.11343248223950664,0.44989818956749483,1.092665723605838,-0.3452198673895132,4.483023193668255
-0.5771936634732406,-1.5530160539417834,0.1844346977492924,-0.9210496868532022,0.8431807715685107,1.0771801761202147,0.00027653114839093853,0.3062843424652513,0.48665421504659817,-1.0838514775171542,42.767810121442466
-0.3933462188519801,-0.15396893662008773,0.20104574898470598,-0.041007513971486866,0.675693490201915,-0.7101122840824634,0.022008373670245582,1.4056842942519234,-1.2738510294715242,3.44753542694066,-38.26134149848833
-1.6608866733521415,0.6591488659568308,0.2219832346521453,1.116352944588513,-0.08363816705077004,1.3226852665975464,1.9935316717924416,-0.12839275132350833,-2.2533444532859943,-0.6123459804053436,83.29823833892738
-1.7288408720833868,0.5580361315308886,-0.45434305735527636,-0.526829014550166,-0.8561693762619825,-1.1921241386365318,-0.3577839680789272,0.2919544698674929,-0.3506728992252939,-0.9710957820066901,-68.3371540843005
-1.9444934872791135,0.763242813188623,-0.0819846386687274,-0.06746635122792627,0.32639722851276176,0.710395202023831,0.07890065476924712,0.09667293189939564,-0.04965209327115387,0.952429183771881,46.65528500025222
0.40180359632134627,-0.1134177945057044,1.1800267008497676,-0.6312668586626583,-0.5033419011970289,-0.7889431726551334,-0.11473523738153746,0.05876760954530159,0.6536699444556617,-0.87634820178799,-23.88292845478704
-0.824710091558532,1.3002131604707687,1.3522473164406648,-1.100251594633071,-0.5513613289734689,-0.9032477039322273,0.34253816321778197,1.006135306561149,-1.0646670473377104,0.12732587245955918,4.004281951535376
-1.4731717665233481,-0.9016700943879408,-0.5942730717479606,-0.6411032477822496,-2.345518978846867,0.81873731958444,1.3133651478462873,1.7576301606471865,0.05060070764239848,-1.3256934206441267,34.38268194637779
-1.3259598368417485,-0.30254697705003275,0.04758678277186174,-1.2398564410358066,1.77242476989036,0.301526596925162,1.8422288408374963,1.4588337896842078,0.008037474932519164,-1.1013826501529054,30.204787771770132
-0.508094834252394,0.6459364672657878,0.23120731631990663,-0.49382285613154825,-0.708651426202725,-1.378480364152833,-2.154704441762884,-0.9517745910322396,-1.7066606709086272,-0.28172139671485597,-97.2309545818572
0.32263895052499286,1.1119504799454565,-0.25260346912594933,-0.028560682984923428,-0.03585359710357617,-0.12294180922090946,-0.05164531821055096,1.3378251710406412,-0.3463476102569782,0.9270589656863706,6.688438128045388
0.31744700801202075,1.2623559105283522,0.5200081883826748,0.7958110487828546,-0.2760609245180542,0.8482784023632606,-0.5520996623322797,1.1195720921285766,-0.2757678236362274,0.9694620306092206,85.22821381421059
0.9720428193074698,2.3667134397176026,1.052403698017287,0.5640642450272699,-0.28109426817393474,1.230672871132182,-0.9417640762234678,-1.4613365434549395,1.1342853744893906,0.364219102186897,103.8222007359701
0.38055557756249264,-0.9955172161164634,1.4775004778868561,1.2280613291719091,-0.3653143596613745,-0.6570879600325482,-0.4093366922958599,1.0949733697124524,-1.772734474810827,-0.4457157823577868,43.91618980717558
-0.8175833904345546,0.5118953924688672,1.025113074206572,-1.2767136086321222,-0.40452821481030155,-0.21796043563679962,0.8004537294782759,-0.8443395874890928,-0.9664913053282699,0.5830244601072615,2.652674088142284
-1.3932184608326603,-3.2748107327878797,-0.9331179721409314,-0.08942823374577072,0.09804693859410314,-0.26299730893114653,1.5863753046311055,-0.9983699472016083,-1.175615087454295,-0.4227096538044756,-72.14000155958927
0.9141971316235934,0.6902641970005992,0.5799103629217037,-2.9262143939618213,0.39049872818501385,-0.03194261709246257,1.093223670271318,0.24194529128913966,-0.3466133103643704,-0.7601478929740819,-4.563555294667393
0.41609954375427444,0.2164723711920643,-2.197455631099082,1.2184889977496813,0.4879343059463566,0.8334201505441098,-2.7158077849440043,-0.34239921651281197,1.4991631315730611,-1.4229649761083263,2.4391654257309527
0.2793514038773059,-0.6193057206195346,0.6951962898681668,-0.16921663533103593,1.4328960442912462,0.36762672830073184,1.3793580615296994,0.6536947266855447,-0.7531444195915528,0.7633403545707823,46.60783502467062
-0.17602201310537705,0.09968261927174447,1.6211849415917865,0.6999593498086409,0.5433685264078422,-0.25656966884926474,2.1088588510001025,-1.5859878619558931,-0.7853261136844432,0.14833271992329108,5.779638404233296
1.067826297437651,0.5115634505307588,0.6383715927190398,-1.6371893478416315,0.22566616889155938,0.799456813642032,0.6747337285437369,-1.0296239718967495,-0.9005251556439361,0.8967785643673776,42.026660469157676
0.9612128927802014,-1.0946140453856967,-0.28224071224176556,0.9245178202613548,0.09109857374431164,-1.5019155611584984,-1.1441510030609983,-0.5860607464544855,-0.9406981792687833,-0.6844996943278424,-128.40590116633777
1.0594679048074598,-0.3487111762703192,0.0383515585862749,0.6805799550839448,-0.5667366563095662,0.16445318770112383,-0.8081773059140868,2.473300617092406,-0.23509903853541106,0.9026090204599846,34.95307224242042
-1.3182262078276477,0.1756862912293756,-0.2248752869462731,1.095090537965088,-0.22159036043996308,1.0055528209094189,-0.9387491658369751,0.7686905658772034,0.40273573288572406,0.17426241342353596,64.50750157783132
0.7256026226205103,-0.4750075339212067,-0.3848737893423102,-0.583318098538909,-0.39878212003355146,0.38671951209001065,-1.5596696417262876,-2.749195585951802,-0.7875504931030856,-1.0735652525586463,-46.99948705594981
1.4923127220153078,-0.20749593115255488,1.2043092029466127,0.5423780129686949,-1.2253477088344198,-0.3812010935735731,1.8310356643297532,-0.9322925778875493,1.0786250212309543,-0.4721898507715311,2.0242904959945918
1.7473920907755869,-1.4675668516994067,-1.336646551480077,1.1224351906460464,0.06250037416249689,-0.9995825989745638,0.09431945008616245,-0.6362502211837766,-1.6642779769333993,2.7272276074097324,-146.0657353868215
-0.15149691362948897,-0.07062452272007942,0.2609368195127913,-2.0737117234005362,-1.2342861316862617,0.771612410551285,-0.48595484998573985,0.060127939016530664,0.9675533545586282,-0.7532975686050638,32.06445651592116
-0.5794254508702186,0.7832495141787568,-0.8356629408993449,-0.5824239015155784,-0.254333779916961,-0.034109155653575245,1.242200096427488,0.6648041152231935,0.14141684287579526,0.5780902441387443,-51.546850848862086
2.290184722282124,-1.2246105359495836,0.6676644433510257,0.9169630078650555,-0.27875134760561737,0.7448166379495068,1.0596778785550673,2.278653320724721,0.02656790006949077,-1.4352028783998243,88.33124227641049
-0.9413719289822048,1.4991440366328577,-0.08779818064382,-1.2078194200417824,-0.8111429934919436,-1.6759366083178622,-0.2688634466067978,1.8824343106269201,-0.959741041421088,0.5363893191566957,-120.73841798799516
0.0563314040300813,0.22460577161164216,-1.4232046897273536,-0.8751372008723074,-1.917716446423514,0.1333081142364472,0.9078705993330672,0.37473741423435974,-0.26288445744316413,0.7364072614123738,-77.98115441065228
0.3251928809823212,-1.1191701879869105,0.8040264470396009,1.4835879942106003,-1.4442853202004298,0.9919982967498916,0.5376513992871425,-0.8896272030391492,0.2901550391345195,0.4195248235609764,78.35820041232634
-1.535148011394322,1.1204110508904495,1.664932439238886,-0.4826769617239617,1.420375517189378,-0.18401519747136158,0.635492842772573,0.0046462550692546924,0.8807594783943974,1.5203929245879664,50.10264147531356
-0.7580230326106114,0.7894800887740984,1.7064936539951303,0.08916663385152925,-0.5684649218742587,-0.672788210784114,0.20194198756702553,0.14538564206114044,-2.134734891662263,-0.7879855347808231,3.855105975270634
0.045492279345923425,-0.6137423484805309,-0.18342770735463237,0.37862734319782976,-0.25351588910146095,0.7550111758569392,0.7606829223692184,0.27774509950860643,-0.6782865776054171,1.0833484192539997,71.43143438408205
0.9423209913344086,2.368746340928043,0.918494927809722,0.46471933095462226,-0.2572336417841784,0.7992494708796696,0.15526648700312326,-0.9894106108015853,-1.237130242828595,-2.0773817820027136,97.4978783684612
0.6399477096347055,-0.34467169898821187,-0.3114328428364248,-2.5941227852816935,-1.7312495913724966,-1.011936234089496,1.4872051694695474,-0.021475744059799334,-0.46885093106938247,-0.913933063244617,-103.29769598547577
-0.49192041281219845,-1.3171479151766048,-0.9518412600400122,0.5681264301302014,0.5054167221444362,-1.0036555498123665,-1.420467257518621,0.833341305309382,-0.6977130945513454,1.0122300771432409,-79.57554091249717
-0.6043484361088983,0.25701423816298163,-0.3298291919195962,1.7369310643342084,-1.2047476127787962,0.6444795075663053,0.8165493875360228,0.5502191986182372,0.4349601848239329,-0.5426031208393814,57.72601958241985
-1.3107962056829918,2.7067805091182757,-0.5776388882320387,-0.383166790987319,-0.3910379747155249,-0.395147501714127,1.3509588540831745,0.35094478787662836,-2.099403126313573,-0.993899158770035,-6.953013096101316
-0.9747541456205427,0.705644634405621,-0.5495513962636651,-0.13125920099686153,0.3218853252594114,0.9142500609597057,-1.2140448972140332,1.1303863314643727,-0.03340639977567288,0.299828913245414,75.2207079963348
-1.1394805003875348,0.0842142757939239,-1.9200931700778012,-0.05692182775782504,0.7555248477587972,-0.2035121941584191,-0.031068643493079414,2.549883480342621,0.3191486504024402,1.1820580954690598,-47.29085198641849
0.4065214491529943,1.7648065719277142,1.2040978481615874,-0.8941727834588886,-2.38663947939674,0.41609757930758967,-0.76924127306705,-1.734190678685705,0.48690789057852135,1.3206452655930452,92.39366906277945
0.9190025201926312,-0.9334118699020452,-0.3295480119475342,-1.7829877960985046,0.3479100647236693,1.6818703130260142,0.3206512674069727,0.5287605181032179,-0.06586889772918271,-0.7986901519441463,87.96837447539005
1.2907757040665724,-0.006746448297170371,1.4062339136374478,1.3613254029528998,0.3505028943917579,1.0841296203343225,-0.3108395676173319,0.18556544967834104,-1.4197227010823883,1.0121166118766247,101.65778634387601
-0.8889178691956023,0.15455677487097283,0.02665590881366775,-0.3406896826910588,0.2716040316566713,-1.8211964638956488,1.0088828495483075,-2.378298171088691,0.6224945823496906,-0.2239814529101325,-123.49090422836116
1.0760641148227796,0.003338589950741274,2.3900455395596394,0.7417862529670348,0.7198062735239014,0.008738219775372015,-1.1430166630872933,-0.22363642775878076,0.5560714859936526,0.7487025438763891,100.556215179872
-0.834035052361148,0.9109601956390134,0.2792149799838382,0.000879042431427501,0.01809303960663014,-0.3188178061227669,-0.03144187686300698,0.7886304354608062,0.41878737611895395,1.3317387309937514,-3.658731896373828
-0.9433614514756443,-1.3593121247356523,-0.1422230077630822,-0.5465318439367602,0.34490056123583107,-2.0110092090733263,-0.5779958113915835,-1.0546807247712744,-0.06949197132617455,-0.04564271688540481,-132.527205431476
-1.2867745192256965,-1.6125585015216422,0.21560948924943776,1.256329897099596,0.27400178103301936,0.24330775251126163,-1.1974816878264731,0.23166735139010333,0.7825090724256549,0.5525863743731347,19.435788653945693
-0.21935509809451387,-0.7961891123065225,-0.28180831412205637,1.1840347215474023,0.5315170235144872,-0.662271830360285,-1.4624342790844138,0.23557603569026345,-0.22291938151504467,-0.17296221520209396,-57.869075279571646
1.9279015372199186,-0.12119647930487905,-0.11758648926849627,1.5502975215847186,-0.651600063275867,1.3456410318752416,1.977482753028045,0.3514021212723068,-0.3616415585234028,-0.1095021270340258,71.4713066526758
-0.08400488636762787,1.4822365968845945,1.056545744621629,1.3760865623052538,0.869728124768544,-1.9532014281408556,1.0197670286296456,0.3335284334680604,0.4728164843521117,1.792145077487342,-57.54884528706937
-0.29998796991982724,0.08589622418692604,-0.05676890391210785,0.08154212917446216,1.6414238988268688,-0.20141750064235103,1.3252144248235163,-0.8998524156777225,-1.4164855283608118,-0.47222705576979257,-48.342887692727956
0.702070338246964,0.42241020516135463,0.42313229331485874,0.8001151776640135,-0.737865992082608,-1.5767056159824948,0.46782729081791974,0.5052940647913536,0.07668038212339132,-0.6785068345712914,-43.08049462685974
-1.0093620467376758,-0.8824154346540878,0.8528137533664499,0.19311217459293042,0.41045899230767596,0.23762166700857124,0.38281220834803825,-0.9336561975284094,0.7007228108337655,0.6830934829073212,28.91531595750287
-0.8694593581065677,0.4591668514284798,-1.5105666405640912,-0.5790137451456491,-0.6676546568705282,2.1536850160250283,-0.05248759537790009,0.827680265473306,0.9502661506673287,-0.5486740705538637,80.05614072468137
-0.9101557928331777,0.532580216323799,-1.3681488985551038,-0.5545536510615104,-0.8686350759004344,1.5726445033643157,-1.521984019652379,-0.9555754122401707,1.2090514894810689,-2.293979848863714,31.520937330569673
-0.8437957369336494,-1.400002557291148,0.9108994928985751,1.8493890115972555,-0.9198185893239583,-0.656297573553409,-0.572132251868127,0.6165791387841385,-0.4417473453323411,0.07261622952428964,-12.31806865328847
1.039697784697594,-0.5766665675631139,0.38274659507272024,-0.9737317936208802,-1.3042756176448562,0.8329697101235757,-0.7785694458783934,-0.4227868180721543,1.6465222357948963,-2.176273672513446,70.67908639624224
-0.5230237310114643,0.6651577993244138,-1.1040243474619615,0.013074083454855478,-0.5252284863133826,1.0782866040143875,1.2227458426187219,-1.1274137407375404,-0.33601297420029363,-1.017406546144837,0.8742423538563209
-0.5996608597780135,0.32019434465995283,0.27998106069657,0.24513473098490302,2.104878199147035,0.8449205011443928,-0.9461881889466872,0.16066548088131316,0.050512302346865906,-1.9829770066860095,56.53813521405714
0.29971796444679355,-0.29519088655070297,0.9163609884010028,0.35851086240780333,0.8415170580687643,-0.2594459220314546,-0.30405516616310657,-0.7660010782340708,0.3312876662052899,0.4686494456400622,-1.0306917986243604
1.4070981454911977,0.394695686010679,-2.377498717429556,0.1588903564253686,0.42543443159428473,-0.6601419101887501,0.36501137479425183,0.003981247136073962,-1.949109772485035,-0.5757724887648041,-108.1291235828988
-0.12740337790981784,1.9377527007854722,-0.7973313507655462,0.4334412921874275,1.1177755345964306,1.5606211159102565,-0.9575065353003083,1.4126308881208502,-0.46498918775878456,0.07991917803743065,91.7369495100053
1.68955454335873,-1.2580691090393619,-0.012961761592934969,-1.0819158408273213,0.8152473831537673,-0.7279536320127798,-0.769397083008521,-0.9789659041427151,0.3819162071086914,1.0647858897122349,-59.526035498513565
0.39171911038817087,-1.4454134957548344,1.5734804820878194,-0.6095592104816815,-0.9655940375556588,1.7099331503314383,0.20130378009268066,0.6931043726043412,0.668447905396038,1.4578395648703657,167.12790164804724
-1.0593678937209092,0.02458181759452449,0.505591196353946,0.4574056058798637,0.06319628679154829,1.5716398445608393,0.1371223914706308,0.46580677204433923,-0.24683167213849821,-0.8568509037393902,146.2475741289674
-0.366127213848299,0.006077466511866923,-0.492617412271918,-0.07603973286844451,0.23231745491953135,0.5702012325648651,0.06436110232207902,0.7390264874325968,-0.18413973385274732,-1.4746332956529653,42.809202683784754
-0.9586127940467017,2.145330276618639,-1.1868109816357668,0.41178336219617334,2.41522975235406,-0.3705859383590904,-0.049689782178858485,-0.9885744379073138,0.4300006611691985,1.1608030673980718,-47.84748316667384
-1.0455204314517625,0.6559834645641028,0.3144072704052816,0.2650634974957184,0.8253341697264687,1.0131913611201444,0.6531094934224638,-1.1148047704862245,-0.04487421744915892,-1.5518332107749027,65.81709437284867
-0.04178667816974704,1.297102641829261,0.8615710025742935,-0.3378288774780954,-0.38344340082203476,0.08842298340553165,-0.9412295485761923,1.2000340943831527,-0.40732398664658065,0.6010653262322739,52.70931226176107
-0.7222044687717875,-0.4519573484374632,-0.9717795413678064,-0.5611471266554591,2.1004044103898685,-0.8213340728253151,-0.3975786806524886,-1.4649382899266095,-1.06567563412146,-1.6260927946153616,-106.96297944780676
0.3167783049247983,0.17279919252545103,1.662509151413978,-0.9011593423657659,-1.1282979768566652,0.5941112990119296,0.7901260409019962,-0.648498628217776,0.5199539299825248,2.9994435534661985,80.69937511117544
-1.1985308498357852,-1.153773218513463,0.6830830708721565,-0.3730214355049514,-0.5694003241836959,1.188400154361843,-1.222623509952347,1.3473338633602259,0.17825623072686403,0.13213616533467643,102.5513477095753
1.143671470107544,0.13185746743938623,-0.6934189151902702,-0.6385825322851306,-0.1038750224460118,0.6662242744071235,-0.052732639902784775,-0.3073222943208436,-0.5631725695932492,0.36997794469456624,19.600183605898756
1.0739086648338187,0.42725610499898664,-0.026878158290366685,1.1083206464607416,1.4435737742323962,-0.2905961963916314,-0.1023077833049603,-0.7166241935625779,-1.3252361038330582,0.7181949728532714,-34.072377260051546
-0.7171431359351795,-1.3505130523397315,0.3963236166306558,0.6256148838373587,-1.7626977369049943,-1.3445543805375446,0.5372058685667223,-0.4192872957079466,-0.8389227671375903,-0.2815649046894567,-64.07077937386724
-0.0954634126931539,0.49176105217224975,0.751894278667816,-0.43837597633296826,-1.2607694951557737,0.7749468069572419,0.01441577334249593,-1.5049721750550833,-0.5073368263515357,-1.2657183232271914,50.21857464596276
1.6951635807990615,-0.32572423229508596,1.229237808006805,-2.0724810402419847,1.3054993751560118,-1.4040894790966223,-1.0748727068289614,-0.33407333398988553,-0.7222006205083504,0.9720476374868566,-90.09599558867511
1.1883151605389994,1.5841544994871861,1.0804333034696696,-2.1885413493051096,-1.522182998855656,-0.46770884190772327,0.005662666055545927,1.185707969801151,0.5524745074419275,1.0197027417391684,11.570134172596969
-0.05505503216298983,-0.6475725148574165,-0.3998410917242807,1.4260321232326818,-0.27664399094386855,0.7942049107689146,0.30049841757709234,1.3955656860496415,-0.8530652606725212,0.6576634005631011,45.39866187908507
-0.954004756133269,-0.2201770591737526,0.25839545609690867,-0.08028308171686338,0.7549470504724822,-0.5833122814142218,0.48859893784685127,-0.8795152767794754,0.7570083382178006,0.12412992020655182,-25.3135500680931
0.007324938964482075,0.789482113531919,-0.75301747832411,-0.6822334928371194,-0.1567617367262273,-0.8595364671763145,1.087906596182903,-0.5813968977215446,-0.5618705650721049,-0.1583078712548549,-80.12560934790498
-0.42079881576466666,0.10109506124649346,-0.05742503097934732,0.43892850365587477,0.8595548542512171,0.9708602378650707,-1.5075880851792411,-1.261469720474965,-0.44814499660242607,1.5449474640907412,75.34467219885482
-1.1020125615929797,-0.5568274957272927,-0.05602360608260865,-0.4485591444942383,1.2902520125209855,-1.5124362918196077,-0.40118335748375816,0.3790605138844163,0.7523657586362008,-0.432815946834155,-89.82489482983907
0.2264006797598737,-0.3043048561181364,-0.3576764207584068,-0.3747276861029867,-0.24814968335218912,0.36389661867481204,1.0021904521637717,2.156671122815283,0.44311743847560126,-0.23920297642295457,16.884429573485747
1.7468926128751703,-0.7187265389143467,0.17533829150299987,-0.0744095532074435,-0.14274264349191923,0.1646743459355848,-1.4296621922663866,-0.14847573849284185,-0.7579471445358985,-0.6186113647564221,20.861922228771114
0.49559387341750744,-0.6147029813652262,-0.9776248272187694,-1.3893236636373574,0.41682172163383713,0.9282358681423608,0.7060971683897115,0.9212081119201382,0.5232364437157767,-0.6269338329393069,23.74471366483413
-0.7831781384295108,0.28356886550869587,-0.5468525318426026,-0.2818599034780439,0.7754962329656988,-0.7759434735897572,-0.4946522060119824,1.2578778147024783,-0.45220215259549823,-0.3285668851444795,-71.97885507949395
-0.903383013313343,0.7505706329163508,-0.32445439670153714,0.2331356506241405,-0.7760853583803604,0.0024731644775471727,-0.4979229489731765,-0.008183165473171095,0.16648079758632578,-1.7563027612895492,-14.12465315859616
-0.3789021415624373,-0.8716694071098079,0.47418010195426413,1.0247157579018191,0.8870179353623938,-0.13713143375903677,-0.10918189010317587,0.39847866697106543,0.8452769450274582,0.5718157528329476,28.05063454750449
-0.05200069713599279,0.5277798626055294,-0.33614773510317364,-0.24100451105504925,-0.41783786510355037,0.49190686410443657,0.7938083898983465,-0.5007977500932648,1.8952203893797057,-0.16226126942588695,12.716311740356277
0.012524876555542,-0.07207951760304179,0.3051613471881017,-0.35858126434510024,0.6928559451356672,-1.5097653263714412,1.705246007603722,-0.4947091227490093,0.33848851211271264,0.25180411630554767,-84.0188661080107
1.103125882571403,-0.7788445066814558,-0.3840034952704438,1.5137070800977666,-0.22184363387441353,1.4031784765703,-0.3304952835630847,0.7121722238148368,-1.3005660243479535,1.1966793668390288,70.1691341286093
1.497918665062434,0.7075201866062686,0.4255901403187802,-0.011497090334145985,-1.593577735264043,-0.36325289618989787,0.10142978669563846,0.6459254318405032,-0.525178071461059,-1.2328280202823283,-40.0063100219173
1.0887075633893843,-0.21901616803647003,0.4600897800102154,-0.7229705287190843,-0.9122898394607313,0.5009865693658203,0.9699564099328544,0.518363119999601,-1.013290465353678,-1.1220591261456456,21.618408404360046
-1.6784545137407985,-1.0209073261578563,1.2970449187785174,0.6715396856101027,1.1943377324731839,1.4367881057714915,2.5239884972602846,0.6616693051021196,-0.000975523156057556,0.7268464091367083,114.62802524464138
-0.12235728121432182,-1.19206036765026,0.15508581682575123,1.0129193514194514,-0.5543790259881036,-1.9256763585211885,1.2933951111988287,-0.9864226213082405,-0.5015961068283711,-1.3352435162087468,-110.8751764702911
0.1640865671977944,-0.32575162385587,-1.419162163894153,-0.44502307621232745,-0.11912502682170002,-0.17280963019283288,1.8325875927622732,-0.7723987447599515,0.41804203308999704,0.28453710054091413,-54.79607423208931
0.669292359888928,-2.3684771617544595,-0.9550322960864335,-0.9238409027773097,-1.4213651440154251,-0.8670762745273357,-0.8805885609122578,1.7457709066929599,-0.09385447216913843,-0.35740764386526236,-115.60621753971958
-0.8266431765714918,-1.3692228822943364,-1.9136088960798268,-0.09839756109593074,0.1711513435153354,0.8869744053735252,1.228657823631881,2.0656438930124246,0.13025086800936755,0.5744221831937386,-14.22311230063538
0.7764395789065522,-1.44615087761941,-1.9731494270814722,0.2528079294694971,-0.03095542808327326,0.3931715263465069,1.0901717134965618,0.49641029522018215,-0.8800256530511524,1.0127480244395086,-46.78064275054632
-0.21938199043330578,1.1862187865458906,1.5983777705047093,-0.7894509374965067,-1.2312540685182103,0.2357120148619736,-2.134659305156477,0.23189605442317718,-1.872693438229382,0.2737454990209729,47.81534595196262
1.4710331303164002,-0.3756498247907672,-0.24849462500905392,-0.39202562352198334,-0.49716290167581456,1.582544062711437,1.1834967699878722,-0.8946198686981363,-0.28274679236351624,1.0355467217146082,83.17551589631874
-1.1223384580059308,0.06720747194204298,0.4020957235861615,0.42538661626800434,-0.2567454455361783,-2.5126810044240036,0.2367394458312478,0.6116654640363112,-0.25793938390680743,0.4150917213947403,-123.23761250897347
-1.0549248716973485,-1.6115035193431084,-0.1380247069362292,-0.9717343154134255,0.8928080763804632,-0.7607379791807226,-0.6246967159795903,0.25082443705705193,-1.3439408345690784,1.733908075492345,-85.06890521998203
0.2516190265743072,0.20474298592505014,-1.1247887390502849,-0.41832247521367255,-0.20090699808196488,0.5824034628163287,2.413741698924214,1.294405689980338,-0.7923580926703918,1.31646022003906,8.569284026471482
0.006887290152604548,-0.08772068143963761,0.5060641983710014,1.4784744416215683,-0.8584938124794418,0.6684087770491185,0.22002341862421979,0.4525185677787527,-0.358867969262189,0.12245079815649346,75.48714940241688
-1.3956736220574697,-0.6555337511696462,0.14562249237460942,0.14268050993226414,0.5791577533837297,-0.6136450382931844,-0.6632197483982946,0.24518104843178873,-0.36189884699045605,0.17127751356361046,-34.86163798345858
0.20215840212474642,-0.18120079438242787,0.20685203351263323,-0.4703054390366522,1.7919611826555686,1.014494646161289,-0.3553365572398558,0.41772275241719403,-1.857971071490251,-0.9072539022066265,26.61340219026898
-0.02874531699675393,-0.2506394082741282,1.8291512840770263,1.0785150059260318,-0.19312340905328637,2.5290389608351784,0.01612294781100237,-1.0819359818535361,0.0853544669735352,0.2242487080339732,203.6527485140637
-0.3064324433004846,0.862733519968791,-0.22734797685818905,1.05115198661618,-0.17807557896670542,1.276363809994909,0.6642399791846805,0.8714745529595266,0.04848577688234252,0.3520747563801265,86.6955869761912
-0.24799151096456734,-1.191500967576626,-0.6537918198648763,1.7173350774997738,0.2351973758337386,0.9751239801809034,1.353579527301297,0.9789554552150529,-0.6187795580584486,0.31611123490207443,84.23127946942114
-0.15028140245662833,0.12736866672156633,-0.22967333783107277,-0.1562711649894976,0.33410475296455744,0.6121727278666682,-1.8746947728613124,-0.25914849611619195,-0.3457559867861325,-2.3768106592355065,20.77743847709172
0.6734643372168359,-0.08884389246296433,-0.637786243730244,0.5344454934536117,1.2085841705647409,-0.7763896310269961,-0.3617016568672647,-0.14346265683403284,1.6351630326996864,-1.877526607066698,-28.085495868730046
-1.9922752121949228,-0.7778155400553867,0.6091535095099759,0.6009124639840883,-1.4508541596501465,-0.5140169398526919,1.443819900566092,-0.9514462402738885,0.25964621415243483,-0.20035948602766046,-20.718311012019413
0.5308326506380523,-0.5889116930081087,0.09412395469631098,-1.3444285601948518,1.4034928583873754,-1.5873470100989964,-0.01644386671712278,0.36916463646884023,0.45318308006155195,0.25043545484396984,-126.35103382823728
1.1211951353286107,1.1917171225174243,0.7571784630102891,-2.8357736210801474,0.3264135342399155,-0.37155238170440574,-1.2534921154260998,-1.726130230877717,-1.0520138976189441,-0.45074902490708285,-50.06350019419586
0.43792462034321267,-1.250412492756104,-0.2507872814613886,0.31585534614198085,0.4335298388554295,-0.09462416664360876,0.3351211050981996,1.5126849188939568,1.106166812005619,0.6010738024360154,-7.262385118160497
0.7003495249517342,-0.4172638813408474,0.1975872571662949,-0.07516855818579496,1.722077111479312,-0.9285139159637923,1.208400242573075,0.44310197701595405,-1.138617830123635,0.09022654009370862,-48.635612507992434
-0.2104715692638403,1.0748306516610844,-0.5820190076747715,0.49739317016251283,0.30426512386149535,0.8836147783237531,-0.117973406891744,-0.37071867922626883,0.14735258281307198,0.7803646899471847,20.823190219923728
-0.5880160751233346,0.7800938356569977,-0.3673169131077058,-0.6684480499649827,1.0260346303955314,-0.6550432683845594,1.37990854674901,-0.1405502023027033,1.3029899274265477,-1.8689420160652437,-55.511627950446844
-0.5534198405951355,-0.19786392266644146,-0.7168335843251725,-1.2700634385374538,2.1701035695609954,2.3841543544024324,-1.3339567037297086,-0.2700208885781709,0.44593283960541374,1.0589383471700884,96.9197370312125
0.7069316142157805,0.5884456799869694,0.34825141711986385,0.0403687238898462,-0.39572284605884017,-0.43872376595925894,-1.4258701798760665,-0.1866409854095642,1.9659570961776374,-0.5591287522488394,1.4802024428957439
-0.11688755704879679,-0.04920628889335979,0.4095184285581752,-1.142180055257513,1.1786068075464498,-1.7370687383413124,-0.17546220690212533,-0.2971689108043511,-0.637743305099413,-1.4793162208234445,-117.43238881647244
0.7288776357954698,1.3404848381259662,0.3108654485745699,1.2333608881285874,1.0751215434382488,0.8222008227151959,-0.44481845069493314,0.5975043522230208,0.5241791618429306,-1.3903659515601818,78.09464194823286
0.1347290535100164,-0.7519236963044296,1.5329008973447895,0.8379739229803638,0.31884792811727697,0.13022485480443985,1.644524543219774,-0.26750914000677206,-0.6507043253665958,-2.717328133686805,77.22911188409364
-0.2854627742817485,0.8955386221391743,0.2986477619146247,1.42196969902994,-0.9158821699844918,-0.03224638124793007,-0.015352717967810162,-0.11889456166218745,-0.9389990091146552,0.3506069326726317,53.33533923311772
0.37636354696590213,-1.0884113634952892,1.075221996300557,0.5690047128631053,-0.3675032873543916,1.185090640255959,2.2528238478280493,-0.27808431750894375,0.16494738393889527,0.2181295549781722,86.40254320944952
-0.06124939819094055,0.9081629366285141,-0.2004816189529152,0.18329254321919142,1.071695296500528,0.1351566766466896,2.334404186540089,0.5481221687008286,0.3803289074001657,0.2273046994435564,19.539249520101784
0.6728349239028122,0.9588345357120672,0.10216484896923908,0.1521807051950583,-0.37381720918456957,-0.6005426687604148,-1.0065927627143554,1.080458756049232,-0.5662214558876228,1.4922891477598221,-21.02385558307403
-0.11578279973390443,0.5805513774218967,0.26016662421978665,-0.08720778909796956,0.00047674257788679424,-0.7469410807100034,1.8439402907614648,-1.3189489235741843,-0.08369002099967089,1.1236605871756415,-47.304903885923
0.7060618969819227,0.1275854284265807,-0.706718136378021,0.12841093050844202,0.28935531031698164,-1.407592098209522,0.23509552160968322,0.19576194215146636,0.8030896435092839,-1.8955270512952542,-138.913043038716
-0.8843669380124071,-0.5857695705201572,0.27512865378179546,0.898463074150202,-0.6044687582698974,0.5926446291152216,0.8083585977900359,-0.8400447863603244,-0.003137437309707866,-1.7806358660515278,61.10448290174428
0.1171167158126207,0.22182250862237132,0.4782840859941805,0.5302294277121884,2.1260941636369473,0.4172884486475574,0.6643530257728939,-0.056739279035629385,-2.414839733387658,-0.20212978532347023,43.719849130841155
0.21699278780028378,-1.890117213833012,-0.4180671500774843,-1.0707667088668031,0.24418384651243702,0.10010502467730324,1.0908723136253473,-0.9992158441750569,1.405280403084728,-0.3042157327878667,-42.053588174714136
-2.8191758485178857,-0.13168078647869433,-0.08061051486578329,-2.5145007577287273,-0.9943578916449176,-0.8964854553724464,-0.16827610655278405,1.1223958507412721,-0.34607931966909317,1.7178954902850534,-68.39369769032842
0.1930169627152072,-0.27064198242156806,-1.375679478056276,-0.7294001909754078,-0.45912397591113185,1.700671041367999,-0.5363831267871771,-0.7535530078795274,-0.7983752496777049,-1.1953591284748861,46.57078644500815
-0.7168268947385386,-1.6747394515287566,0.0017033812293162293,2.793702964526227,-2.0067568009379273,-0.18418754287817413,0.43076524015575,1.1209559607170156,0.7729551251193995,0.25558803103213823,29.609338424428763
-0.28288678651601207,-1.068500628596698,-1.9803248377975529,0.7056536387292922,2.0324090477521217,2.0357497164627962,-2.4522779487161883,0.2872296667480927,-0.8587825609130593,1.1396156997492126,58.90125276671966
0.8929930139609303,-1.5063023584225976,0.09402754772277586,0.11748466562059762,-0.42400403782520396,-0.8843208045375853,1.132321807615511,1.0568254841303404,0.11535080701881162,0.058231682599774924,-58.07977988321596
0.6658504791832807,-0.6124577596647544,-1.0511351902815682,-0.05667261772791779,-1.096850944618138,0.017655643314700684,1.0579061398614427,0.803789321231706,0.6939912460668257,0.30032054254057144,-32.47672664117962
1.2013560242654489,0.2507632978322634,-0.458779261905764,-0.7752507952949622,-1.9552822421039844,-1.1179784082774546,-0.897950908954086,-1.9365366364961387,1.513208987206551,0.38367789105648975,-144.69323801907683
-0.6533819183399804,-2.1004581709605032,-0.6449160126038979,0.4205597874950963,-0.23860192268328115,-0.04414467640539419,-0.9059903871306029,-0.5509557424162889,-0.8494230577043276,0.31965874725327614,-63.63924956039898
0.34418947275781303,0.9109675901057033,1.3756122831630055,0.7956934851637195,0.6533571251753603,-0.09189454668882627,-0.9730264043379757,-0.9391268311489154,-0.2616619791326908,-0.5216613296663144,69.54737720007734
1.3885950465623662,-0.441720838615438,-0.6685169732520132,-0.5378737740485814,-1.0694232264484207,0.4373193980322952,0.9937999235930483,0.3887101611412627,-2.9092033011097964,-1.041293589825253,-30.52633694817267
0.40197164433284843,0.017277395322123544,-2.3909569162481454,0.8010357403811679,-0.031274669496242774,-1.3703897442500337,1.815737088405275,1.2428222670578217,0.529813081081069,0.30383152866509017,-135.03800632657465
0.11253924340910715,-0.04851266782171714,-0.7139371125449914,0.6777760339593407,0.6678376703156622,0.416533748514059,-0.33090407146839357,-0.2482760841919332,-0.6871613033287639,-0.4829383072793703,22.773866834645432
-0.5191560066070425,0.7204704868497731,-0.8131558137150658,0.04372319600516218,0.4670311302180673,1.1389238901794247,-2.1106933753573127,-0.1002866930228013,0.5404965985920799,-0.5461924502316526,34.40347873046767
-0.6898099862153992,0.6966413917676665,1.4158576452793419,0.1577079121926428,0.6416983123173698,1.166433891923059,-1.9361869168580979,-1.4808614095071715,1.2834994632596104,0.5260482124566149,126.31124812329212
0.1480504835621945,-0.4441552257015038,-0.6142627667785914,0.4181152614151785,-0.48059516232079424,-1.1539764985302137,-0.3756955079710169,-0.6628501525444535,-1.6619084317992068,-0.07453728924895216,-97.1871100267816
0.5858045255492463,-0.37735884103889256,0.19709437216815553,0.02650846039800451,0.3799086570290176,0.45138220150946884,0.453025608522188,-1.8985599586952446,1.9311009963729655,0.6037888813497656,26.248911344638618
-0.4608118720518867,1.100962713241646,-0.7666810117307713,0.6226789648276839,-0.575347249107447,1.0121052845709924,1.6790804361033738,-0.5211085546232795,0.7655196092964747,-1.2802318878828012,63.83507832683366
1.6684045018531046,0.804527538170178,0.12982956871339044,-2.1287824928376105,0.263781993837202,0.4887146774072054,-2.01939906239224,0.26296472957906264,3.8161789045974017,-0.2680013648865921,37.43122802745332
-0.467806254065395,-0.6625960911868589,1.0669525804163462,-1.090726202554747,-0.41950088923053913,-2.6935381206386695,-1.3855846727688572,1.0180056366472954,-0.11597024292206554,-0.2795312846421961,-110.69851549099072
-1.1935582042815007,-1.776031862241565,1.042036187447736,0.0497785049850168,-0.7266784918731352,0.4442868440158837,-0.2650654786921274,-0.26207673067911225,-0.29309613823653224,0.5978028705052487,51.68323047353891
-1.0977286204731027,-1.243236622804659,0.9951463639647116,3.4442471393996827,-1.6009627257368617,-0.7125247648354962,-0.6961414569156095,0.5014704262432357,-0.4915926487959178,-0.018439406834714348,18.781101200651786
0.4721438336157955,-0.2462209447706388,0.8791114272392153,-0.785411427809869,0.12699907231877466,-1.9317405875828706,0.3384120087658179,0.4159419012418764,-2.272688431862314,2.1162038086392747,-91.03444360901061
1.1545308117417081,-1.4105768277262039,0.5702384025734857,-0.4594025269313362,0.2442245212960577,-1.4876652998817497,-0.1546240231639773,0.32360661924596573,1.2778120920507878,-0.46343538999537964,-60.87449681842584
1.482248953799624,2.2633178346292078,0.9386701450161687,1.1690238917788527,-0.9516763377757077,0.09479923833371352,0.004526675390989263,-0.318457716017218,-0.37354996025865855,-1.3402007565070049,76.91296702832936
2.32529173303125,0.20827946337787406,0.34993723338959754,-0.5329062050533172,2.118972835986888,-1.2257565907294692,0.18205956820466515,0.9512047821301994,-0.6277382076124185,-0.8517094888336881,-49.39536018132199
-0.24553832241081197,0.6663618014336902,0.6935453833017156,-0.584674665527938,0.6165966227973129,0.6008942855728499,-0.7028602468642657,1.0332839607568616,-1.4867003664900207,-0.05204002561763952,39.16906285928285
-0.1356447022341504,0.4202031407306396,0.8359891969309232,-0.16608361809452626,0.9399875001026017,0.24872159071588132,-2.363533338444674,-0.061191906075291326,-0.5340124544468571,1.465856445425836,35.54297150424739
0.17394905702205485,-0.3024861810960428,0.9717564520654871,-0.10560258912438056,-0.03313349205122794,-0.8385851719688127,-1.557145090601831,0.1982200208366274,2.0441677057648686,2.075027961546322,-10.791289513448096
-0.2955057155117611,-0.013515720338228352,0.34888812913031153,1.4836910411520605,-2.1439984751597247,-2.601784431237202,0.08706186449190283,1.6356651490022895,0.8211771167805607,0.11645363213613896,-93.7313166294728
-0.4749216492894102,2.134356154286252,1.3001968703606164,0.16376272312166115,0.4086120404476233,1.7016859490388014,-0.629397454113433,-0.6573435178801678,0.21916212868415347,-0.30135635299838065,146.77467583436572
0.2524358398342864,-1.588247297301419,-0.9648097241808106,-1.3626289624171657,-0.11392437952198617,-0.22495859571506546,0.6725058123459263,0.46400195723511706,0.3942645768588535,0.690287203793023,-77.56280598339586
0.26836799095463876,0.32534087880143336,0.8049838010223805,-0.22329553200734267,-0.7062965873883534,-2.111977760491341,2.0745564477837615,1.7400620071573787,0.42727054435057366,1.6968334419098516,-91.97798973809515
1.3639109318166482,-0.20583944473167873,-0.1413477010016058,0.04486243776769948,-0.020379855027000286,0.1531737397829194,-1.0552971926707384,-0.6174771437943494,0.45459736286414737,-0.0765289316893128,-18.210317362191166
-2.083491702883215,-1.6244520146006916,0.1623592735679607,-0.6395305969969227,-0.2619363160692163,-0.2761891005598567,1.8111099004478464,0.6845100498884779,0.5654835046972648,-0.6858571800407905,-19.27841832444236
-0.30540921603382476,-0.6657825580196892,0.3117595279191599,-0.4100041473029761,0.9921987014658831,1.0051763875390116,-0.811600676691503,0.6661328405635756,0.92670249673272,0.3592700300131822,84.53402415320157
0.48764881090397855,0.7433818018519229,0.12215118595298088,-0.18095066641206123,-2.3189770192118906,-0.7900212338219927,-1.778878971643621,1.0171562784551649,-1.2561257922737317,-1.0952094545781774,-48.69909907961729
1.1273031689806254,-1.736378731067277,0.9486915240892754,-0.33158502178961186,1.3129295086711186,-0.07382299539124429,0.4069899123528335,2.0306880381128414,-0.694205691972992,5.377745459380052e-05,33.250544525191216
0.17403295729579718,-0.12494751080112775,1.3975275152081217,1.7828222741826627,0.5521989395989633,-0.9896118214647468,-0.19052188677325815,0.39726021569914693,-0.11378700042938189,0.36078779029386676,-1.833435713796348
0.3537939823817444,-0.21714710785374192,0.5827806285168119,-0.6553949077627018,0.4442166834956635,0.4030321950401671,-0.3264079284127374,0.8009456051389114,0.28564284361830933,-0.1020213778175989,51.97030501595323
2.3774210670161255,-1.1193504912207193,-0.05995568624249993,0.6336811611890876,-0.6023443899899248,0.1509976904349544,0.283160355672286,0.4328810755468492,0.5033290141520985,-0.6231404532839104,24.702954044461976
0.12269688351053273,0.18235863770719138,1.676669763460693,1.8374466230914583,-0.2717559124866719,0.15972630711463712,-0.39694257543819705,1.0851462482796916,-1.2614248345087657,-0.43741355161736806,90.22413672452568
1.47784135663736,0.2900114885558146,-0.5514892663087296,1.2137053688369577,-0.30771187214004636,-0.4785675150488928,1.5550247664051586,-0.7539704777959881,1.109922037388954,0.790929570526319,-32.55496041721166
-2.663540688236865,1.6951142294521744,1.8802118971369817,0.976590208061606,1.5899677438675475,1.140049504010344,-0.62253062922274,0.4417507490770995,-0.6702453072567406,1.2259801644693484,151.9496783282258
0.6068402318069053,-0.7063781276656883,-1.1468231007985858,-0.2215100893644685,1.9220643629256773,-0.09514732364888435,1.470958716954174,-1.8551575653240273,-0.0892379290587725,-1.0149341464701986,-51.029463445101264
-0.08053764545262866,0.5305106379157332,1.1004686907589678,0.1977299834242527,0.8343451338340537,0.17927910805904704,-0.5586132859816132,-0.3042719476202816,0.5467706067362778,-0.0358152947671481,44.39541611985433
-1.8036009411668277,-0.39891705644371794,0.29763994399255944,-1.2849133431684803,-0.02371578835893953,0.5296325345156631,-1.2601928133288505,-0.9686484593717762,1.766206151005816,-0.10319155257597727,28.005904127253352
1.0118153170455835,1.9925273129841712,1.4369547958244995,-1.6421797177844961,0.3252601819599613,-0.10830755150940914,-0.42065395343339085,0.1820415122930164,-0.16286249753748483,-1.0598814775648973,33.51707064978368
-1.4976066579291527,-0.970703013582266,-0.12673412172616444,0.180078549229839,0.6841382012588574,-0.4322086899052102,0.7148392091627567,0.20687882599609636,-0.7104249637344809,0.5960137311493892,-40.740756713774495
1.5566315885623812,-0.8443047369437184,0.978172520362918,1.3220799241562042,0.6327857345165712,0.61141088220819,-0.746164942519112,0.5274527440244108,-0.4292561320573113,0.2540667532539245,62.53621443918445
0.40575006274096503,-0.6318288914892957,0.47162030139301536,-0.864221038321211,-1.1702207986842956,-0.3442185692997562,-0.9240518415477227,1.0916881940715069,-0.3612104477573194,2.114485138138133,-7.906360525759505
0.49536186771974106,-2.4435472373128126,-0.031997099915479346,-0.7665929775189099,-0.600286542061034,0.714548604996634,0.0676031789989676,0.9432364001536467,-0.24319763384312917,-1.560741879257777,1.6395268517596264
-0.41366271624559076,-1.4535273518434046,-0.1376580433943763,1.4572206931298726,0.17023868818961208,-1.250831580132199,0.8630674926993694,0.03152501367674013,0.3790465986152944,-2.616822329055432,-82.47286351643052
-1.3726232338458972,1.5419527448823622,0.39694097859997624,-0.6186732188989018,0.8600815757557253,0.597486258624962,1.003519938093667,-0.1190895019483965,1.4325565085574565,0.4744747049257873,80.01510962900927
-1.0415859115310278,0.0031765893364803905,-0.23310437835453685,-0.3747858738000604,1.7702041793437209,0.7768898680853018,-1.0196746656383164,-0.264625703538152,-1.5311631289188812,0.9868792449474966,32.74426673396513
0.8275783212290461,0.6912795153736286,-0.7128115047209589,-0.8639089057782512,-2.063125604597802,0.04573303219010349,0.30537163323764754,-0.6910795004385404,0.14761773665440178,-1.2570139496253196,-11.654328575349957
-0.7525561066868784,-0.5688819285105922,-0.38800252706790583,-0.2312792007136902,-1.6871100575998936,-0.654948920390935,0.03567654350901158,-0.9885716273953342,-1.152611909958798,0.26044381783857457,-69.696000789055
1.02343453557142,0.8266183766559511,0.22829287262064699,1.2031463178238697,0.4921466417669031,0.3094771485626719,-0.1872581097295941,1.0302466427957555,-1.3121465160576453,-0.02881253686039294,49.34568777051745
0.6011067064890422,-0.46323147047644403,-0.4443865562618035,-0.8593889765616115,1.3460472398690457,1.312624970807885,0.02500161038000853,-0.0015578070993665814,-1.837748285341186,0.21954837629589022,42.412524757045
0.9483226577324109,0.43830099465268324,0.18414989781691882,-0.9942173183832314,1.033291504137956,1.003354616299471,0.2510089628820548,-1.68835464161584,0.484174474612429,1.7119410990555664,29.34594631731648
-2.078027049721168,-0.04155982321699297,1.0875710118095954,-0.40942006324812735,-0.9288970614214098,1.0571293271132054,1.4772672166531609,0.5350063138888995,-0.29349466220887693,0.7937228628029326,127.12510280742751
2.180550704873462,-0.6271608610657206,-0.9972636276617557,-2.1512569257482896,-0.3841361556357938,1.6088640430871692,-0.6650351970620326,-1.3022642851105715,1.0024734270374502,1.0187723893357181,12.986417903813646
1.1382678642336985,-0.22871113277123906,0.32035252673184733,-1.3435644992690579,-1.3482141562916872,1.2701107276657466,-0.6901777273901257,0.3828470074259354,0.6722589923634033,-0.28023584842254373,80.7407841157162
1.1416360407451447,0.9976212313822969,0.09674962561586133,-0.923590464444003,-0.4193263234146444,-1.027233173430358,0.970156476185437,0.7189037880932901,0.39621364546968413,-0.04394509944859611,-75.55280066488729
1.4397816775611034,-0.05232724011075623,-1.5799950373940783,-0.8213548687535003,-0.4683498529391744,1.9354270105251117,0.4931317680434867,-0.03315676311424785,-1.3089523328362536,2.3263006344965214,33.11420915957682
-1.201439360037614,0.630569289588895,-1.1805622664737896,-0.9121889153595168,0.621845117300905,0.4441927678430203,0.8255079414352662,-0.9210085521998581,-1.290766090964026,0.5833647828785382,-37.20901164506186
-0.061028043585722606,-1.829883292136986,-1.0458255994048709,1.8846200364817753,-0.2848973747817883,0.3523136584403725,-0.09487287367606649,-0.5642325356261232,0.5919565427839035,0.4396536888756189,-13.940151701637191
0.29672069169855125,-1.5186581698186485,-0.28443703571694096,-2.2975154564265075,1.1446416370227186,1.611781186133834,0.5619846997882729,1.4344580371014886,-0.2120434103028353,3.1449032607078022,73.60234728900882
-0.19304552640674713,-0.17373791089321328,-0.3121340429083304,1.2946908958298948,1.323818729584861,-0.03505285386404079,1.4337637656506215,1.5409889864554558,0.7105446564576741,0.2448338627589608,40.06700111089876
-1.627103321047233,0.09304137394939065,-0.06323093840057088,0.612667160115479,-1.3238220970144436,1.149426493372909,0.5230139268401153,-0.09108496922775285,-1.2380210606747188,-0.8265381404118098,58.56158732547211
0.034382510604340756,2.0490039377848923,-1.0042775541439655,1.5676072999717054,-0.45733099270575095,1.5578714353857772,-0.7707513887685793,0.44356742144307015,-0.5208813502966376,0.4643821135408571,79.57427252993112
-0.3615164228933675,-1.010587589397367,0.1888506663138113,1.1002496200006495,0.05084523640106361,0.4102154168742011,0.17379245705790633,0.10657609642914011,0.6969163936280395,-0.8156174450881049,44.38578101272839
-1.29634028964623,2.033813956665965,0.09464035593407098,0.5446578663065551,0.9351555394013046,1.584358918227728,-0.8693921601507258,-1.5476079214059655,0.12890224609753664,-0.16831378856698762,95.67673098073834
-1.9499878831749655,-0.7596098153523579,-1.6104084887124441,-0.7818687269996333,-1.3519772075927672,0.8060686160673912,-0.25402374099382347,-0.9124168556783298,-0.15877797961023116,0.6676328918796324,-8.589666418958853
0.5609694455902682,-0.07317004985902871,-1.8197956224891305,0.7172751072614036,0.5733977120709796,-0.8669805480359856,1.0132907219699074,0.4707279337742399,1.262624382797167,-0.10788597946725825,-78.87878918322824
-0.3521876582674272,-0.9318849969041482,0.225742258874906,-1.2230319159487766,-0.3577246244266456,-0.29231388440729,-1.125675462474678,-0.512081444517897,1.0419881323197027,0.9896185345853289,-33.367054165978075
0.155625392553858,-1.4266571297195125,-3.9138932606996626,0.2486324660790979,0.3496919483991438,-0.31193219278940026,0.39068566894273155,-0.1723205438771942,1.559714685364948,0.8719949688199842,-140.2317519156814
0.17486904822477853,1.202517434143014,2.0721949755212163,-1.5195652641353692,0.6006507218437144,-0.7832072258748781,-0.44138735275959234,1.0338405823009944,0.22429974946182407,1.5534345105496443,29.540882639169162
-1.4955340750681005,-0.3122537254686639,0.6650765675673153,-0.3282378265370277,0.6079141431391835,0.3175814019525379,0.45789247636399105,0.7884165336981286,0.33324275582047946,0.7906828179995151,73.93445959451753
-0.9988403805540517,0.8436670360212266,-0.32586067610679065,1.322641790267989,-2.0579153515189135,-1.0054958252925152,0.1497467285842825,-2.950476583658189,0.9393460440669263,-0.618932558913164,-80.0294590275173
0.8537427637922255,0.5315086592376368,-0.8251484298811235,1.4781089324669037,0.09043390251013717,0.34978179501535894,0.6094770456955172,-1.3798054966516402,-1.9978427522993043,-0.5771284942444904,-0.9647377689856746
1.4052538894889448,-0.05551060499207331,-0.8958854772611575,-0.83414202680525,2.8387307315555326,0.2599141772196933,0.01522318366168138,0.3909061415657085,0.8262718757774626,-0.24489534828669848,-4.855598932198234
0.19632958150830215,2.0491900082597834,-0.682357705995488,-0.427722552770102,-0.6035844347682101,-0.5569759228831038,0.8182899097714811,-0.8027005009564785,-0.11362556629249596,-1.2870867670715722,-62.30385806312243
1.849791361947446,-0.7112076000925471,1.4359736953844018,-0.5034348124125553,-0.3208786601983637,0.8080683666984672,-1.379119642089633,0.18509379288894354,0.7982042907836805,-0.6266127857456248,115.15743865366457
-0.159986650152925,-2.0307247455732105,0.8430705208739346,-0.8463385095746333,-1.4671205542786723,0.7702048023554383,-0.4415960786738711,0.19140941190801944,-0.08953664797553962,-0.35228686165119755,63.379143875745314
0.8662478707932004,1.3455737799959708,-0.4376109461077107,0.9191953312079602,0.703239564000734,-1.7861321503471446,-1.781123288542084,1.020821756257695,1.0732189638883516,-0.34944990961423894,-76.61793063110618
-0.4193005250258408,-1.5919097003755323,0.7009933152586706,-0.41814647864779364,1.3946708937050398,0.6025895439521396,-1.159650896483041,-0.16709566756315614,1.7700524865573883,-0.3713680641168604,65.01053988439256
1.1776211741212315,-1.9784106410157376,1.1839077401058336,0.10739875443666826,0.11164474520653654,-0.19707511927754862,-0.05229345144262742,-1.0927818417265147,0.32730262790617337,-1.954673921815426,-2.3768097008030624
-0.9963235194919412,-1.7384323151770593,-0.09953103404812004,-0.0678094290588379,-0.32360523050507295,0.02737177217013863,0.925802978535607,1.5647480670417782,0.4556214588203866,0.503446084666761,-21.92471647637343
2.3419778217927463,-0.15475655085522846,0.5945486438484112,1.294528630384959,-0.3415817472574473,-0.20087671412571073,-2.149849361567787,1.4276353311622878,0.8478841938114724,1.5395725668654083,31.06494568092049
0.8685922464576921,1.2644804810909085,-0.030510768186427697,-0.1364372320134512,-0.46559544401912406,-0.7668324935737952,-0.5751796628387418,-1.051570389339369,1.028026410644048,1.7463725272193886,-64.97251175659154
1.4542219063996598,-0.010389409503816468,-0.5815824911906708,-0.5693056302578807,1.1149340497494118,-0.7177547766845698,-0.24477033176212454,-0.5090467468700606,0.13090348061613324,-2.664225193100332,-77.03455658866213
-0.2197369673742029,-0.4798665389659483,0.5853232978826459,0.8094791508029803,-1.2571953852773818,0.9375009487053598,-0.05447093612787921,0.33260258887001354,1.1527648023270431,0.21719187570885723,105.14596818623644
-0.058023678865878364,-0.24118006614725018,-0.3448721077649538,1.6126719341873632,0.6965430414610112,-0.2562540756952247,-2.6139125292602405,-1.4854472162642156,-0.23489667538348175,-0.21070646568663612,-22.12574884996906
-0.9229033148241039,1.3221506436361472,1.4008380137082468,-2.4805588753942716,1.1634174855571107,-1.2060039328454357,1.629046402684213,0.38772326685404723,-1.009218649078221,-1.1458849330203156,-45.8656437033363
0.13283806779660662,-1.3076295465400307,1.2657675019118948,0.0460002936303413,1.4049598526766292,0.03007588292253813,1.3498920079785455,-0.30727876630420353,-1.7428920505886103,0.4100524668837983,16.57060007943264
-0.9310867005317055,-1.981497623534828,-0.6920059494896316,0.7477154383570709,0.686077555399281,-1.21010443945789,0.016456479447477954,0.9519369960988889,0.7332485880710756,-0.3892447811090328,-85.09970765377064
0.052802207220243674,-1.8206280529848204,-2.3841479770294,-0.5874239118923429,0.04742441532434138,-3.1143323292746934,-1.1053039959959372,-0.9233919631518739,-0.1039431789316414,-1.6241830704075895,-296.6903602051019
0.6265642654004017,-0.9186152565028759,-1.0196568374630157,0.053562536727421374,-0.2886558957549209,-0.8980665660271316,-0.9635320389655383,0.3036470575953325,-0.36550601281944917,0.8937518494686414,-89.61749765925178
-0.5777983574575405,-0.09252343190795942,-1.103965688380282,1.3679570021661844,0.036170433132036606,1.2064851527965694,0.5803544160920838,0.26923380806949193,-0.9673885192204453,-0.11057478265116667,39.337852707461664
-0.4973612712353218,-0.15541440158516126,0.09590956120756071,-1.0928251438080843,-1.3093157750696345,0.34261291787607884,0.2849029197626974,0.45008283163608653,0.5147487236988018,-0.49758766245992275,17.157052343940197
-0.4951935327899805,-2.135892915196815,1.2999192407122657,-0.1470756959842091,0.5383391532149869,1.2679813021324922,-0.9669149711012783,-0.5745633465052423,0.006159023436724204,0.8756740495238271,122.15824296303163
0.48095544218605685,0.0942073731197986,-0.11467145977674224,-0.1970523698629165,1.0191892440852421,-0.9296895164124305,0.9487461477398192,1.225898732872979,0.25819540675008196,0.21562791492038388,-23.8252477164178
-0.4711197161483076,0.27616543605991184,-0.012348385874068418,-0.20527106225131725,0.4008931604793846,-0.4373499910893723,-0.2379566025587361,-0.3541315447491373,-1.6165223625401424,-0.4996968089219001,-52.94714638288467
0.9217460417532976,-0.8095211422027522,0.763808145817507,-0.5735662058220085,1.5235058914913227,-0.18160181537175715,0.6782443178453145,0.040390983615719356,-0.4090438611290579,0.11305333768726163,2.3150472557696
0.8461060800770206,-0.9608907944571474,0.7712107353499372,0.3881344605714353,-0.011874222867425274,-0.017017570370816734,1.4612068015492932,-0.004716600615880615,-1.0893458773705587,-0.20059816011133358,-15.499511027282018
-0.9731321122442843,1.1198459349442678,1.9033429301071443,-0.9692725877516473,-1.2026648164375418,-0.1415761048843039,-0.2736941409554295,-0.04389166798209556,-1.4541930268994172,-0.4468490294189775,27.353548535489594
-0.9110260137254728,0.14459859035260544,-0.025969369971059753,0.5396147439328911,-0.9768168560861118,1.1687626425728757,-0.02388214368318067,-0.9461592001809112,-0.12472454445207606,-0.4259922157959835,63.406227313847864
1.6976127512038455,-0.6936820617714683,-0.5308933896742988,1.0021458035950725,1.755220227911372,-1.5514185745177005,-1.2396646957099915,-1.3891197569813154,0.6128882110365411,-2.087311586968104,-98.15590764664549
1.4516411444043342,1.2292992166616672,-1.0525099102569673,0.49762836836056906,-0.3058153530745258,0.970643732319168,-1.376832943645917,0.7752746036671778,-0.7019193935937751,-0.3037211563871047,44.728620707797965
-1.3397890436468263,0.12780889923920677,-0.3337618537017909,0.20328082610071496,0.3699947277631268,-0.7550827035556748,0.0047272605806276844,0.06822094883288941,-0.2607777216872623,-0.44550928254843464,-41.025252887922036
1.538252568408455,-1.021318762702772,0.6918805687888167,-0.26978187461620357,-0.18532828245091465,-0.9665938375659308,-0.2733014426145432,1.2952051373583133,1.5993362412616452,0.7117481983362471,-31.323309068102343
-0.6717582147966734,0.7666726363008015,-1.2408064677351185,1.2043334091499007,0.3652194990802196,0.6936921196504531,2.1225893033428704,0.5916183925521081,2.338255137151293,1.6697762184815141,9.385814354190938
-1.0922867596238441,-0.5564376656584747,-0.8287778834506563,-1.2314430659576314,0.598728949047874,-1.0649149286086574,-1.635580150939164,-0.08235308987774842,0.018723603426201555,0.7036171917822726,-116.57350702677441
-2.3575947285842846,0.8782260486889328,0.11674136517180535,-0.7014452021158222,0.764501904721889,-0.4542905400054956,-0.436219161538418,-0.6201441086944053,-1.7947701984313418,-1.582394339444701,-35.774305815767605
-0.8539320038567815,0.693876527207902,0.7420427221700917,-1.9155886249319614,-0.3361647483253647,0.290201347783146,1.2836753161116023,-0.7740989389283854,-0.21080499760315288,0.6597130766121817,19.44946202167429
-0.06158440122562657,0.49224416680992317,0.028784378364313606,-1.4319205492398053,0.6273961419521337,-0.4590434299250173,-0.746912146893485,-0.8966008641216159,0.31181829285340973,-1.5113525011536786,-57.673899011182385
0.7884798392778266,-0.005774990592907092,1.1726580013421513,0.6262227036901686,0.13933263991051303,0.6411319242135576,-1.005643375778832,1.43186572285015,-0.7656535717699724,0.42527432317559016,87.3067733509384
-0.0332982126862637,0.2920247624615211,-1.7035300322284872,0.3375253360627847,0.18720998532425182,-0.22768485497176288,0.4895526898235159,0.10863376259631681,-0.2542254228419191,0.34275306121245996,-53.293832467147844
-1.1941382263726443,1.0123230750806156,-1.5358999043236112,-1.1421368847455913,-0.6581493822416726,0.34519249495711235,-0.3451146552364221,0.9317827265548985,-1.6322401936974356,1.2162349501664327,-19.37467708678291
-2.9080908087563255,0.6745745103792613,0.980947138226016,-0.4901716282401078,-1.7660439249643451,0.30671233738154485,0.08527900566315821,-0.14999042599717516,-1.0790484872258277,-0.16605878161550197,59.26895664911264
-0.9631148783986265,0.4404686393215542,-0.7276554511006693,0.37425025843720716,0.4158555470180681,-0.15658758814112417,0.018495039993744026,1.279604805344338,0.41975281051996505,-2.2635790523343347,-30.91090039911261
0.3285552155277635,-0.576442633773717,-1.1919051316100893,1.010816043042114,-0.990605169744144,-0.18924232283908085,-0.40238250331695213,-0.9080351904024299,-0.8524404106685458,0.37658463220183386,-62.73511653153477
-0.3269717133853308,1.4381441477985217,-0.05576692810521088,-1.2450485072519286,0.8627087151656672,-0.20689543224078477,0.5560317524228194,-1.3357163822728293,-0.9773415276944976,-0.502419698781753,-37.778089864083036
0.9272067533735271,-0.26571564529311875,-0.796876235740949,0.6514015453967511,-0.7647508646451554,0.9962480204719998,-0.32680365134170686,1.2549924968794737,0.23199237264610142,0.679278311290666,54.267412982072415
-1.8972916416504244,-1.0539490222385184,-0.6758012039993531,-0.09095482926071333,-2.3882577082957126,0.18459725862690649,0.25686613696244076,-2.4976594294951218,0.6156816409706307,-0.3322805002363783,-35.46163223820225
1.4049885541303235,-0.7767469935767727,1.0569798527681347,2.296891705340186,0.693063254200585,0.28671662665715586,-0.22137797480719715,-1.3612264934985714,0.7243710512045852,-1.3337034021656324,76.5105780120573
-0.2453653405408914,0.2439272862593473,1.725567239701914,2.33722998902258,0.6688584685506305,-1.1765660401267166,1.7323849738376706,-0.42902193597172633,0.48026005092446344,-2.388488414267039,11.75854314555599
0.06581861622985305,-0.137826556658634,-1.6948967476527068,1.4753346334614303,-1.411058197031438,-1.0134243259234912,0.801249403736893,-0.39047722648440225,-1.5683516157830097,-1.2843854545409077,-104.80864401472145
-0.8835426539714746,0.1934245323973499,0.6000253345514905,0.3388977809291359,-0.33123025675296075,-0.5465780769940236,-1.5807732202284088,1.2262866556234933,0.8916138547579522,-1.8086202415158803,36.9463095401191
-0.4963496122183999,0.17499488576255592,-0.33988688044650667,-0.5331689828762137,0.025641751468901488,2.3396911254939834,1.1278862692062173,0.8279718614673844,0.8263228727398677,-1.0166386902128657,138.98127907241496
1.3992095397570068,0.37655233048131553,-0.40598147044282856,-1.1162186615535845,-1.1512991173926603,0.33794513226079453,0.49376409388541764,0.13202881840360847,0.21305180072096377,0.5993867032985745,-0.2607355080494873
0.1678702200537424,0.35021825442509197,-0.7219093841177086,0.48249072493499023,-1.6005705256569305,-0.9966717865318686,-2.109581260227469,0.21480520059575067,-0.14688901316261807,1.4720505487725888,-75.214005765223
0.7963071535731548,-0.0010279638241660512,0.5511015867389959,-1.0348771198626021,-1.7407519466335235,0.20914754079488754,-0.12494606313281242,-0.13356087078388626,-0.3282906598139701,-0.419384019029552,26.515624591252664
0.3662745889839519,-1.323779133895952,0.6412847086750125,0.22225177890043424,0.2095004150120892,0.853564785928485,0.5543081352667147,-0.39965442258498024,0.3674986328253908,1.6723571829956017,43.85458458531528
0.7394265157613135,0.6819088631432128,0.48354286180955147,-0.16696247544871926,0.5339218422606543,-0.244803382834297,1.5347620947176728,1.5933279983303472,-0.19766906728222297,-0.45254674319617555,36.64220947876778
0.7023573544095301,1.1036099249827223,1.8283084482114427,0.5009419324085919,1.4174581885389799,0.0006576267254098665,1.5675212653531247,-0.28531434318141846,0.9070829970182936,-0.06089927158998421,74.78185117237777
-0.2295655358161562,-0.48869649346391125,-0.921720715335331,0.09371078317317266,2.016724883572675,1.2819791366896938,0.2996206923959035,1.2431816546113492,0.8618594732497419,-1.1849421448290087,38.459720407699606
-0.7183670199987086,-2.5418373229188824,0.32934279802654215,-1.3092752070283609,0.6644429320316356,-0.2248190581428084,-1.647340983391229,0.1952195253097888,-0.9143164286608874,-0.17375919675990636,-62.1892488336578
1.3964015289361384,-1.0994724142328154,-0.24602354439688948,-0.14860306162035977,-0.6661466162460016,0.1686403869365715,-1.8453079531646848,0.8786408597610177,-0.37701284083870806,-1.2212428043241614,4.383445100130372
-0.4664199392222316,-0.1988697290416079,-0.12980653151886154,1.4602986738766792,0.6369508065164581,0.15447777823658837,0.6205373938244853,0.012019282250400172,0.7053268024788744,-0.5169449260152021,18.221372479593867
-0.5425645805434998,-0.0668857574873993,-0.5654915934994508,-1.3796586504553459,1.683184937466317,-0.8074942417190557,1.6303152183996916,2.668375195367702,1.6096094649063808,0.6002787512348859,-87.54728788474134
-0.6486474271215528,0.14736307010633298,0.11387558052473053,-0.45364926350430923,1.8114435009366883,0.03481584882734583,-0.6784640771628889,0.5965659966475783,0.06738375041498522,-1.3985883667360484,4.46280279439205
-0.46863784011348386,0.11054589567602673,-0.07084203873779481,1.0797116341674249,0.04875418056034776,0.9648328223533895,0.5134549904634775,-0.7160825707800409,-0.18126212547757986,-0.6353945881021458,59.98738919912108
-0.27818961844843965,-1.484462231424192,-0.6363208844806477,-2.6088894561177627,0.5183412748991094,0.12011075044369207,-1.3026366722730534,-1.3189289914530842,-0.28652220505164233,0.5357522187666683,-59.2131594115532
0.42717654723766424,-0.045687216452333264,1.1047030537262514,1.5147997046968398,-1.7387705020315063,-0.3516577783311252,0.20391451307339703,1.2581837917173475,0.8985417070498429,0.45279076068371404,51.886696754257585
-0.8406573220498988,-1.1302359142869227,-0.5957071580731483,0.1962688961898742,-0.8095233073413433,-0.8980745207631697,2.2707708193859446,0.3998303566495899,1.053642103270469,0.5650223868075483,-65.3191428698077
1.2025703550309073,-0.3141467425644272,0.5570791899464311,0.9225578516214644,-1.4400366705165981,-1.085594426174892,2.863822170999956,-0.5790548332015842,-0.7681182272625215,-1.346344482917705,-46.623496590685605
-1.5392353508897048,0.12764526580663949,-0.9726942897213603,-0.814697994997943,2.3215159857799157,1.6399138641749493,1.19307854590551,-2.3104438060059582,0.45441027921548344,1.2852081417267756,52.754957428314455
-1.4028351722671832,-0.12973567882032733,-0.30683840864808926,1.323844928162299,-0.9367650785899394,-0.1844543905819115,-1.0609981010668414,0.17158338184052027,0.04325204185547783,1.639989790118424,-16.584690336898852
0.1600940817384371,0.4843455209654103,-2.48685530977603,-0.6789908459148312,-0.2590105105959007,0.044818579959591064,-0.329732730084801,-0.9555446486060929,0.45935551631714405,-0.9526296103320456,-81.185016382204
-0.8743040627979197,0.21112819885807035,0.5628888974156597,-1.5162887226869792,1.3744044290284032,1.6733953662711378,-1.2376498569594294,0.5044504802984034,-0.7154491982845945,-1.3316379148164423,120.94026459604025
0.26541775763266834,-0.7079906897526486,-1.248495999588872,-0.7131173836393282,2.2301222889355437,-0.30487054921503165,-0.6508123257691971,0.9543044844595943,1.2320187899125095,-0.823481600725899,-56.473319409879224
1.5100406410793232,2.217833141599887,0.6638656330785765,-0.5112599925825612,-0.8377574847622768,0.7197370983598809,1.2655590300020803,-0.5724196564030771,0.31697330026681575,0.05587021589186031,62.109473996487175
1.010999795929477,2.024124388822889,-0.7818958128025923,1.316348823848747,-0.05680270211118209,1.2212642598203178,1.0457894151021228,0.003999650033136312,-0.9910659946030375,0.8988070012331498,62.56451558775074
0.26401870487054935,0.2723198915931286,-1.0447483584903516,1.6309150088039097,-1.095495507483805,-0.6340741674013872,-0.2467836838724797,0.7832516308793918,1.2692979669963216,-0.922593212090257,-59.52218003068596
0.414113065487722,-1.2432936496558886,3.051031986972111,1.3084925555160425,0.984028705644426,-0.6141724910208692,-1.2975301021814643,0.2807400110704376,-0.9505284843271781,-0.6673845077474302,66.71092429518733
0.07211056654702833,1.730859576999939,0.6198179308875534,-0.7183308551241904,-0.45031930922427105,1.2819842755101127,0.8365785712707855,-1.901045517375436,-0.18819686665900756,1.1787456111288297,66.40089399858033
1.6421315458762948,0.5113631364016775,-0.8883688669490658,-1.4514549085128454,0.6435412441004683,1.2376847838117717,0.6221239031090523,1.4510619714589872,0.7131508895027905,0.36009937823598687,31.037847720398844
1.4269387395699487,-1.812245640329024,0.4265954933734519,-0.12761932362867928,-0.2827927779542038,0.34673101191390027,-1.243504443026907,0.38105678187328124,-0.6279963631695903,0.521668378239619,24.408252709197164
-2.1590604084759697,0.5813825224183269,0.46876760889176966,0.508078049255737,-0.9414698134684547,-0.13740790932538893,0.08594219280241486,-0.215563461461777,0.3445534235702548,-0.20955586365633125,-3.2382066579892417
-0.35627623739745823,1.0050817272847805,1.0569316571022878,-0.871156102457486,-1.9755383180178745,1.8163700747285842,-1.062294187680197,0.7604034213128739,-0.37484718399327316,1.478856718698009,168.7242968771567
-0.9671407057168209,0.009196041190633508,0.7673720359978312,-0.09522307283649079,-1.8137859591301517,-0.3095574736954243,0.37463705735643554,-1.0821466603888252,-0.7083546861024942,1.3716165722594498,-23.18220751863185
-0.8651262656572801,0.3894374269721753,1.9818697919691557,-0.3336791977954898,0.5360623305697421,-1.0020869441985927,-1.1674749916849032,0.5945549010514485,-0.7967576801092414,-2.866039679279428,-0.7190417390688406
1.976406377366313,1.2976075613297968,-0.5937879875232593,0.29325784147507084,-0.06391088490229188,-0.6974063269577944,0.10296448317083723,-0.4121917767227356,-1.8713567938858735,0.3046192349560942,-63.38263675719192
-0.25062798073477366,0.7065875865238572,-1.2745031527018682,0.6277932836151596,0.8029088087507258,-0.9959604610435115,-1.145193181640802,0.43470455644635575,0.26898088652678376,1.0670792525581017,-65.53796711296468
-0.5951977467333089,1.5183293188320581,-0.22546319148903218,-1.1905553581633381,1.8023038367335906,-1.831654091500616,-0.4866615411618758,-0.5892627285545047,1.3096102715179117,-1.7663901142625544,-140.50612471559364
0.30487412137765457,1.280249846383559,0.4238614751381471,0.3672954440330686,-0.1266151558085296,0.6585999570909368,-1.7229781531902013,-1.0458471572520476,1.1787295683021175,-0.48773237052844726,77.11114373363043
-0.8137750430501401,0.3788297447828725,0.17219807858077177,2.621016719067728,-0.6219708727159359,-0.1077775701482731,-0.07558919272885381,-0.9776834638576902,-1.6854659832247538,0.9514788148365702,13.776585205617534
-0.37217205824863686,-0.8974423939742499,-0.24767699287739267,0.014485292877149482,0.643922126252366,0.6439781648513963,-0.8495409119303878,1.2369663716425794,1.9010702354455324,0.25807145263555054,34.57678857935661
0.6989895656748324,0.30778155845335586,0.6404209944148858,-0.08554784095443793,0.19663113460124154,2.402961552773874,0.10874364392246108,-1.10122874689178,0.1528917468250488,0.5110877034086643,154.28480067047812
-0.8318314109443165,0.895781992242581,-0.21837935794416213,-0.338698242033053,-1.0762421464167184,-0.2676724085339244,-0.12258024764056762,0.6070160429144005,1.0722224425239626,-0.7460485081448537,-32.29689821428505
3.0397053601527584,-0.8985797993166241,-1.7750693548443914,1.211800527301529,0.1959483419032672,-0.6019756953454055,-2.06942384621548,-0.6213063250856417,1.3542526284638707,1.094091601265041,-79.64023873482897
-0.8611512087289953,1.232564352971778,0.7857484346330146,0.7119370821966365,-0.8287448629326716,0.33377501108047014,-0.02312220463748778,0.7644400260586252,1.0606816672175563,-0.14189988823050645,75.54014524765606
-0.2107459669840841,-2.166953511940309,-0.8682105485065708,-0.0012416153079896036,-0.3451945006533922,-1.556224288327402,-0.317674002064146,0.9355147205610762,1.4786916798387,-0.6129959316765009,-89.38119322564538
0.9193871984174173,-0.6425381516270641,-2.7007060177939506,0.6366902344899464,1.3513914657320538,0.4916134499335436,-0.13074390379781842,-1.8186297492103385,1.3535005358175358,1.6580088936380057,-48.146422314827525
0.1997079088942508,-0.020634988819522783,1.2206331689545482,-0.4811185677915598,-0.560966271462295,0.8247973143301712,-0.586012302353609,0.10285541164031206,-2.1395331300455847,1.240106429601426,70.78014452546664
-0.31570951225071214,-0.9182693264416913,0.10267695249560832,-0.812133434519528,-1.9811477848643273,0.05951934463915001,-1.2979342589161158,-0.4142034220488596,1.1797705885523855,0.16972994291052335,7.1877748734921
0.22617339450035318,0.6205613731928947,1.6448366472528089,0.26975930243096774,-0.19195757123803237,0.428570052238379,-0.43256782802407784,1.4825934758889259,-0.45535916587677877,-1.2849942855318779,75.3202932958567
1.3085368613248312,-1.3203032411105944,-0.9047420582109638,0.4535792097353763,1.2697898227856421,1.151836720287411,-1.6594755544716864,1.9071181688317078,-0.4244297958689927,-0.09270135151104095,52.179520558992856
-0.9940987548316341,-0.272567749704005,0.8762367259163601,-0.2320427041730272,-1.0352552206814418,0.7925128106152374,1.0116736174059142,0.4956896155800338,0.6094762505851951,-0.2074991439164729,54.82558491002196
0.8586105748456798,0.5426270400503297,-0.9140377415692631,1.4652253131786828,0.5452375178521627,-0.6634033039686656,-1.05678627895067,1.0923187352234396,0.8526508805414139,0.19764015713810673,-26.476401667127746
-0.47496785344124853,0.11569129541923452,1.7455212701505027,2.7186745454676635,-0.3096712138082669,-1.772728657654149,0.7557061663021643,0.8457291853519083,1.4780303208192858,1.2777216121394488,-30.893072012886257
0.07078857821404654,0.4162569370878879,1.9631681711665212,-0.019114949536831627,-0.9233338173974389,-0.15883308045622888,0.8505541944181713,1.4267496676985196,-0.605276358038639,0.20894960835739168,43.915079499068945
-0.9022581479183508,0.37271284224188944,-0.9697657621523433,-0.9733201495015221,1.0553903858477856,0.01894542025166193,-0.22092619150643228,-0.005673952883769727,-0.7035597577521047,0.9259383974187578,-47.996993686432724
1.013953024780062,0.2712863500453432,1.2038284811928965,1.9519333629121287,0.8025257614885579,-1.5183631154006663,-0.18471962121965207,0.3224964398341887,-0.4844736273142425,-0.59603163600848,-35.14300651858481
0.9512718766869173,-0.058094539905548075,0.013366022034570489,1.359800011149796,2.7004962013809597,-1.0631103551107641,-0.1789587548580859,0.5040592399353461,0.44144397863210416,1.227237906540955,-56.15798781237812
0.28754189722615925,1.7131406597988943,-0.03811455307321108,1.714322588692548,1.258271025446906,-0.6084478975561428,-0.9660254978011766,-0.4212176281677459,0.4804859007399962,0.8001029743426442,-0.1476747709578028
-0.48639251644535897,-1.07145874788393,-0.49298580883641296,0.11040973162463481,-0.6236388943680786,-0.46565373408933725,0.7531149557510258,0.38625779285966044,1.0380696026909282,-0.10499328299357948,-34.18125859826314
-0.06550504195309148,-0.026814624894387153,-0.28824993605207494,0.8014134667860834,-0.42824617395172865,-0.06523419481854295,1.2123439358638246,-1.3857914414966972,1.672309299943169,0.988036726311883,-9.506057677260138
0.7003526989568963,0.2015679781037971,-0.27718660016010455,1.271652288165747,0.8372512360185471,1.8124181923916902,-0.11480594793767593,-0.9987393676761634,0.984040098361306,-0.3858657886861087,99.40077368495719
2.079488725786054,0.559098435916728,-1.3332227194615112,-0.7617840311894191,1.1906043233800174,0.918171609657108,-0.3393421126327463,0.051515692604211336,0.2030919404765615,-0.07177955280407683,1.4026678545627398
-0.7373225315170607,0.6727944514972362,1.0893680719788699,1.1380551650999375,0.30763573770025904,1.600383359705669,0.2962258749534305,-1.1190490816012804,-1.0777498958847018,-0.041602501024908645,137.50938705074765
-0.2746470528294374,1.757228599047249,-0.450416030051242,0.07837621084995879,-0.2556763642574348,0.9508767117607508,-0.6073120981955118,-1.0835501095447584,1.3784187702089998,-1.0272242945641499,63.54917714339579
-1.1258517465095348,-1.6025231279420076,0.907715208250103,-0.5434785882830102,-1.8224142633613127,2.0164166147986533,-0.32317100877750077,1.5598639134970513,1.5166914330978416,-1.0570041541418953,159.7397559089623
1.8154031282846057,-2.137969301176534,-0.8463371509192681,-0.6210355704243002,-0.6509326194582024,-0.7634865316025354,0.3341806210774727,-0.49106985325289704,0.17331866086805306,0.9869970995349351,-100.71805122764171
1.237833503920645,0.9581807575734571,0.10198013006934664,-1.4470859838468213,0.8622558522500158,1.837372859670449,-0.4313832703564478,-0.6359339929530672,1.070230897189079,0.09221761443697489,126.6822067007177
0.12003736261848624,2.354781607036499,-0.5602867193578491,-1.1111709997564527,-0.7386167943672268,-1.161587265749257,-0.38495295326051293,1.9437472329075567,1.5546169293248147,-0.04072615473125348,-36.56734697567383
1.0808418727089182,-0.10255871673886008,-0.32791929692269106,-1.044869373127857,1.4972842110095959,-0.6612822168142145,-0.908859141710173,0.3582435532225834,-0.1991879094144561,-0.275106568597732,-35.13706831693759
-0.14799162370665642,0.6677548001362659,-1.1925071943123216,0.2742668492387495,2.2993148193633424,-0.19652371924098988,0.045114659382322536,0.46481605175845325,-0.09702678591643756,1.000638544495264,-30.886643801007224
1.001181225097445,0.643081401946409,-1.183874822060244,-0.24712213035226854,1.524079357738753,0.18497809744155758,0.042665856950017865,-1.5385858977774156,0.1254629342999368,0.3624890437042343,-38.19241217889773
-1.0992899097580555,-0.5435458761668295,2.027923548293896,-1.6314359028976346,0.30101245636573687,1.1102821159841039,0.3038296180537097,0.07703027828110261,0.4136219068749728,-1.1495255029255405,114.22191359542599
-1.1416609693809814,-1.1309991119766445,-0.4369517362759222,-0.04111862668107753,-1.6882271491051573,-1.7860843749276936,-0.3141965685715113,1.0908942476489958,0.5489759097289094,0.22860679314822124,-116.8218523090542
0.4847663330267536,0.10887316624625251,-0.999450015443679,0.10303131179898656,-0.7955975243308768,0.9313678071955317,-0.01389056585977662,-1.0440166970353133,2.2710209461827673,0.1091111274186694,26.329141328510183
-0.6393585538860973,0.5367210836946057,-0.7993675955652264,-0.14379459126471175,0.388307204326408,-1.199359348644455,-0.4581835270004232,0.9246282687878207,-0.2944985573818157,1.8133042087651812,-112.11299839054612
-0.22030132285525636,-1.1482776190599948,0.8472591883548726,-1.4253724397495566,-0.7694556572571533,-0.8131320590702913,0.5041506029738206,-2.844604805714518,0.9512301739865379,0.0008144305412257585,-75.40645639586859
0.35926433355237863,0.09163943558762178,1.4477242995858373,-0.2531355439016771,-0.34906286725244134,-0.5513121157160586,-1.114086018061761,-1.4056897534583332,0.13523762348395413,-0.5855258278787805,15.666702904576987
-1.2922003944451488,0.1857410635400907,-0.16586803262186164,-0.5707121317172731,0.2351536293256618,1.0905394841023244,-0.34643904735354564,0.5543290648012295,1.4257053622869422,-0.3957625784271098,58.14231696774202
0.7530735252409799,-0.518481739144331,-1.4801480001388423,1.0108030713139926,1.1616245802931155,-1.123857836759983,2.3891782242935196,-0.3514984044769556,0.3929533079362903,-0.8528201965621404,-103.31131373856583
-0.6717747635136689,0.8332424668562554,2.283899975525206,-1.4087458880956403,0.8048824794171084,-0.33442010429854807,-0.9501472496830408,1.736734594720327,0.8575766246052003,0.41371604562709197,86.05664695808018
-1.2548938382976824,0.8893643019592963,-0.6074330422517707,0.37483651723710243,1.4620392157046456,-0.45934857319736544,-0.795056895589352,-0.8816688489006311,-0.9538393827826436,-0.8894837476528703,-55.230987979458874
-2.0301621675114863,0.47545841353393004,0.39531649002066027,0.511556772805621,2.3014401518374616,0.13411391158440095,0.009573292766417532,-0.7961814985112473,0.3795371059322462,0.1861334073950982,51.25261774025135
1.5547466195032693,-0.3181510194442095,-0.31442634410710135,1.0000804628805964,0.2657451043782122,0.7212748357609464,0.033069029502637244,-1.320551653789577,-0.16943930973483312,0.0025782276485768825,13.785154922301283
0.1842966534723057,-1.235088920018775,0.9327571429821369,-0.332086952040331,-0.4142297379513929,-0.1076558912789217,-2.176060236927323,1.3404172641502525,1.6976022712466006,1.9685753046725682,50.31957354679268
-1.1966690972181968,1.6647642077235336,0.3090461502613483,0.3846517660670481,0.7017995178795142,-0.2546866731262425,1.1566338224696595,0.5052419524305243,0.9583540950711901,0.6290889175166782,27.79083440450509
0.15639864058025346,0.6782819779978572,1.2354058704300743,0.12801805090979418,0.38650033748859325,-1.7448188683887234,0.6549613352331933,0.12723808067831316,-0.8021929528769088,1.2207532636221539,-51.80381468886894
-0.3705153255228422,-0.1069444452368566,-0.4860370823584998,-1.266745453672649,-1.2804242332471418,-2.907773705777532,1.0589338036497324,-0.5265282934982097,2.0088888726687486,0.04250268839805418,-197.8500680145991
1.3669950429312951,0.6517726998968675,-0.9456906874125247,-1.8114420801020126,-0.5253195515123309,-1.0097970021816507,1.4941921005757135,0.396374616677856,-1.4476501414636027,-2.4984497875929024,-111.68511894403771
-0.6242965949635063,0.13280007855371326,-0.39495329657675565,0.9688744300300901,1.15333450197325,0.1776285850266715,0.10562748043736006,2.6959969523119307,0.08581123894468448,-0.0352135764286255,23.87048265915236
-0.9482390929083262,2.071404402564577,0.44698109229857075,-0.6981599594912373,-0.7355957014205454,-0.374398444121424,-1.304374109711307,0.18273275198320066,0.20639762308804674,1.240446015486197,-9.176950054687389
1.3177601847059464,1.067722478740319,-0.6486710208433203,0.6181572192128889,0.9232678597181855,1.5859150929846777,-1.1780252827663662,0.6538237866630712,0.4294030678418879,-0.590105878031516,89.2014137018986
1.448417413406787,-0.15244395658965762,-0.043597880283143466,-0.5267580408638065,1.0508074632339666,1.2490729335760737,0.10130066580059738,0.7709796389118442,0.5786166826973689,-0.29374159843364656,90.63851359349533
0.7788493070947864,0.7746185744227261,0.49985409658540414,-0.28638923528185317,1.9052261941096533,-0.937678113104357,-0.5173833623628818,0.6698881978824246,1.075955952822905,0.39579233607724845,-25.16566289814993
0.2800598371807075,0.6528050557254821,0.866005449377078,0.5015049248921458,1.5067691447865306,-0.6616868219785432,-0.47988869683435553,-0.33821216257751624,1.2527746889849198,0.1890178281169309,-10.190644336033825
1.341983926280048,-0.5945050195503606,-2.2379860541119787,-2.119067120163746,0.36502982623486613,-2.728011932366549,-0.5079572916506596,0.5094664139960159,-0.4539082020944794,-0.3669256887016112,-269.71559777333874
-0.4369973089254005,-0.4280526029662385,1.3009959327784735,-1.368208501280449,-0.08808916782107892,-0.12664373979733268,0.6729310234329825,-0.24976717246814342,0.10935430029054667,0.16437553825907855,-1.6516373003402904
0.32059103834407077,0.2927188880155185,0.3682236227235346,1.291364644938951,-1.3581084103080967,0.8595513493858111,-1.0465792635731916,-0.6164556303795383,-1.289859709878711,0.5469647577004679,53.72974668272803
1.8384136392409147,0.6687158468802968,0.33817543385710175,0.4508889685241859,-1.0717846083503775,0.39144541683271245,0.6551402049158203,1.1728132808838279,-0.20453897689639175,-0.11104559866913405,44.04695024661179
-0.02454253357638203,-0.35693966613759276,1.4972760609797087,0.34508003429661366,1.122847277242895,-0.1812735354157801,-0.17522973469991776,-0.46506840092928703,1.6073163327514353,-0.4655635703182899,22.618882280397788
0.35250525150614925,1.7920848133929383,-0.12692773659424425,-0.6566474400135017,-2.0806034404520517,1.7971207353105834,0.4703102083607457,-0.2830026663673186,0.8136993524910979,0.42266911130163115,114.88964553215068
1.1500203701667342,1.019257583484353,-2.390083582540177,-1.0350120188458114,-0.4686657188995981,0.19159497888948243,1.7954105643871936,-0.21017107451534414,-1.2711307408065606,-0.18003862636068244,-79.77412090668109
0.07355648468571126,0.10927878493930047,0.132811251940571,0.29490921082966864,0.24276878327697,0.29565518014253805,-0.2577628535175535,0.7413612405527022,0.09164408853581103,0.5147194128633626,49.91041854699692
-0.3727270063324731,-0.1946672935690094,-0.19801382259349948,-0.13281559155347444,-0.00043200586988715104,0.40027948593540286,-1.2304694912290708,1.0310068066077522,0.24103635784033878,0.9345263473631558,60.546076130524256
0.9831099571795205,-1.5293119765261527,0.7945541276207809,1.1826604021811395,-0.3595263954002525,0.796849279006363,-0.7718113428482206,-0.5635247880532623,-0.4230434370558992,-1.2839182485099718,70.86330070358291
0.5954095167235838,-0.3716998086974281,1.2166208901739188,-0.03838496810317498,0.07729019570675083,-0.49912481607570564,-0.49883646087246175,1.3725990825384322,-1.3347484543927517,1.4347221678849928,1.225371571765594
-0.3741410568155382,-0.7708030448547033,-0.6381003194570325,1.5812214843900343,1.1586442086759319,-0.5659159546605791,1.0021576981282245,0.7918742155989867,-0.4158732649951078,-0.386972842193671,-45.54602056961519
0.7201255550693811,-1.0018104383769015,0.31245373038648855,0.44178306428831576,0.2867685248099348,-2.148841352658291,0.6432740231669002,0.21497890361506133,0.49376075216125226,-0.3770894349599123,-103.85349605803997
0.9685487618189769,-1.1026779050005164,-0.4875582386720468,-0.2136320138832722,-0.7231333967121737,0.7893228681058878,-0.06725553003395382,-1.1731755709291056,1.336695492244946,0.39006285686889725,31.667278530484896
0.4721236542715881,-0.7941701886644372,-0.8090708563698839,-0.5277264755348142,0.37769795114061505,2.6758096998268384,1.071515567517716,-0.700754710004593,0.8429361641048594,-1.6050575923519397,74.0975187133772
1.0038458848284884,-1.3728714730226126,-0.18283228500290333,1.654705779961315,1.8923411182638716,1.4400681725282534,-0.646526090149124,-1.5977850080409506,-0.17372970103555777,-0.5905715370641833,82.97657345204318
-0.2290464290319548,-1.1011800718107307,-0.5563138474549109,0.7897703151224779,0.16511542532935827,1.1898937886153067,-0.6939166603672101,0.2681990826611616,-0.46690011681805305,1.219471068413291,42.189262427747295
1.2596605223555104,-0.8042462927178656,0.3097676885710678,-0.04173591041057867,-0.6255489028797888,0.2095957017749415,-0.9436920485963436,0.8814146643816897,0.045214602363617594,0.6973227883993766,60.64285693186099
1.3548529276515844,0.10973935700967871,1.7196347426322924,0.9330679393322044,-1.6312096326432988,-0.8339430264969655,0.4085389797893182,-0.778491291366776,0.5323330544547086,0.682872936834019,-3.3252104199453854
0.6026931731457339,0.6716504492455051,0.12416377600978347,0.6865587171948206,-1.6309876908522873,1.1677350031990295,0.49215436133013557,0.3070919651225796,-1.437250605372548,-1.2332895289702401,57.99618436231153
-0.517139499890849,0.9853045073208967,0.5744571985721576,0.9168077043895712,0.3817260514931154,-0.6367379831815159,0.7487237781986484,1.1361082592944456,-0.2591543761475709,0.01824597246805445,26.49421565045857
0.32362722661913934,-1.7645469566745362,-0.9694049558270391,-1.933318235580178,-0.029168819105220813,-0.891657736544925,-0.9813340799369136,-1.2472165510558026,-0.12590053937872495,-0.21206396421429127,-133.15321408341183
0.5313665275026442,0.22878888124076072,-1.2738383292712332,1.645652623138865,-0.3033763488400317,-0.7376998819237967,0.7546651305963047,1.7040467255059477,1.7822522082934231,0.26068566086020745,-47.57133093635193
-0.20237911083669458,0.5619704085524332,0.8208579402145106,-1.1432359887630814,-0.6795960526006651,-2.4554600151606754,0.5624845123750474,1.510450763828659,-0.7406072490420389,0.39970428282963993,-108.40713681463252
-0.8459152831465903,-0.5353516752368185,-0.13864158583265238,-1.883870427522217,0.4118173534771594,0.14448097861554438,1.2305993535491735,0.13828287377538223,-0.9632591614619425,1.0062938062273934,-19.068673670854164
0.6719494845072628,0.10822185324480607,0.6903159081916,0.746170530871274,-0.5478319216104711,0.39139022581084,1.3641592456647138,1.4788005283673764,-0.8025390647405585,-0.4257506895974436,57.6968713179092
-0.9410441841111246,0.35292630172344874,0.5016231733708034,0.7765668080444711,0.9575286902195017,0.8161354404268595,-0.8712232530741749,-0.498161493996556,-1.2814846461954374,1.1184229033867197,55.475752079328984
1.1615897303209683,0.6797714310479607,0.004373837169335786,-0.9907056794657982,-3.4025938107047846,-2.3059460185049,-0.020901972766713094,0.06354222926562014,0.7832876063565303,-1.087001350314318,-139.62466936568393
0.13681469343624145,-1.1652803831675371,-0.12203305446833555,-0.47657761712122737,-0.8876854225411549,1.080977830210576,0.6277192278518782,-0.29025914012775966,0.5748683347617275,0.553987715750038,18.510338642334332
0.13245182870800706,-1.2555259792937175,1.2934420173094483,1.1223705342212726,-1.6116549206134683,-0.3278010264050279,-0.8766019967107168,1.3554367022750793,0.6077971263679635,0.34148709577973557,13.302133865701968
0.6959891191342958,0.8274725962753268,-0.15174818378054303,0.8335817065400822,-0.1605579059652718,-1.7603838671364305,1.696442308234248,0.0214110875501252,2.9156266896220986,-0.7402018001431543,-92.49709882015364
-1.0415079409067316,-0.16955217989906785,-0.5268284060128183,1.661259466401243,0.7986847801042173,-2.202706044157618,0.8141662229512313,-0.044014527334481295,-0.16033002933218354,-0.7376839922339888,-109.75686549526097
-0.06568652412720448,-0.21045322366333225,1.0314453902643355,1.1208816882147683,-0.3939220769087378,-1.5262029879380328,0.5576192611001826,-0.00040858978104275565,0.5243645961041711,1.163333098662633,-62.93599673859313
1.1228904015679222,-0.08233101817905437,-1.0560192561161712,0.8023592693065199,0.13587957374504606,0.02793522151243401,1.1217379943329855,-0.45425650423409336,2.5720284167255265,0.46499576878830484,-11.100143162992156
0.6900834400327917,0.030425548786837606,-0.06524426552942117,-0.939113708697678,1.3714709197482569,-0.49524341318890985,0.6758535354768299,-1.4604236602506548,-1.3574479101634127,-1.7307792725077689,-88.71299336969216
2.479515489906054,-0.6755668794761888,-2.110222902431269,1.288021320621588,-0.07369012407059684,1.0425159329746216,-1.0533685872236904,1.2274225200904576,-1.2124856416651695,1.798574897829011,-8.445477744437717
-0.4992584748583166,0.5075927147182439,0.7924285745901868,-0.9894645869642892,-1.91274272512049,1.034036448974059,0.3833309794405176,0.5580805843772304,2.6906876246784135,-0.0025048971757353116,77.52591122054889
0.826321687855887,0.9984579257968366,-0.23124724557706955,-1.449748274198652,-0.009874114063873377,-1.937446004767716,-0.7837666926601872,1.1911123826953711,0.9722186044873052,-0.04597025432456613,-108.23909008034732
-0.42511056581953915,1.211064837355931,0.07543039071125855,-0.18410899231867273,-0.48590580340041356,0.32009551686218357,-0.47046715338069967,0.3026674074118378,-0.36914914613683175,0.42333301584451083,7.91795791874851
-0.960874053716392,1.9689506420041838,-0.3309089474226681,-0.06279769078264605,-0.8060778754330954,1.946455102536431,0.4072749087459866,-1.3040507960635588,0.758731045559838,0.6024667742872284,107.0385096981829
0.20303606963344187,-0.17515525432146614,-0.7260407282223067,0.7027931410300887,1.0026818107703643,0.07719384920473193,-0.11015675800631432,-0.021479829684405254,0.2715782749336405,1.6233760549211218,-46.10554380639893
1.2740177897265959,0.5227013651020807,-0.4919239627239081,-0.6336143961760076,-0.47586005370740075,-0.15118363066566268,-1.8498498448711098,-0.32042872277544443,0.7418245526400553,0.09710938681310585,-7.652422135471067
0.6604478539624085,-0.23036768790989423,2.0399041540276257,1.6976705684786855,-1.9018025297877954,0.6241776432947158,-0.9335606632320034,1.0322833664330475,1.3486505966321634,1.0964920380829477,143.1076230707056
-1.5407617017048871,2.0052264200107066,0.9258302070262879,0.1581480927175468,-0.6338469311828621,-0.6595143453361908,-0.043350348805810505,1.0867521950754777,0.05457309574942155,-0.9299869546332299,42.14295456191833
-0.514285469165166,1.719209493079575,1.1669533296095236,-1.1908304925934772,0.7232922591316265,0.7133413595378933,-1.6046482317229671,1.5935403924944593,1.7472663629984697,-0.7220538115692263,84.58599264940284
-0.4699362245919143,0.12073022357182475,0.9229463632253249,-0.538962873733853,-0.9871941555672129,-0.4427435002505544,0.2181230766689448,-0.4264866847373731,-0.2700615259721561,1.296553944405094,3.2223177522132627
0.5637058480273465,0.2071103722374695,0.64889483278232,1.124706130257972,-0.017816428667107108,0.38143621039032305,-0.5102555275138625,-1.2755500130403457,-0.6001946888474828,1.2788391342352663,16.402413964943797
0.4359717703700083,0.9338912661731791,0.6157067574127456,-0.8228233673787742,-0.2482732364494205,0.2366707607390782,-0.0300021940475718,-0.5987320224189082,0.8196735144593009,-0.5001516710151319,36.59164107478947
0.10001907760322898,0.9926792869028538,0.6940056023357752,0.19883431794614131,-0.2606040328424634,-0.6185505784432701,-1.107035210610554,0.33593919433212127,0.37699320107292034,-0.010266499092661167,-15.371859070521644
0.3589360076570793,0.20638137997700132,0.8079120746671818,0.29937329904717197,-1.2925231251864004,-0.5971908314112555,-0.04736551581238028,-0.9289316204947468,1.2294128558455901,-0.0933588074103641,2.217032054754231
0.19097064162186056,0.043707504498260635,0.32596298091879367,-1.008205207934258,-1.073764627325993,-1.7612921132439692,-0.3698267977622559,-1.4473268144731106,0.38205143157841587,0.005280688785348038,-108.41484536515476
1.097287617838029,-0.6062052425296589,0.9321291967068603,0.6335585518969008,1.3718344301432817,-2.0609594202821806,-0.0776246696152427,-0.764886776833637,0.17682858526121928,0.3874462157019077,-91.14521042342817
-0.07601010503172594,-1.0666178561100765,0.6118634674334158,-0.8748566862913991,-1.643663891891713,-0.23424100692732583,0.4617442068127297,0.5346830825028508,0.717075371101664,-0.8350866408373453,19.207080221835596
0.8619588216987426,-1.0999663202821757,0.9628877679431225,0.4833401674759161,1.896162504360691,-0.7843003465539209,-1.158516425381885,-0.2927150657486422,1.3119342828864349,0.9287319807523419,2.7213596076987105
-1.8744045688306956,0.6446531805004942,-1.9268559761355695,1.440042432464416,-0.4996714977199947,-0.9353863191405385,-0.23695159122984516,-0.7359654251813125,0.6779750420884101,1.8353913589402224,-106.32434115811033
-0.7937315839832447,-0.08229890260345396,1.4793513004823609,1.7984659417963533,-0.21005766012068333,2.057249568314899,0.6613235719019416,-1.2167664207136188,1.5665084657626764,-0.026284448058259937,155.350093036883
0.06198710694781786,0.31470562776860217,-1.2028243434837451,0.8426938697339478,2.491508396744944,0.5446099010968719,-0.21184681029666685,-0.10593997482828955,1.6064073593942638,0.21868493657529184,24.364639022066083
-0.7875103787334536,1.989982451110197,-0.8325162157986951,1.7873325067764856,-1.4399196925776774,-0.02483522323034253,1.0647829961197992,0.30503786318774956,1.022582073914179,-0.5104172558687569,5.787816562323755
-0.8752158880021385,0.180793446490204,0.5635066905596193,-0.20611315305032268,0.20761241932188812,0.10272013872589625,-0.5590906523427915,-0.3613820851255786,0.17429657154908615,-0.4314805471057935,35.44863975922465
-0.10660804792577666,-0.06038678577853573,0.14658373327843247,0.0021181701786280372,-1.6059302066352206,0.7250225394053735,0.439350043693933,1.0522445755869094,0.31560679553805593,1.8234796835867677,60.354347326618594
-0.8093507152046863,0.1992966583885111,0.153217970773593,0.01929550782670102,-1.779502241498891,-0.233983600811366,-1.5505893973808125,0.2920178083245683,1.4656127405086299,-0.08126012671086323,21.86047525146807
0.5809250246415495,0.30902626722123455,-0.2824021182322523,0.5452569103580528,0.32621119591327985,-1.5253845560100445,-0.8788210197944988,1.9082398070804374,-0.08990216239125244,-1.616123714625271,-70.24451483069589
0.7427556215696585,0.35555854591068126,0.007593402152314952,1.6199742598634665,1.170233134255005,0.8060001859713962,0.23120214494201394,-0.17908494309639456,-2.105038347183274,-1.4756206084839003,58.642003569014825
-0.735265709685241,-1.5080050335133515,-1.410153297020873,-0.11264767373402094,1.3784190813628225,0.06799280637043069,-0.2973861191263426,0.8170917229630971,-1.3779954507356014,0.34701384751171777,-41.34776611591906
-0.6239848290446133,0.516751712075138,-0.13897978583934678,-0.5321182997318962,-0.09201264568632254,0.28854144873095383,-0.868301011291021,-0.8200403062909851,-0.677278400481397,-0.3571782997466024,23.48006530538099
0.3675240588523774,0.5913649311205997,-0.045504716785689674,-0.9242581050655696,-0.30482120662617435,-1.2231612903660263,1.6849774313606949,-0.3678480457760616,-0.8331085151358983,0.13267427602589482,-68.09818694305396
1.3000698953263312,-0.6293508803909832,2.474429253342991,0.014488876676238806,-0.5680909210033247,-1.3166081916043446,0.17687839121442128,2.9172485741127363,0.04762000729028269,0.3881395594898914,18.126417661900348
0.027670222386937025,-1.041414809765251,-1.1938654987100572,-0.07993060310110077,0.7021403686579151,0.2739997615755548,-0.7647053168500221,0.525460510748973,0.9523265935915178,-1.3604848878513143,-2.5582330856546918
-0.7990588807541942,-1.7585511460033691,0.26793693585819767,-2.6644599482175058,0.5754346115569758,0.06799479592022589,-1.5297614397720325,-0.13675303639163797,-0.3280898324020759,0.42004533332621485,-19.814572824393693
-1.9419034405173263,0.7956837481807217,0.9820034969771203,-0.3132199066455579,0.9433686864593527,-0.07256687853831709,0.2848372638108141,-0.2530060249778121,0.5043988980541895,-1.1133339353499545,24.523540785269635
1.1261344833751112,0.02406386026486422,-1.325133316389533,0.7287857577041612,-1.622399241948252,0.4735145197072308,-0.5806046539532781,-1.5274558497814132,0.8324657233651542,-1.6664013763388186,-11.681789516736053
-1.0939401018699655,-1.393278201512631,-1.8225630322522475,-0.725788784574718,0.03171801302338268,-0.12718740683807178,0.8652663891887448,1.7775477052539093,-0.30551451002230057,-0.7540510589676541,-89.37102992386411
-0.6824366567360896,-0.31770223910216094,1.2265715566618778,1.1784277718934397,-0.4494510418880855,-0.5733667842863002,-0.6349440513253348,-1.78127982349757,-0.5504742481687558,-0.639080905928312,-7.040947970555821
2.1259989405963178,-0.5772364132028711,-1.8435968359121577,0.8476053794785495,-0.10120804640581868,0.011450273700057387,0.16200763316917152,0.754657859190736,-1.4605485540856895,0.523230646309781,-37.53651885606318
1.4485007396160898,-0.7521646292009587,-0.12464544374215247,0.1146816328446853,-1.5803786311432564,1.4985228457682418,1.1394997430208362,0.2578479143314748,-0.7224689242440242,-0.8040239963534686,85.14097296575352
0.5514811363100084,1.035694532736218,0.644666362228702,0.19782832218043422,1.220422002202684,-0.3049757833235908,0.306109087668279,0.6293907201606705,-0.41833299497444804,1.4406080486133834,12.250504005844057
-0.2988657509167932,-0.1942274643246762,1.5125070001745575,1.1693012195698274,0.1400401404614871,0.13342623402548187,-0.5925149451312725,1.5604627598345377,-0.2969922593411859,-0.37012434799732175,53.67938872987597
-1.3640367909015259,0.5625452647596264,0.49729628623855987,0.16783844588770463,-1.2897447603937893,-0.0476079438212975,2.278334908023167,-0.07781288749947993,0.9020402795489328,-0.08182556760094438,32.97136402187707
-1.120184004659581,-0.6645474847171828,0.33523630729534687,-0.5105875960428233,0.4492819105089348,-1.0876647079547492,0.6617371637914611,0.07857016887455859,-1.019361130664167,0.6989548164479462,-85.32504924805158
0.17259180709163593,1.4993638609113922,0.013655313484820719,0.4595653191317575,-0.8958436063828509,2.113900851207155,0.84893481859425,1.0197694348213617,-0.7121002140892811,2.243524162357985,143.6688129293746
-1.82342033517744,1.3024672107699915,0.4925198867387957,-0.11618822524373469,-1.2035733236903705,-0.2455650341763694,0.7766840363123202,0.4569384845837436,-0.8338241750066088,0.67825017724773,17.40519489813733
0.9899950188086863,-0.34652451561476577,1.35969045245506,0.9736163663571002,0.5927051364927446,0.3236653639831715,0.07489799822902388,0.9130777290245352,1.4756572337506244,2.70198987335419,77.7587945978926
-2.071170065151849,0.4587145385045958,-0.5275830600947369,-0.36650561122310943,-1.07727980183965,-0.6001479952697361,0.0788442273182516,0.12232176538043754,-0.13157625794235753,0.4879305582661167,-68.77126356080123
0.07955614589032457,-0.14260418239974007,0.7309696793187407,0.061278976080835997,-0.800339333040847,0.0578296576499817,-1.1066595331523428,-0.8425124327605138,0.7404584998859657,0.2596905780279126,13.34417734602026
0.12499543171773711,0.9197003269448892,-0.22534428886921348,-0.8904184267505292,0.5460911817154547,-0.918743354933225,1.1379363285751656,0.7774945850329282,1.335926342804394,0.1041224326948795,-57.18726287839829
-1.0328491404774938,-0.6138878137052789,-2.9504912858960055,-0.662722352129091,1.1466783407893058,0.10731869292543637,-0.7974303975292497,-0.9514353428807466,-0.37598604263388,-0.7019895166569605,-118.34778338514766
0.8432208158108386,-0.6466493672278617,0.810316061693931,-0.8846767642095866,0.16456746440701503,-1.3431879728396978,-0.45942107849893016,-0.2651814445927302,-0.7621822515313255,0.28961736983312897,-83.02515023004551
2.0899931944867833,-0.25214795254182587,-1.4193147366113503,0.9320972431429578,-0.4430098480355866,1.3223659625807282,-0.037410223738482636,-1.3701138789357756,2.0536889295209724,0.11600141272219154,57.5501065900886
0.43004700973254834,0.4912262748147905,-0.7451711161519939,0.1476644116858286,-0.291186983656277,-1.0209242312865061,1.421232240692506,0.24205328191401337,0.2273154762160528,0.9987204401844272,-72.16511766618692
0.01786374045088288,2.07026814085126,0.3741763794361169,1.0434748449020557,1.6144058330698305,0.2328603715066976,0.14317901418230883,1.0853282599613923,1.0365025680565276,-0.33285312048735294,56.287936969143246
-0.14874694418812148,-1.4460789142169044,-0.01020925544274262,0.5611946906291427,1.4969793769088142,-0.5573924335410884,-0.49038922861002027,-2.292270187842258,-1.1494977523432082,-0.4360962647329473,-54.15888966628451
-0.3540092404614064,-0.4750331811861476,2.5038017535708503,-0.5535601110148055,1.1331352836920385,0.6602552481881898,0.5691362646845585,1.1061350858879706,1.8098887321051904,0.6222503516729824,94.45274450418444
-0.040590205016242824,-0.6760505087718822,-0.4841960197467635,-0.844286117762124,-0.5929611550019358,-0.08841975244581707,0.18783608176841315,-1.3302078863648663,-1.5971125932677246,0.1723915450493525,-69.70876328059727
-0.34237369775657533,-0.598567048773655,-1.5739100100222858,1.304019098260896,-0.12313084673297821,-1.5577468900543712,1.3949315171030534,0.5570765267702664,-1.1096978962959447,1.4968061596397124,-140.85843528696307
-0.5984519283743333,0.6255852606884132,-0.08471524777963742,-0.2125414246483971,1.3917748871507534,-0.3991847575187607,-0.6304746578461006,0.1448642333863089,0.5261873398793044,-0.5118760528662725,-7.955127551020924
-1.0512340187954157,0.7211526131831575,2.292569218985845,-1.8695097071113105,0.6789642734847778,-0.4797301686131356,0.06497325781682016,-1.596924783998459,1.078819884937658,-0.7017773448995868,26.647791159802104
0.28247688494123285,0.2841921923829521,0.4474224235474072,-0.16822066779637854,1.5398293036348878,0.6456070414470189,-0.349876820174962,-0.1886198670121933,-1.462418471662449,0.5645026799403183,30.044896546910515
-1.3005103091871717,0.10721047472526674,0.5736469312875911,-0.23329536766720646,0.41955253343068655,1.7137132195902907,-0.7151177508206088,-0.6970052410169245,1.0316529505756695,-0.3675855126592186,136.45392991362056
0.7049955833222314,-0.9681610089613446,-0.43225521291523156,-1.3755371142394326,-0.5320489904066961,-1.3051485802928555,-0.6086419274949443,0.7594793398550149,-1.513374050476743,-0.17622314568332084,-108.73257942347053
0.410352908232877,0.10714976832031052,1.939488508407873,0.4129050700407877,-0.4472445301060401,-2.3691697552185125,0.13277708796604332,0.08124630772336833,0.7471286380157609,-0.6978826787715467,-86.04614091365431
0.04564134047508859,-0.1643045252454076,0.27903961481322803,-0.3888242486095752,0.3411654713366362,-0.23257979032414589,-0.609978452705559,-2.4872424909916924,0.9634501945908155,-0.7429867315194602,-37.795752787720694
-0.09735553448930638,0.4108883762010871,0.6051156826165949,1.5824792656465816,0.21742489855662683,-1.5141525866534566,0.37941113781497604,0.36089425474799164,-2.509855217039583,-0.49848191468772046,-46.86350269235834
0.08528048169011106,0.7681901007510198,0.2519902875614912,1.2220729174286877,2.5122183983491952,-1.6484984143714192,-0.11644355218308519,0.3375664951996085,-0.8980121760575445,-1.12241788968789,-43.53246799613978
-0.3470177617274379,-0.05119263382115307,-0.9351041914492797,-0.5272291344316588,0.5741496102096947,0.2218566528217743,0.21666489673910153,1.9659432543099944,-0.782938566378015,0.3526748327355238,-3.857565709797287
-0.22809929590332842,-0.8818009684473516,0.8541562680525949,-0.4793833992483901,-0.45572688886749163,0.852082023808331,-0.5833736778245249,1.0157301538505052,1.449025499722787,-1.6387446982423521,108.13889468481918
-1.2132123060354318,0.9076930791549459,0.7425405304266702,-0.938869837231827,1.5431015858846753,0.3950182930626195,-0.7481220718087657,1.4230263117513449,1.8389175147459502,-1.779907245971239,47.16705762316359
0.4715600824621819,0.469155959298067,1.2105187181149097,-1.2224586987741757,1.4675133798412365,1.0391408529172244,1.233389063537238,-1.3500169979045138,-0.22073557630135673,-1.2167213653377464,65.19901927143079
1.3547575841144333,0.48931085587065754,-0.7574635615029816,-2.159766886890577,-0.6393255116868596,0.9632940555190556,0.5883317388112653,-1.0801543059345973,-0.3394925011666112,-1.202161296987143,-10.816705848719813
1.976505237823022,0.03187128223517328,1.5797465012144924,0.6915109410420067,0.38107354087625506,0.06223205194537772,-2.039420673076613,-0.19799074629464863,-0.46551777310749987,0.18089732521171217,70.004578677557
-0.9174424832775606,-2.080531991932674,0.37144676402109456,-0.06300813324384887,-1.161415449149997,-1.3022830819851094,0.3582826087601156,-0.0468450698261379,0.6743086379144906,-0.4975534867479433,-69.39522690273493
0.07050114633479207,0.23921263513029195,2.1437006058886645,1.1415196241744106,0.10685274218952047,1.0791789941134375,-0.78928579055891,1.0886619346636748,-0.5158638065799098,0.8969809248693107,144.80369731293175
1.167329944691326,-0.551144843700204,-0.5598855906041127,2.4882453025418245,0.5868074437287742,1.5101570103719621,2.002680921563824,0.2315833610379155,1.9636608003059455,1.0616546472078223,85.43916159843226
-0.449042285215455,-0.1928506842530135,0.32267609443961826,0.525334236411023,0.4546785562176915,-0.3472838047004218,-0.2638508145283747,0.5954519403139567,0.030374707292408838,-0.6752230437929118,-3.683214961807942
1.2733338246810069,0.22070595630677495,0.5660551168212927,0.2899980293145018,1.1661312752716588,0.32096613013711783,0.1660496938375355,-0.3154811033008522,-0.2567758115253683,-0.9970457626108018,30.549828668441393
-0.7032377557569675,1.663247593017331,-0.49142598546661753,0.11373346969994254,-1.0851737629588478,-0.2787683653539309,-2.0850840372407453,0.9562527097787688,-0.8315831183305449,-0.190628163430292,29.481381118249935
-1.7384330701962036,-0.39725959188433396,0.5813758818274506,-0.5797081115434393,0.27836526254514976,-0.044520353676358815,0.5586577362890025,-0.8989825313063822,-0.7903256432725264,-0.34118222546944166,-1.0454571095145493
-1.524721339506823,1.3294052963990484,0.38312260475884913,0.22870487896816574,0.5642129356925512,-2.3717613777059268,1.0672101329275627,-2.424744698104053,-0.45019186396103467,-3.025822483768628,-140.11183953213748
1.3018105235875626,0.5206366902163425,-0.022699668537801428,-0.26670427553735854,-0.048248302449058915,-0.04245792066855104,0.03464797451631586,-1.1564601041636278,0.409606375082005,0.8081553618778841,-5.0835104145502
-0.587815493509693,1.20636605539739,1.4234683953921132,-1.44470711878882,-0.44815129109236335,-0.9831955398145162,0.1957365922681382,0.054235034538456565,0.47405006113122217,0.09419112157605915,-0.678923126793542
0.20049364688119875,0.2846151490706543,0.5725556977301369,-0.4369175134265287,-1.1155494629346796,-0.005672560236506213,-0.1568293900750732,-0.20102443595992264,-0.28592148231749503,-0.9836794858128621,14.437170595826533
-3.500017955875969,0.363087163591116,0.7353329209674657,-2.0148869202162474,-0.9673039609013918,-0.8419026172565092,-0.20553584983216192,-0.25119785364989555,-0.6881150156394323,-0.6875693077313721,-26.038835919375668
-1.2787804881721534,-0.017057628413228595,-1.0224303410541526,-0.27115966380998346,1.366229209807063,0.3163977079409978,1.052139559519461,-0.09301057532644626,1.4091763120282814,0.6541001693726768,4.224252579097691
-0.257686082786862,-0.2517211405478113,-0.2972283573531458,0.21047596661077628,0.2445739391202694,1.5616005563433182,1.391113504334172,-1.5264558593858917,0.1281132645260029,-0.8687645101743454,84.48501571124895
-0.01726811735999401,-0.8601111377886297,1.9715299332524838,1.7750243722430918,-0.5015491584210224,0.7268380864802568,-1.4483666839937115,0.6106461524765662,-0.5482142154307064,-0.15181389670246595,97.92098705050009
-1.2987312650528082,0.9259029937779354,0.657502303125159,1.4738389134304277,-0.8580270153823651,0.04590713929224391,1.2148792499073473,0.8178961577532645,0.40285749759808315,-0.33085088728627116,78.8473749091797
1.5994252820155401,0.015766833245427138,-0.4604669262677704,-0.8080752649570077,1.013973516383262,-0.38085638410529343,0.3126117937422868,-0.17553331146351042,-0.6745838198027695,0.165245962929594,-87.53934677328814
1.3382906424610714,0.45619841299728836,-0.6151096369128978,-0.10685317941429898,1.1253235396251464,-1.7681700740642297,0.24765120666573576,0.46929930887142834,1.0546911037302138,0.47376748570540844,-98.01121990130187
0.6842216716786552,-0.7909446195517955,0.678724097390012,0.5428443820089387,0.3614848465033754,-0.4017970662728359,1.35453927646077,-1.8973438591764815,0.9945764445533976,0.45870441375978344,-18.596514585434743
1.4511650189825835,1.3482221613265488,-1.1421897112870563,-0.8400547009334015,-0.5341583993612514,-0.5574420487857438,-0.7875209401185531,0.18387894504679875,0.5199598672241149,1.394941053804557,-34.34821167586932
-0.5416957454262065,-0.9661672348400655,-1.7603184814826693,-0.27808935337471385,0.743027780319828,1.4035185464255349,-0.7737679068320614,0.1247869343567313,-1.649941717671055,-0.3634880586738432,-2.025355758066109
0.9620718357709281,-0.28196383528875923,0.027315791378545663,-1.4572416249087583,1.821015510186638,2.5759033756405,1.4231544993435818,-0.007253200587154565,-1.0445823206527447,0.30794253087913426,144.1172167221507
-0.24155137712537633,1.862062725522052,-2.011090017195008,-1.3345082876659509,-0.17254912103040904,0.05154140072843367,-0.15269563731358962,1.713784834573603,1.6325853647246231,0.08071578560845051,-47.67707029275546
-1.7938172418769853,-0.47622640818298684,1.6452936171436918,-0.4995924292561083,0.898036354899889,-1.120912162057944,1.0237908611890407,-0.2438502900661599,-1.616512558864126,0.27411594320707316,-31.240356121234257
1.237758987597939,-0.21709271846940476,1.087783497287587,-0.2831733494037197,0.7237411971903782,-0.5418015084242062,-1.4500316538111149,-0.3701338238949621,0.3128043638110137,-0.6512057778394801,3.548228650567997
-1.5734365804443537,0.19105387624199147,-0.18193202241880693,1.3853516434090318,0.13588788708684854,1.6041181367767403,-1.2446804019137014,0.056563622939073056,-1.352721433692538,0.40122738184392925,75.04348673678878
-0.332274032922956,0.5886451656936343,-0.6430274559253147,-0.07147452395960391,0.9394125780746198,-1.8378851179614888,1.0013726718450562,-0.5577386906027018,-0.38533580811201756,-0.8347222513633072,-133.1976508585072
-1.8328423731667203,2.344343409714895,-0.41841147007517343,0.6706100389599123,0.4225272453252379,-1.53008856704364,0.6940824379074135,-0.5845537269610321,-1.7855751686393586,-0.35404717539021885,-98.57957221304477
-1.8391494306926548,0.07310208740049087,-0.7387772913878701,1.8307033878078705,1.3257038001916972,-0.6143902126709625,0.3044478657912192,0.8260281179939732,0.37854852602027506,2.066581584103347,-30.951771794151618
0.12334680118183658,-1.6712049563523435,1.849163039759998,-0.7735710084611365,-1.9612264087555156,-0.16212179640760646,0.20427513978713102,-1.992711289485519,-0.6115865229535123,-1.6019755901290784,18.950332073689275
-0.3527460437431278,0.45273033209320895,0.9314283098435879,0.02334777904938685,-0.9829197652249064,-0.37625825138252084,-1.1267539817516594,-0.43046803126316185,0.3056577041653715,-0.84808381050058,19.97483009463904
0.18233267982714768,-0.3271245775639985,-0.013507067560906357,-0.555747749254389,-0.023732256714796306,-0.981631449567843,-0.6456241039519773,-0.33722038772182494,-1.8601802438252057,-1.3434070749970686,-69.63782876770293
-0.3698679757628456,0.8644622054234192,-0.5264449377937633,1.274185793776128,1.3279273436049812,-1.270122964543858,1.033599570762203,0.2045443959318266,0.2321729489033387,1.3932312753534901,-72.52088135018045
-0.15113685038820043,-1.1400014550338333,1.0136727798538867,0.8281553681212019,-0.12893867491803931,-0.07737102397073517,0.07362451006891925,0.8782386720516543,0.09852918408196644,1.2316191433200818,34.8337416217448
0.11115174995782703,-0.001844387475908072,0.5095360567545701,-0.5957360255332319,-1.1228670504267182,1.6933663056126642,0.03947973980814589,2.2233324396024257,0.4491782106999043,0.6454298266433233,142.29872957820913
-0.19004784421484286,0.10165099895483748,-0.01866815531316488,1.4264874259076983,-1.5039031634287943,1.4913988348994447,-1.0037281902502007,-0.8324313640100233,0.548151534638466,-0.8643099905319531,82.55063675941336
-0.038862813590658435,-0.20665379031129325,0.7992531944476705,0.09583599364513856,-0.2831116786527457,0.6162229365153246,-1.3486241699511063,1.456993156334527,1.5875962992212886,-1.6156588555429536,102.80410791031244
0.21184270860498047,-1.3804188156853634,-0.18681382455952852,-0.8168969353510404,1.217479857087054,-0.04618791416236676,-0.4995780976657789,-0.6998113232997963,1.7595759525852361,0.006773137336126232,-40.44969835314685
-0.577369071110603,-0.017654954485217533,-0.4890247129562606,2.4697155493121663,0.8242200353294289,-0.14602920865116936,1.6261075861688863,-1.3848246427169417,0.5292888253004603,-1.580899084062287,6.548625356138082
-0.6013306608735108,-0.07750649689257322,-0.316473631662295,1.3173338645348702,-0.511267390455644,-0.23610705524878559,-0.6555119828275325,0.8846116957662711,1.636185743870936,1.569033560267322,-15.924768596384496
-0.6166065867002276,0.04126538501255956,-0.8699922996190309,-0.06153969030743934,0.6299905466552229,-1.3639237078240636,-2.6211938744007184,0.5246699334741587,0.5999189791334433,-0.4716063077589141,-106.40888037714232
-0.4980484588020418,-0.2039772518329765,-0.886063144877732,-0.8385910750177232,0.8338373770161918,-0.16448002095147046,1.7130528058957548,0.33076279829288663,0.44651424988468896,-1.7154878286527255,-38.290031719096014
-0.879634915725125,0.8829364685087687,-0.9188460557895474,0.659845036514859,-1.9030931535638795,1.483686470021141,1.6269873834751458,0.6581007896936438,-0.4944705226075159,-1.003273754817912,81.68728970006514
-0.8900150623552661,-0.20796228533289154,1.036314834433859,0.06512975766935757,-0.30268996934501674,2.2478826895131423,0.761332246415846,0.4507770974063417,-1.6729145426621947,0.003229273597492393,160.1507962427689
-1.7235023025417693,-1.149136133202997,0.42941242673846364,-0.7700570811900903,-0.313410013435406,0.36788287109811196,0.9030428858372522,0.15480320098713124,-1.1069823089950788,-0.5626889390555132,11.756140532284988
-1.1797377230480188,-0.36520216141132755,-0.890396961419748,0.09965632755243285,0.8875947905343958,0.31997637573157545,-0.1497368568740645,-1.2996228040917592,-0.22581253182519287,1.63684213829367,-17.19295692016416
0.29016241406733845,-0.9292031917223491,-0.31152121229655383,0.49193129725417567,0.6194227993740697,-1.1231826780573102,0.517147785772895,-1.0507714401485142,2.001829114380674,-1.0487231143231541,-68.13520993732811
-0.06951166053577941,0.9206419874456897,-1.2550083936609422,0.5644526469238778,-0.30178564223345977,-0.47786311419282285,-0.42109704783178287,-0.4161246890173576,0.2847357892590315,2.1521966615117227,-44.02154059426263
0.017361211953528126,-0.8782124827622031,-1.7576284547044598,0.4161468797991883,1.6420406439442237,-1.1015368689597564,0.9798961169405455,-0.5918716996633627,0.7345868417193373,-0.8529635969588537,-133.84232838980893
0.17561215764934662,0.06930048870361002,-0.7375183902703877,0.1823331661301274,0.8618956317676281,2.1047732798523966,-1.9621859856676072,-0.6191026837346788,0.6398143359611507,-0.6475196393267227,97.36183546376093
-0.08288046796515534,-0.9754906280565915,0.018551593443481486,0.4779261882365795,-1.7585390243075278,0.09246396744389558,0.6103760876156791,-1.3854120566417822,-0.2793950355089686,0.23133600768547027,-25.750736006447035
0.2928867862347715,-0.5766996598259009,-0.21783591611596825,-0.5162716494986453,0.6260765537141185,0.3392755204818727,0.8754011546811417,0.908194390661289,-0.6402839211910528,0.8475320852701288,1.1228629827614487
0.579442960536537,-0.7061249596719124,0.12519268292495553,-0.005816729766354678,2.1334570047851167,0.5110689995843202,-0.11685831468014862,0.8674912970229327,0.8561374463080774,-0.42839303184423827,47.897028697059795
-0.9834217851187251,2.203282790151144,-0.1430853317457494,-1.331496285523443,-1.9381451488535406,0.14339383407486786,-0.5877524630010628,-0.4341060408565127,1.1435142700154992,0.2806712488754561,11.983259381899165
0.614196501722661,-0.8618820859908952,0.3638283978569681,-0.9190638074631554,0.5980906318566663,-1.188605373709247,-0.871174114481232,1.188821735751952,1.6130403666489819,-0.3097419598843147,-82.37607647204258
1.4178763640702905,0.91767515559409,0.3184936654924761,1.397987547568676,-0.07824877624832235,1.346529729953057,0.6692004450792258,-1.0522794535679505,0.3303254362529794,-1.1035367413478625,98.16569536975202
1.6951844122568358,2.6539694783092,-0.39303165939782203,-0.7812864442788867,-0.8540025722515318,0.5924523422170997,-1.3763859514054124,0.47015897556981756,1.1259264304487753,-2.520247685778508,43.19858567207109
3.0156009183956143,-0.09386806326017168,-2.0997923463094437,0.6419561101770508,-0.9379338303763596,-0.6629468449296432,0.6928197708120007,0.6204477249963423,-0.019018820579802212,0.8426393845903821,-93.33437693893612
0.3769025161241968,-0.06566757235188639,1.1826816986374407,-0.06259667240542158,-0.7088784525580567,0.5010523942731961,-1.3809150148856046,1.9563755390555622,-0.28803956868459807,0.864221501374495,103.45080024603635
1.440253610085286,0.8503861124165966,0.12823197856960805,0.03321614258122019,1.1818118752353954,-1.7362187696450448,0.2754587554652892,-0.814698057753651,0.1795214556562406,-1.2645154326757762,-88.19808673612343
1.1439327180750674,0.4397084622458532,-0.6161010808046747,0.5526509983040592,0.07799910236100685,0.06684540346934173,2.319808882919029,0.40700193057274814,-0.008336820951749644,0.7562511399704162,-20.195241127918386
-1.7141157620926992,1.77999017716589,0.708103039995098,-0.3979424302600732,1.296004364829807,0.20853181857190306,-1.3734906665046165,-0.3627587583439428,0.927967046723197,-1.5233419356557023,39.05854594451614
-0.2870309348757738,0.016757880089269074,0.37593778000485467,2.4240430887285487,0.30015847184284,0.06738973251485227,0.8942973726732071,0.8968899256881407,-0.06718511816365161,0.29451519609537213,46.1816119212189
0.48836082891353133,-0.6978159358465383,1.8811296343594865,-0.09054631903035747,0.9069892777921599,-1.794972647924053,0.2617751990641433,-1.4962024136529692,-1.5001216420251438,-1.579644693256735,-81.62775858329768
1.5206059792573479,0.9285012573166317,-0.09884447895797982,-0.4777605054073101,1.2622609033444956,-0.2112584541673628,1.495885697567162,-0.573993029344689,1.3781693967584006,-0.2626059911407639,0.39234593693382713
-0.4516049835509742,0.2747273861836826,-0.7892506536780111,0.809298290035484,-1.4174409480892685,0.8549642182613592,1.406065435411408,0.033991684506815834,0.4919034375010728,-0.41215612036337035,71.28734046891877
-0.5661781694579159,-0.8369459001117379,-1.1993977463165755,0.25061689163651535,-0.038927407439864586,-0.04697659367412502,0.41077180947385267,0.606832356548152,-1.510367624599211,0.9167614685144508,-32.76350603682786
1.0446826777821498,2.108463941268891,-0.8306282368062711,-0.7389207130283136,-0.4797980082577778,0.7592915878821117,-0.7540051234167522,0.044518785531913616,-0.7348225474584735,-1.344825599891745,8.176445753489144
-2.5788083311825734,0.05780356394112911,-3.2159500539861243,0.35873257114236395,-0.8211603417631166,0.2925539526513442,0.574677125456675,-1.6662640681873833,0.48721788350132317,1.4087179455717234,-72.07887086000245
-1.186766570784074,-0.9927673521017177,0.5243955056470789,0.27088811876895913,-1.2789703544166922,0.8397136102362316,1.1209087186738718,0.5716350270536642,0.19365192040918108,0.4978482129714438,51.584296404065924
0.10706930575261737,-1.0030860294727664,1.5105138441424157,-0.11061957776386283,-2.39045206099528,-1.4678409969875998,1.3400009161541417,-2.078331869923253,-1.297227243156217,0.41841832622984715,-51.51763013877009
1.0880816670828493,0.8302495635956328,-0.14438450468212946,0.7675893180708816,-0.4751415433341597,1.2752389006534228,1.0043857740644773,-1.7351017074753885,-1.5757180192449258,-1.0826377105990312,48.145813595045766
0.45683597399215986,1.9266118863902304,-0.6438372960352852,-0.5872286796915392,-1.0919618674622174,2.3984856275333946,0.09192069653815849,-0.8218504719192933,0.4499530355496792,2.5883549230171194,141.87474944172288
0.5511709633789654,0.43055725617722296,-0.11233680938483827,0.006164901981190118,0.7268379939066305,0.43742460555413143,-0.8672591664974195,-0.7579508804987491,-0.32592474539506133,1.5357358199019109,16.13831230527344
-0.18343856629035932,-0.0706364099015479,-0.37130466001785334,0.6996588226265955,0.01972557831746497,-0.4119093511508987,0.8857007161198868,-1.056896632086618,0.10977165998715849,-1.2025058457015343,-36.34183493985068
1.6108132109436148,-0.5524967662630981,1.4639562794192598,-0.3096984255520098,-0.0026869529086080406,0.696343122231719,-0.6199368492170325,-0.4356842623696138,-0.12396951714863026,-0.8445924908473329,85.10580638249967
-2.238803861001495,-0.4985859051808664,0.883217976802576,1.0767540574446557,-0.4920654620295495,1.3601235956165747,-0.23638591930084246,0.7389124312103165,1.7526184877802573,-0.8088132897672452,137.5796651248846
-0.9551775207827048,0.5102604595386135,0.0604805395592054,-0.5011629164915545,0.35900905506464215,1.0116383692568844,-0.25922410784789124,0.383286079487303,-0.46383214824735036,-0.4270172129331374,88.52882310494809
-1.1974804118259603,-0.7726950590617911,0.9861757057722058,-0.5207716338404176,-0.13142777864743482,-1.7632861574918854,-1.7739692761559203,-0.7290845484420864,0.4831565328776677,-2.080882448985371,-72.26507660491367
-1.3151050177466312,-0.47222191514080414,-0.3916741667834171,-0.6276243822507865,0.586370267559799,0.6845740238375967,-0.5270838964497097,1.003823948447551,0.009772977436537444,1.4632577838780312,15.269825152204149
0.20028580077891428,-0.48065456267050566,-0.24319560966888001,0.1680948184108879,-0.5121258359840365,-1.7372935089184216,-0.3116478520329017,-0.9898318595635801,-0.9899343920515935,1.0477821146494104,-120.90428077615837
0.8657999556748356,0.08726852007762617,-2.115054442570852,-0.4482290129126445,1.2167602536889897,-1.15816623599919,-0.49616057092549465,-0.23681064652376418,-1.723480880711143,1.297001364234575,-147.72150414526584
1.83541595535686,1.2017182834049123,-0.9806349238662118,0.7442286200563373,-0.8380943711478629,0.9383640095613606,0.8001720696429891,-0.7911237193901989,0.42646463371820126,-0.22536003034497362,58.8362378657977
-0.12993756706613263,1.0211804868669072,-2.1566014041660813,-0.3963907582453411,-0.3191414222542575,1.7036828907251662,0.33127214036919744,-0.34983114462225073,0.44208155505943975,-0.045807751731058305,33.366898037445246
0.40130533207871466,-2.005541224809542,0.3185224511849479,0.7899623806947959,-0.09935722642007108,1.199487177532885,1.625339614779381,0.42438270024358454,-1.1388162755476685,-0.6913430939886581,56.488249079561044
-1.611651324433717,1.330917637525246,-1.3243360789347387,-0.265913308468829,-0.3241323711365338,0.12643937493520024,1.1383854539937432,-0.01422906101991353,0.48674187327916807,0.6160347477643683,-24.645376176198653
-0.5370495551140274,0.3001028209076524,1.2356616784319234,-0.797914062424001,0.726104710672347,1.1633427856873955,1.062171489234606,0.46854576818756605,-0.7615524109829214,-1.3309220491702118,126.41194688494568
2.0564495493099004,-0.5901902505510211,-0.2737936410951851,-0.7931721378353039,-0.2304423057576253,-1.0599666952739275,-0.49812798026061933,0.04563813227459049,-0.45442034654684055,-2.7887700018162365,-101.9779480415128
-1.5110276509036105,-0.6469202350394015,-0.08603448715146485,1.483213217991017,-1.4667629361102474,0.4589479426894024,0.15058945533150578,-0.5610135503567169,-0.5286772844822742,2.2683905257878814,38.35522758617056
-0.23969503903866726,-0.1569198168964178,-0.2155841970619952,-0.765969334880485,0.4671164008641302,-0.4987215196918586,-0.24593703211523923,-1.5317130365491847,-0.24662061323308684,-0.03919550575371597,-61.20455936877844
-0.47504905968319044,-0.6616959006604336,1.3548049170504213,0.10905758895423169,-0.08400026846884244,0.8690179978132626,-0.9964032578425128,0.7181870162125826,0.647508556727432,0.01929407089229049,120.90463367589906
-0.4740463897159971,-0.14829842495005827,-0.3896301660808798,-1.2808561007798258,-0.7425197076527065,-1.2067328296731619,-0.821791080874033,0.6533413343435941,0.8088378516124343,0.5614488793804778,-90.37829567167297
0.7186483574548415,0.8197364489632102,0.3162972146459542,-0.5958541008859439,-2.2137665282626995,1.3782675179580117,0.6538754857474428,-0.5349413735024696,-0.09309588245667094,-0.6127993455021798,91.6056297065244
-1.5074021687313823,1.2655101649685192,1.530307709720405,0.2845036605083732,-0.08302045102906898,-0.10742919952571948,-0.29853281321676306,0.18011100767588104,-0.293086488578359,0.2913342346885659,76.56513224736732
-1.5069193028364845,-0.3978778923224181,-1.90918329566263,-0.8780347607034382,-0.5389747911288765,0.5364200807853361,0.47416148021233934,1.964324458210082,-1.2602247733167344,1.1210943557488209,-26.20510475201846
-1.0267809383503335,-0.7457286159880844,-0.8530798716470853,0.5678323743992728,0.22928010715256106,1.4161325388485266,-1.5235065155516885,-0.05993533865747225,-0.6093382427619455,1.0314791394969454,77.6198532766025
-0.026716853094196833,-0.1504201035370475,0.4859128415170741,-1.6971927544320617,-0.23791389513706196,0.804669571607041,-2.0100593396519306,-0.7831283871490574,1.0615791658542981,1.160806766443142,50.89210824004343
0.3748944417787766,0.5738321050683481,-1.175107577189337,-1.805223806816796,0.15373991262039846,-0.5830544809347539,-0.5273579986509097,0.8161752613743035,-2.471565161988596,-1.4759504326257784,-111.53886669964162
-1.2990718527195975,1.1926392333121292,-0.5032720161239821,-0.5207732683676389,0.6603934571996514,1.2389901812186614,-1.1200265969169176,0.34555628035618896,0.3067808029586948,-1.5495556111566364,62.017861611996906
-2.775614900862021,-0.9797777139086352,0.23172732138662427,-1.1043418659262354,-1.2321602106386949,0.09575141751435051,0.4819498919088163,-0.942776178323827,-0.5760350267535014,-0.8452839517591184,-30.73239193164166
-2.1415370310360986,-1.7086227154795255,-1.0594004542466149,0.3904552344622902,-0.0043131908042413035,-0.33899593341063605,-0.264004645072871,-0.5272713485581949,1.644093483224785,-2.0031221430252413,-84.79870960478652
0.1583352288982539,1.6245103271970016,0.38323741104032305,-0.14619289072642314,-0.0802190557564887,-0.8407962207677865,0.9003178654434306,-0.3080959114834496,0.8924683243068284,0.7091383389032506,-15.752577557938746
0.14384998906722407,0.24075882911296173,-0.45505916535856705,0.8124823056815024,-1.2500646744355581,0.15764570977451234,-0.8549103508443202,-1.2235687175214986,0.39996834139380055,0.08243734997366216,-2.6722527392644833
-0.6377533169795075,-0.3624250212292338,-0.4197432486071514,0.9751785704767731,1.65256963068924,0.41223679861630536,-0.122106962520512,2.162686232503507,-1.202531957296885,-2.2013205420866147,10.826530667844537
0.44212164951254473,-0.5455980685415125,-0.23512187356051312,0.2601767581412909,0.8154711921401343,-0.34722187516197794,1.1948462061014269,-0.27367242041171724,-0.577101551210345,0.2775191673892453,-67.81346637575868
2.8266180984278946,0.5500640210523269,2.2539265787039167,-0.8699992462940267,-1.2365259175850727,-0.8723197633134491,0.13586820887023132,-0.4945757412224631,0.017737281028559874,-0.16327038557874754,44.099431593491815
0.8859840957559035,0.5881268381939602,0.4605740163872472,-0.9430211413383172,0.01781242105976818,-0.4258195214892106,0.9493467888572572,-0.8908314689934769,-0.2564752863822904,-1.2395297807625987,-28.784870291276572
0.3319787649426834,-1.3487425139235405,0.29555720091679527,-1.7148164833195958,-0.8640980452210069,0.15535799196668104,0.020493353743062232,0.8000079688647277,-0.14928183665961553,-0.5238045002891953,-11.247326720008612
0.7222804492362553,1.4440328179566815,-0.9407438019895206,0.04558472166830782,-0.3915804775611755,0.01723264213517699,0.3236161568787169,0.4965270681626423,-0.12784822183633418,0.6410914788770854,-51.41123744295618
1.976400178871625,-1.0882164612288598,-1.7444097237384022,-0.5685009900878274,-0.8621869914394082,0.9690626147310465,-2.2983767973829643,0.1815149622497683,0.651475795764602,0.32278867401439704,-14.985002863918584
2.010631741384594,-0.04913658043855954,0.5903538019680147,-0.4345695880968208,0.04397158712748979,0.09294956004843884,0.6270966043896865,0.1365329414234822,0.9912825209586044,2.2604207993525143,32.54751090212102
0.013550281512802607,0.370548119082646,0.7147525467315046,0.31497903313900966,-0.4889810862451015,-1.2154484450433027,0.690823034729225,-0.23220700926446025,-1.0538086330762326,-0.11700543140928772,-66.73611092564057
0.5656013254973385,1.6365871884994956,0.10222585342691265,0.6211864820580865,-0.6994035381780638,2.09399341866201,-0.14465326393099268,-1.2155077113384178,-1.8551143848730491,0.3083029122901502,131.99573683434943
0.4233750318506495,0.9933137751979123,1.0138189391457422,1.921325100284233,-0.20115751364404533,-0.9247476985183947,-1.1509027479783978,2.253378093317239,-0.7623066800106701,0.20145644851152814,-9.474561377274838
0.17658752854234835,-1.185311296826627,0.955912400439337,-1.3062548179117197,0.7850499102545698,-0.07702427539361781,0.9879716080735486,0.6327968070878311,-0.41091913821817827,0.07660644337127478,-4.069626351107596
0.6110715218444006,0.08360398376714806,1.381756173938658,0.8796732026017828,-0.6068302140473875,0.6763912026979295,0.8711258145878781,-0.6143580493981335,0.4078486732719206,1.08749751730425,78.66653869343313
0.42950605625805865,0.7688892898724148,-0.3501543007001114,0.9755135368582375,0.4047708066502146,-0.9922008000105595,0.7389733001391143,1.4459223231814018,-0.3028828202644144,1.5770055564783703,-53.69004328353741
1.1327456954884052,0.5255730674276022,-0.6332285832463719,0.3589341379334903,-0.43259340434256144,-0.557163516647941,-0.022183837927366553,0.3090290212697936,-0.6197473860756623,0.574544630165838,-25.857208755309756
-2.753807781965827,-1.2866573756056328,-0.10391147407032977,1.2746983863737944,0.5436388702454662,-0.5900583882389727,-1.4714618640183579,-1.3775794742635854,1.0300292551671146,-0.4339778032338199,-59.52342015470949
-0.26982496987407456,0.2535687186827801,-1.7831554386919535,-2.227155541716541,0.48902714478688664,-0.5599147829263855,1.1410832399234614,-0.5274949182458697,0.6995774816634099,-0.3218879487370102,-128.27215832692153
-0.7982794019235376,-0.7832929902322364,-0.6826007639631188,-0.17312115333392872,0.9520054948723715,-1.884362561463817,0.0037782922768961977,-0.2694905689875522,0.23400327231535098,0.6917902077409404,-141.05298413083065
-0.6247566224996243,0.349309881979437,-0.3067575049971144,1.2610968144823136,-1.168846997831581,-1.2682873343041507,-0.8045544916386848,0.24124914619117097,0.3050710686021744,-0.8032338524579022,-75.415581631399
0.5216544186370665,-0.1959275089319061,0.5194349787826643,-0.8240157631474251,-0.24787805403270405,0.9689679086461193,-0.4823678351732794,1.612909326306405,0.8987154527669244,-0.21371073554411685,97.61160620423335
-0.9796267875792375,-1.499671187143923,-1.8478658798522598,-0.946102986774494,0.03306438557194634,-0.09589552540148358,-0.8917802829701216,-0.6174988685561429,-1.3703676269040679,0.2335583260817897,-90.37747643176219
-0.9836337298819658,0.9092383267577325,0.27761872122866993,2.0128336173250365,-0.41237682649042795,1.173349385979651,-1.9747810810153823,-0.28786653401392626,-0.36548144358775264,-1.8732528157036221,103.87568633134651
0.9672903447623514,1.9682560814921066,-1.0715372988412586,-0.08156722819889227,-2.1059316065025455,1.3195399496128588,0.3140407954458652,1.2281185088263897,0.0517930427230017,1.6052663821247342,77.88422724905676
0.36078332683668646,0.8418936532148577,-0.09867439039627776,2.1460526283225985,1.0526471729648017,0.8583561612098547,1.9178612344699952,2.2723159904968195,1.0195136236959412,-0.16639452691469586,99.34360905242966
-0.6630528872576615,0.90941392817478,0.5730811086655133,-0.4984512592523277,0.14974108400345057,0.11140565749642117,-0.9679133971660758,-1.3255520550765545,1.8988623958681177,0.5444415044485852,30.252035968458095
0.7359577493159979,0.5279842941187105,-0.49604752368142246,1.0270821294999104,-0.6234966050827996,1.1525165214072088,-1.3439022791727653,2.1549589248495686,1.1322132173496697,-0.03041832439788491,85.24606045718338
0.7317262681088026,-1.0589485108543748,-0.4665129320440572,0.4372487021045568,-1.4670662285297291,-1.056783439409231,-0.8799729166524946,1.0832072395665062,-0.9848506082919783,-0.6018857654085522,-77.19745646730532
1.5713415184435777,-0.6342853074585653,-0.19273385387698805,1.3230272390036872,-0.30742465423610715,-0.49041215954457124,0.12162356386949201,-0.7692598526565878,-0.89153108322202,0.3509726362488854,-74.09937254583565
0.30139605928091173,2.6515261172104827,0.07622809964896347,-0.04662202672510469,1.3187820298608128,-1.9795388481375205,-0.36259668107939197,-1.3095247967959156,0.34889233953699,0.6153848489681181,-113.85435964324
-1.9229131440579568,-0.7545679032205245,-0.5346833725647084,-0.5463789058768633,-1.288313499894731,-0.7143811033375416,-0.3684468389674831,0.9352281098649929,0.6501147272678776,-0.5547816362654837,-50.830412368320864
0.617990303918103,1.3787052935541637,-0.2261956518469729,-0.9556847881558367,1.025074492689474,-0.611110283227115,0.5240062325512,0.9889032582982148,0.5084780910085167,-1.6942742498204206,-17.02875647161963
-0.8187441766898574,1.9511054996175587,2.4824236220022367,-0.4755446083637374,0.5878790685700136,-1.3694085038227315,1.0195769467772835,-0.2239115715792932,-0.2666465110274153,-0.5852216457584573,-6.8138005067913205
0.4962217360386454,0.6041121706815417,-0.3262818862835885,-0.8219553685905471,-0.44326251189365,0.45091849541522816,-0.9544365087437678,1.4586405356156897,0.12796260660045855,2.209608003186487,-17.92160081734553
-0.6138544416446369,0.9782527590892389,0.2742472289182682,-0.21652294791543295,-0.019642965059221123,-1.4898008885370442,-0.474287987758927,-1.512541258434979,0.20272258697143059,-1.7690961763440947,-98.15290473784474
-0.7956729486835369,0.7164460405992427,-2.191960372395266,-1.431287971731567,1.0121703129444894,0.5847934180470583,0.5565406432921822,0.05817769203531014,0.09036079782243812,0.6018025536340175,-44.94756097517084
-0.9571420022389878,0.8317089507289801,0.5961536125921674,-0.07012920350470825,1.7375352268636706,1.032021099023545,0.014117918722502166,1.416410524037885,0.48216036522873745,0.7736051282163134,107.83833350756304
-0.05463283945263978,-0.18475208466901236,1.0905467527011778,-2.2706330140893694,0.66061693826518,-0.025357350172400348,-0.05307831943209324,3.2156982738028748,-1.0530729911699148,0.18629594190163826,27.02921990659612
0.4061983916586983,-1.2329224009878392,0.9493838599685849,1.5600508429175342,-0.05562699837475892,-0.03954730657701927,-0.7828691504014693,-0.5589386630800092,0.2985156795117643,-0.45697209764784935,49.258558894043894
-0.14516329007000628,-0.048792619830651814,0.045637400275024546,0.4907748579451291,0.5946415816338573,0.05024292864991765,-0.9087351033307443,0.5387823490934028,-1.8776697611128363,-1.2030087403637089,-12.991242908892009
-0.36907913482792065,-0.5107252762283936,0.707397225702007,-1.142590928078916,0.42988334446999105,-1.2209289239219419,-0.23055512667603725,0.5417052049402791,0.716108599462755,0.7442200231685245,-40.33279350490322
-0.5596404170253889,1.9240975623353207,0.2897449849962142,-0.5698458185041019,0.9713031159948506,-0.8060367735503406,1.0600352772163941,0.07923667955263833,-1.0785353409754834,0.06785847137307327,-38.81542169488976
0.11720389412831386,-1.4869812663870843,0.49537873408283495,-0.4545392145457734,-0.879147319148138,1.178678925015185,-1.0210396885513995,-0.168267808709502,-1.445159948278067,-0.9748551442853322,61.00622117796431
-0.7349111492404804,0.9214322362579306,-0.3011143922015684,-1.5700876518139604,1.175198852558039,-0.19177363380612306,0.2924590156151194,-0.03536610347967478,3.1088693091883717,-0.4088333923947642,-6.377859601581699
-0.26761781584181843,-0.346569192680523,1.2350713122762782,0.8709980925021977,0.9615821925679576,-0.1482442604076982,-0.42760678609337305,-0.17635650927774524,-0.7226751626255139,1.6586071711173194,26.69495259696349
-2.1883021862408154,-1.0923870115828718,-1.2468872285934585,-1.1391792800406215,-0.6300045395775791,0.4129967840057942,2.4979603582630023,-0.025227057525890814,0.7418460830589915,0.640581274291723,-28.27347289209415
-0.07057691990874758,0.9436652687905842,-1.7199806090136955,0.2017158245901134,0.7746140580906544,1.4057440151712277,-1.0206662454906164,-0.18590773414031753,-0.6509029988183744,-0.060312061280753525,36.76028395875986
0.02610596565862386,-2.2355222390581817,1.174513078158596,-0.17542028073321392,-0.3477506118100869,-0.25983714300998006,-0.3984952862375056,-1.3801873507494749,-1.093859082589104,1.505909522257301,-35.08477264085824
1.1287196195828477,-0.44034203298543156,-1.0245420001068797,-0.8330346019078699,-1.3340966184649174,2.12609186289388,0.9968452850235735,-0.31618581363668236,1.045699003885517,-0.9892172297870498,81.26119475039746
0.398217181724461,-0.20583646773367864,1.7652850730811696,-0.01756903931695988,0.9735568045940051,2.8869919763856835,-0.41345981195553594,-0.9011126988835392,-1.0073041766273647,0.6319407324540214,204.2237355807429
-0.14990080437442074,1.640475950392865,0.8985544249114927,-1.5528937829005902,1.8609603594597446,1.3693509057203608,-1.3225147920028406,0.627874103067323,-1.2666368769863645,0.5331641787377779,129.2570562299341
-0.27548101065410957,0.4185285211332611,-1.4912975157326662,-1.1387844032155199,0.7885757440084543,1.0858321147379058,0.08565277965924874,-1.1504540649290917,-0.04039378137053406,0.8069641700197353,9.615153641397173
-1.3707389623388386,-0.8785446181706299,0.6790823487200423,-2.0274674863794138,1.357828028209516,0.6812491175593367,-0.21860257309407163,-0.2945363386234203,2.4386584674198994,0.4312570914285931,39.96075390019743
1.3770736183275336,0.23611986728560624,1.0593336035446779,0.1766316304738226,-0.9799569518936337,0.2175852220792392,-0.8085393334667202,-1.0667762334329576,1.0271972053690497,-0.06955160315378653,28.15583401760388
-1.142540594716713,-0.48501225718370805,0.11656502196438011,0.5951863166203906,-0.726046714425849,-0.45842510975415174,0.9877430721414449,-1.861977583470534,0.42074031002822,1.0646940270316476,-37.288273359744714
0.3091291871913037,-2.233297265541208,-0.04262490724586089,0.0021981617100399484,-0.21406833643593504,-1.0971783650660882,0.8487722798677492,-1.1446595645537765,0.8213349294406557,0.8589283899535373,-85.87752281637468
1.9787408193223437,-0.4273666837066512,-2.068963774622717,0.05721392017304918,-1.1612287453012904,0.9205162995138388,-1.8145828010382643,0.051686320650760974,-0.5048863981390032,-0.9876026130332294,-4.46595537103172
0.29206320336557307,-0.349114304669482,0.31775976927628463,-0.832369945195097,0.1522898480595545,0.501737358401372,-0.07719385651543795,0.5568603245024082,1.3181032523720964,-0.42037056773813264,29.83235282512035
-1.027623652144104,2.147698490453791,0.9823796754488766,-2.882756374939908,1.9855043296576944,1.0814340134945606,0.5971224017341029,-0.09819194536273058,-0.9750591843814406,-0.608976127563708,70.90685960858242
0.17691841037135758,0.9514569927483959,-1.2938895722217285,0.026741591695580793,0.1749076775755672,-0.07239710779635827,-0.7829868511180159,0.472871518971945,-1.613512201832481,-0.7746420992192177,-32.39769559069116
0.35649294244394464,0.5665926049216706,0.4084462951541456,0.8030697069167843,1.052363392976212,0.9697742658626304,0.8080318714165474,-1.7553307836988787,0.932575399828887,0.2466590986214058,75.98758606521783
0.7690833942545013,-0.8374740921212576,-0.16826352351198723,-0.21185454810003349,-1.1523234733437735,-0.07535511161121612,0.08459568949707125,0.029480056506272348,0.2609655476211646,0.9597094801497746,-19.22608892333917
-0.7574779856821001,-0.8690386554403886,0.6724651151538826,0.698921761155159,-0.46694051822087107,-0.39432821228618936,1.135552755376624,0.7157644853992613,-1.9702024415939352,-0.842892918668742,-0.5274560809039648
0.9457152944628164,0.5303139873997104,0.7509127965748891,1.0261759077375374,1.1748232824754468,-0.16701667004787948,-0.19395952042787037,-1.9324390314803397,-1.0867823455713337,0.33279614232719534,4.64759736734999
0.31924164755623496,1.597404522050134,0.1911929430838648,-1.5233668910495577,2.0872952383780663,-0.6188976809151626,0.2799555371712925,1.870918588242906,-0.3458251878537047,0.6910791075156841,-25.35627508633703
-0.03520990943468657,-0.628374352757203,-1.091156122006176,-0.0014733290531277546,-1.5527011436902323,-0.7394564613469972,-2.086149428611271,1.5533591647346574,-1.3217263311266778,-0.54628168250081,-68.73870728885719
-1.3855404978761605,-0.5012129995350517,2.0369818126699273,-1.4472171345444633,0.7587273221103653,0.4207240459279209,-0.021062767392394485,-0.0848940123655545,1.2515251200673638,0.877594122934577,94.60193389396005
-2.7590005254704617,1.4900049764442833,0.05677110287031567,-2.0198361206977657,-0.15233043716896008,0.04173572011884517,1.1144854776319246,-0.4774564810166659,-0.27052229594911026,0.0065830975889168185,-22.08123935408649
1.742395532518393,0.22288005862255156,0.6288352129907175,1.2780029240649837,-1.5546808997700976,-0.10211772055099387,-0.6536275355735268,0.7651521026282548,1.4176185589588155,-0.017290313892269326,65.73025016481716
-0.23489890488511295,0.4977371383916192,1.1893437997373597,0.7346994307167873,-1.2112455033678657,-0.9509942908257126,0.9070216335085355,1.591269193375572,1.7140434637740252,1.1747557725046447,24.846690011879573
0.2831286381586373,-0.9445454467149825,0.7354869257470169,0.24418143521789104,1.0752212658934805,-0.9932613661812361,0.18629519269122036,0.36788178903910895,-0.5823688088901103,-1.1822633478679727,-37.886108479556896
-0.0035828280038548437,0.4148594253242992,-0.5711814927258422,-0.7220309872829948,1.1328611772087416,-0.14513852494387036,0.11351116978123944,1.1839901069803052,0.22647096169948921,-1.0809914514094714,-15.772809684158736
-0.033731240685934194,0.2967509607474701,0.2958047511667889,-0.4164699703218915,-0.09472629663289214,0.6006590684414098,0.3684717997554709,-0.30533371277596494,-0.32837112945646446,1.1650534676354098,58.25067368188148
-0.01523710523011649,0.7234273551402065,-1.076148799834299,-0.8031344976731449,-0.8112680034856004,1.5566302350050825,-0.4695211728988359,-0.19475976149811267,0.5117013901785147,0.08768362061777053,37.80012904661275
1.4455240451707863,-0.7987890155826056,0.2235661254902023,-3.66274703118665,0.37665780204275273,1.4735534163828508,0.16055412966085766,-0.3545523393370551,-1.0137436769482582,-1.3077114168081683,56.215149212471346
-1.1058466739842578,0.5373015999888255,-0.250980834162681,1.4135272157109577,-0.6603409206243548,-1.1900919418144706,-0.8988399748233784,0.4876426631105732,0.683045226642892,-0.3281462260159403,-73.73975129736077
0.8104365084581833,0.26922324358053756,-0.908960948754243,2.6262308750583965,-0.5620414360067453,0.8401041767087267,-0.17952414762710153,-0.8219430452228713,0.7702688141582927,-0.8132873866982946,43.316833664133114
-1.5239010539174105,0.28791495531221245,-0.7040883787447957,0.5423079649692627,-0.3191674390544463,-1.0099172066015702,0.34183945467655924,-0.5043841694763931,-1.8652811367780455,0.12008663504601154,-94.37902825073604
0.9081649090740612,0.22366459063348482,0.284386048209907,0.4252844685574627,0.38084046236403984,1.666111349764358,0.18756352049705544,0.36054408943769717,1.0620255232783606,-1.0233865769489774,121.40129515951395
0.24800890266105513,-0.6913515522474942,0.0858667041195971,0.9230111385868374,-0.28862050605563044,-0.4008637910891293,0.28990483492326813,-0.28953363163546836,-1.3837488691834299,0.028607465613607243,-32.437652918301666
-0.7865154212908775,0.1663738498058494,0.13407270875390853,-0.6355401226782882,-0.4781065567057238,0.673604194287845,-0.10557720122983688,1.660065310114337,-1.0726009754613286,-0.36964084747805603,60.69341187582278
0.1832585033484595,0.22602313641929453,-0.0691669942044533,0.4088908985231812,0.9799002605100658,0.4598001656492775,2.1162512529102293,1.1570232051556695,-0.8027529271542754,-0.12595555680314616,10.126526433802578
-2.0627786726393302,0.11244103108447472,1.2439297080428007,0.576415423071446,-0.36943071185661636,-0.5361123112292009,-0.41598982267097145,-0.404103606870659,-1.0096279623694548,-0.7228245223332751,5.1227333355327795
-0.25587996036743044,0.3255798021928025,-1.6283044352758884,-2.4990347173963916,-0.7276264269187709,-0.294879091946823,3.0085809727159583,0.18574671205403856,-0.07423229573843756,0.540605667942513,-125.00784070783803
-0.607836644794797,0.6721034974662802,1.713281398747732,2.1663477097130412,-0.5399971392304592,-1.7929156747962864,-0.7616995965269806,0.5533744942660092,-0.4953393688445137,-0.14704698589904086,-11.349150861699586
-0.2050203039359934,-0.7007628657048945,1.5177912992413536,0.5575817838388438,-2.242612480083946,0.21993235145933598,-0.3703241568447692,0.16298422362590098,-0.8778572133440941,1.6512583426774559,78.03734912882591
0.46782145066664943,-0.022740700548729436,-0.4086719530084597,0.23436093748153602,0.4686686419362315,-0.6755366673379968,-1.1385154376217723,0.2294974496063307,1.158672171657809,1.2216669200496635,-60.12257047860297
0.46802963618723337,-1.803997061754506,-0.43241552292072805,-0.47729050043203114,-0.19012728162127818,0.7105819398756226,1.0198473255789309,-0.2920038821980146,-1.2011325038349545,-0.7209688664893642,2.178342257007597
0.6165750203111213,-0.22854978816952123,0.19662594680359632,-2.0413100023406043,0.5656982855914328,-1.0030657007797856,1.7467254391297173,-0.6500147318355245,-0.24297837376404072,-0.5556585252657719,-92.48045745919259
-0.11065424922840739,-0.2638213237252568,0.8477876631692945,-0.8481840561979328,-0.15041520809400652,1.5105890250821372,0.11367348994375163,-0.6041228728190068,-1.34164799019528,0.8617019752409357,105.61093814539821
-1.6502256069139771,0.5341901555683789,-1.636642257354157,-0.44914505492422346,0.8247166343697864,-1.4231727155177796,0.8394490189235366,-0.8624081952987348,0.09511681722952091,0.8550043394399867,-146.10152880365015
-0.20231627529846927,-0.031111686941080016,0.3595454582088829,0.35239145832482593,-0.10756574196129617,1.0698609129396297,-1.2773257927104276,1.288661648294218,-0.5754195077669281,-0.7876845859299567,96.66084157271715
1.7131462669085806,2.627627705447614,-0.5835486180248816,0.08932945450674204,1.877987820635482,1.122031719750003,-0.031337118194775325,-0.05390556205770209,-0.6501891575138471,-0.6122184733170739,91.32680147282632
-1.9156744490231477,-1.2155588490212952,-1.3924655832731565,-1.6066006202506966,0.8178289529647617,-0.8955384472264339,0.03628804207542682,0.20605845900477965,0.5237468551318902,0.6874610429254242,-122.74272363654796
-0.45459422203499045,1.018880947395223,-0.6220441622867795,-0.729742856548209,-1.5571964420794633,1.5760283215896098,1.0609634793815848,-1.3517633368730102,0.8272814616974425,-0.1285920295036658,92.27234366720954
-0.9416164276247679,-0.14841979237457986,-0.49202063972104254,-0.2737631618908803,-0.8069414467332385,1.3446671567238675,1.1543123163910025,0.6579626997663688,0.3752347175087962,-0.3969440497920066,38.706324448425185
0.5267855431883517,1.0499960622677225,-1.4190591217404847,0.18437686459549218,-0.10321630835258173,-1.49449632346301,-0.08222107662354926,-0.8158045234385226,-0.060388347407309396,0.9861563590320728,-144.67039524921523
0.7297928073497648,-0.6889834089797428,1.944352408743244,0.003910406948746651,-0.6497838025493295,-0.12443912319067256,0.598473692378679,0.2615235109197405,-0.18496545880095008,-0.5144178671397793,26.206567891553426
-1.3705813096714476,1.721087063063401,-0.564125290789828,-0.1588839888920423,-0.8201373132525711,1.5819543226285675,1.2885438795010777,-0.9151179092035738,-0.2824647728489123,0.6174339927470648,87.10944156404878
-0.5127442834453875,2.361890207412229,-0.5254854789299352,1.3569708544934287,-0.3385749078359137,-0.453617794446608,1.535110717146502,-0.32532149898191165,1.4304185531055154,-0.40257723479043933,-21.9977794082121
0.9013807907884165,0.4674862421517483,0.14905164952936553,-0.027814197636740506,-0.2782250619008843,0.9247077845485997,-2.4752072954200517,1.2551667639112019,-1.40437878828436,-1.362367482827944,82.49703303107071
1.1386794591566383,-0.6728301570652315,-0.32994485800893686,-1.372017763502695,-0.37021221133295334,0.04659812945749741,0.08146390293134757,0.03450585209434474,1.886664538025271,-0.4176736822064268,-0.9162720505098108
-0.7236938760624712,-0.09260677822505374,-0.29738431002804633,0.3936147064085411,0.994635630313525,-0.38631871371967735,-0.7084766050176051,-0.012998934925726447,1.325710505019059,2.1737627530959123,-31.117332693292855
-0.024837946594478234,0.9650444733361018,0.02300178708451283,-1.2030081481920138,-1.9179222906399809,-0.18892430215049458,0.937791907030488,-0.04883488769382857,0.661013567304331,-0.7584473167424421,-7.032172912324256
-1.1074146536414948,1.564753954712059,-1.332019686375702,-0.3149319700696308,-0.6923880573303225,-1.1124454330264981,1.239307883450396,1.2102400526621495,-1.0984077960906753,0.5397651598245288,-106.72516439042226
-0.5883308561095478,-0.7976282065711162,0.2830126417849868,0.35802620173447824,-0.7316193627988116,-0.1874800366057069,-1.635123319459323,-0.42337869242791226,-1.4518717681926925,0.5531735889832233,10.217487139041745
-1.0106857149494985,-0.490277499779064,0.4542254516265999,-0.5667820460142856,-0.8467787244508261,0.9016905395754821,0.1792805820936722,-1.5024882167295008,-0.3441860410978081,0.4654026320202314,69.02732388160902
0.00925068310719718,-0.8457660857805928,0.674094641687233,-0.46763327330603943,-1.5973892267399805,0.6771122087273667,-0.11154015598663147,-0.6105393696782255,-0.5786617234448826,-1.920453939799043,8.464876286955167
-0.31366070956197745,0.04418500333965565,-0.1857263624193269,1.6052361101919546,0.5499367011432741,-1.2585096985317688,-0.3614070459682039,0.27853515835754217,-0.5664317297687651,1.3227997939300074,-55.025096269457904
0.0848566637800497,-1.0533344824530542,-0.15649672366926004,0.9601993687001511,-0.580188634268327,-0.5847357697704854,-0.06023335157423391,0.30912369039806836,0.3129679168868485,-0.5341102968220357,-34.760336751630476
-0.6767975137111618,0.6844652848859608,-1.2847583981328272,0.8282951445690688,0.2172230012093119,1.8110318253591289,-1.4774568266549666,-0.05707568931252396,-1.004175137227025,-0.02279348196424114,67.69621583150588
0.03938468582394269,0.27558669783449635,1.0129876671168585,0.46319566583495925,0.04548825032124753,0.3819775430903338,-0.9966710673282017,0.1232997131220622,0.22277245435847962,-1.0651208851922302,67.59035746949111
0.10773257685621086,0.5629851937619382,0.5917000252583228,0.43459477556838144,-0.3699913302950916,0.10075213650310189,0.3146102806294486,-1.0480208909915993,-0.0004964428614306881,0.4083764367466492,23.135789343259926
0.7361221731591837,-1.9897605683494732,-1.3768594155044975,0.3152886550532316,-0.710046416524826,1.8615486377318706,-0.8068520510438143,0.0915748448000011,-0.886286642086347,-1.5407243561656896,36.237487321542176
-0.22910637717663201,-0.7574987666447583,-0.4424796900005856,1.664992564702426,-0.09590255810845132,-0.4560471226150123,-2.1398667826499533,-0.5705104104771525,-1.1437994794331054,0.16116242567458794,-42.58056706054488
0.6277230801420618,-1.3968291395220902,0.4937984235283944,-0.08733083155374265,-0.48426555161905693,-0.27305383212722883,-0.7143973710395144,-0.6763920948720493,-1.5114655547494666,1.4704767271251489,-16.017365224255624
0.5676439887436905,0.40278860504681885,-0.3690076947046622,-0.7477511547238931,0.3181403847749948,1.1649723159546579,0.7121943613432872,0.3616322176732202,-1.1853448727469487,-0.12069000757273504,37.967270083800614
-0.21130623675606858,-0.561562363370493,1.3930374438781779,-0.33578585981416414,-0.017868212457045198,0.48994467113992957,1.3526022120294552,0.9306790406619545,-0.15251093109363223,0.056650350974104674,68.97670833655422
0.042969992092166835,-1.5213875991547416,-0.3032594961137586,-0.10131739931261276,-0.7392227336845392,0.8662464570222485,0.4883549651254569,-0.3194111582391104,0.583168212998523,0.03058414354799577,27.649332989126872
0.25577002607152804,1.2572529933972247,-1.454841828743509,-0.9409407386150245,-0.47792984185753673,-0.623340764065443,1.173190524701071,0.585978800325946,1.188127967866637,-0.8891915261686634,-88.47697828047862
1.306916500019132,-0.9093529205555891,1.0492120640109288,1.3995781407713281,0.0014207190140733883,-0.15214976133935992,-0.50632653686277,-0.8076443683347654,0.3250003579658193,0.4533574822944296,30.272165070166167
-0.38099522888024606,0.48868397597172053,0.42661060150577773,0.7362051855056047,0.8583698223242962,-0.018987142073354488,-1.056560198657864,1.7474233713216247,0.6734105303554856,0.7285844318369223,61.76857710476691
0.36456336425626445,0.26788279595738407,0.2965833857838587,1.6453574952516214,0.6721730774805597,0.5452691852767863,0.7335012961355332,2.6907309307462506,-1.6705277340590854,1.3310209480344337,71.68123901202236
0.400006616039124,0.8807307277508098,1.1720314519084931,1.7902533444780122,0.3696683150171821,-0.5865183658095737,0.8273562899226989,1.226875699764793,-1.0874656434112346,0.13235422717110865,41.30620750218563
-0.6943698735328508,-1.5713285237547463,-0.6798297338145963,0.3005377387615353,-1.1654614968598824,1.9161781849542323,-0.7345518097110185,0.4579907235808513,-0.9315962372900679,0.15522013223992143,84.69011481867508
0.6243765570855482,1.0980725543524024,0.3238936296250054,-0.756566448671798,2.5552886326029474,0.6970853553716393,-0.07800458344308679,1.0274367122328474,1.7839018523119137,-0.5690634506205072,54.605053541546
-0.8644255520154874,-1.0378096770152303,-0.16031767685043527,-0.35251138508216,1.3390753363722583,0.4453423844418477,0.3095397995338874,-1.1487859922080275,-0.5029400362378148,0.20699117451372245,-16.337492828866537
-0.7002197595815436,-0.8381726715510339,0.2662485511282997,-0.5322360277966872,-0.10714072421385604,-0.4864750008641354,2.2816836767728903,-0.5512507047550491,0.3750368891515123,-0.39896644647102114,-33.74248946580474
0.013248977014250072,2.082517096963404,-1.6010192628092963,0.4242878249168205,0.47603963048527587,0.17397276237419904,0.41580479846201535,-1.3430452595167348,-0.6104457547018561,-0.6269392202823477,-30.80180478177154
-0.918551628265034,0.06929239126300725,-0.2581308752545046,0.5862128543633423,-0.8894738061800153,0.6815454562957762,-0.30329229170152794,0.678067601323235,2.1072546539983903,0.27291167158285073,71.04647310040757
-0.3556756373224128,-0.39473705083463095,0.2830496661457314,-0.2654023210280605,-0.2844657426819391,1.1496086091188829,-2.2329392595248754,1.8943396070979528,0.16015216843933802,2.7638497358484004,77.91973373960634
-1.835732864322981,-0.770021096901029,0.330509503064508,1.1936304756557017,0.875503029841822,-0.31871285791698195,0.13657250569353485,-0.6193959288996652,-2.002238572706298,0.07721669762366574,-38.264330488087545
0.7188711861906129,0.052180266755083665,0.3561301311998609,-0.4181343545330791,2.249285479008304,0.1753489575659866,-1.316724620309043,1.3444986310917815,0.0730227538995152,0.6778383174149138,29.72444333514933
0.49917749637543196,-0.3882648837158661,1.5244337392108434,0.20893630226724774,0.610766766420121,0.10283750265437688,2.632174357331976,0.045650169713720275,-1.5846608441062258,0.23633722870572144,42.79644132720204
-1.1281440706753996,-1.4628131273943972,-0.8208939938633838,-1.1781880594536778,1.1793297625188917,0.5521474581483387,-0.11185659955773156,0.23503276912558974,0.6562606161645209,-0.6680886806290744,6.196573072837701
-0.5373358329746833,3.2299148134783997,1.3451440787196471,1.5846995980165697,-0.8601927617071244,0.22651086377161772,0.539274429714892,-1.0991990545299954,-1.9805463577664018,1.9734817240852816,94.09261347775958
1.9936503247132742,-1.373052619722189,1.1891685677572932,-0.9532759108345347,-0.20594815638861122,0.7096620930312406,0.7794503172933663,1.2442765545221492,1.2385567494974563,0.5898775627919898,111.23960093490497
1.761419789477375,0.8459489844391364,-0.6042202934634178,-0.32541791440941115,0.8398631348482525,-0.7538287918570322,-1.1392807088461074,-0.5507904800193196,-0.1855124874123756,-0.5508079300732147,-81.61056477789
0.3749184142203877,-0.835057918957732,1.1272215754565562,0.07405101193358896,0.9034565791906055,0.18184658377849966,0.4181970296437527,0.7580574530928499,-2.404573231285164,0.04382278372950175,19.402815856046516
1.9913702136146219,0.46710128367290105,-1.0776141816565594,-2.9074675259117595,-0.8108580040744952,-2.3480517470959996,0.6033126274405763,0.9634715728638977,-0.9459467209391973,0.04450466757040987,-197.35720116803944
1.1617112866244794,-1.0514971980411105,1.7880065304503225,0.46759984532879667,0.8464398450084334,0.2906822658696814,-1.353543093495205,-0.21758737255705432,2.0236056494422483,0.20582691247251317,67.70832439091504
1.5384599247308317,-1.8677370026879156,0.3995985029955557,1.521243523408385,1.0646787973741938,-2.114784361680932,0.26619633905651113,-0.4726950167455825,0.058729942890330365,0.14572711504603927,-97.05744987275108
-0.8962276709484285,-0.7635649110746798,1.8721748543100645,-0.9010118791545125,-1.6963462750060565,0.7024434277176516,-0.15120463853586005,-0.8420390870498474,0.4609116621530436,0.11707817038510326,54.1294839150744
0.13704573389121685,1.1081957041238706,0.8057226227516355,0.468699140462779,-0.9049855239909279,1.352124359453533,-0.15952933675491843,1.2334449516089574,0.6540842730164281,1.2466254048802674,119.46920498372549
-0.9142518462584468,-0.8454327698906111,-1.1043824332841117,1.7383626663020402,0.17209148967678337,-0.9800332249736627,0.5390377708158948,-0.6372492936132071,1.763360037096247,1.1449605656030455,-75.98249019074785
-0.7412103798226621,-0.450987495675882,1.7361294622260326,1.5181389586622684,0.6187548597771657,-0.08651894074819766,0.19182211236282093,-0.10963554842137666,-0.407530532465864,-1.1228351949640767,79.0349062707121
0.7629386240691648,-0.8095433218681245,0.08578551998217136,0.5552375277178447,0.6247182582836367,-1.007410334191983,1.1262087021014766,2.1725822647089355,-1.1432037052428636,0.6561783573870675,-46.377557422016956
0.8864309028527266,0.01687610720199187,0.1977078887950201,-1.0002843239673067,-1.183249363818824,-0.19946173180260043,0.9936836731323824,0.8414547937602315,1.1793136785597644,-0.4425932936761373,-11.173115419543285
-1.2631537356522988,-1.201231641029553,0.8594924436506038,-0.6706374529028183,0.1516936839345812,-0.49481807646290793,-0.7444419716647231,-1.0163336366752245,-0.3113051112056683,-0.43900842577723326,-11.64619019236568
-0.518651176043213,-1.2382528318555936,-0.19492426400836416,1.1627700514055006,-0.15261819609887745,1.074663546302654,2.2580332184927405,0.662230212110513,0.7193325582735952,0.9939732887909292,54.53586791835913
0.10692378343347134,-1.5379110070094355,0.697389375993455,-1.1382487166566415,0.03113187700865774,0.31487029416647155,1.5075374485409547,1.3437101182490874,-0.6939034653794816,1.2190371220003362,29.610049414948335
-1.5441087402182752,-0.9355406828819641,-1.1193507767214523,-0.6520912254199963,-0.9263172607717924,-0.2250402179112098,-0.30897998011129524,-0.5136972506463189,0.8358919301796172,1.1792650098925455,-59.634750530890805
1.1823619634175369,0.05843043273386238,-0.819294393027768,2.0422728306181397,-0.6671656933910975,1.3382135776824386,0.8283699225754244,-1.3555965902172282,0.14968887501485076,0.36605474452554465,81.09159095008195
-0.5588324101671827,-0.5152603874016607,-0.8312040726324789,-0.6300919332163126,0.24550157226895308,1.1949562516949883,0.3446093010420372,-1.0310991432118108,-0.22151597247015525,-1.8223697887683308,52.047980657260965
-0.9273252993187819,1.519601539209436,-0.2409009039523848,-0.598413988556584,-0.5514483819830956,-1.0380866556624706,-0.7698037325994982,-0.6678300882257021,0.6701565956324088,-1.440154616445224,-73.8657346953397
0.7809864840757305,-1.4180122816207845,2.0333822219282074,0.11474547255906717,0.7271043656183954,-0.4668317182414721,0.8371585243035549,-0.6101253365900059,-0.9535241762261851,-1.1480152894587183,15.40010506198698
-0.1435056872288953,0.0282696445545021,-1.5973407041125487,-0.6210182175576026,0.5041580003427576,-0.45812602053046647,-1.0331973327179096,0.09162133073976356,0.6291350948053697,0.14538329369539243,-92.35552426180912
0.057266987291074455,1.1613255263963307,-0.2684031781311328,-0.21579877180426926,0.03614194368570771,-0.18307298864366775,0.34961204218012504,1.3404052578554146,1.088018370618109,0.9425103020722586,-3.5434680777585346
-0.24443663176824793,-0.2503922379311534,0.0020310873548840588,0.4416720829018137,-0.7938919531606207,-0.44104181267803455,-0.2859057365478968,-1.824456183653184,0.7940821878368899,1.0234472060050381,-19.1659719047342
-0.3596966037522186,1.3599068610014744,-0.9852308272444856,0.13004733279964803,0.6870512880278551,1.0350702509770675,1.7035595372647778,-0.9214162082499278,-0.38990408172047963,-0.8286987317535621,7.556182943046146
0.39074379512334295,-0.44046883777881063,0.621477918000156,-0.14668060991289322,-0.5416428437336483,0.4554829136413053,1.145750459121272,0.29303915378296197,0.7108924097911014,-1.37124401220525,72.18200602283218
-0.8825331967276512,0.5710782053708839,0.5448533755167909,0.044028897515622854,1.2679660331592415,0.15387142288781147,-0.10530286166255001,-0.8928530910037878,-1.3357023694496588,-0.7222834270658481,21.341629048372713
0.026116446220926896,0.3043550138292024,0.2951609551389756,-0.8428093224771872,0.19598212832853293,-0.6029318533998513,-0.5073587529874477,1.260085173421879,2.0522724568973643,-0.6583668030420623,-14.07466125735504
1.7105926718327806,-0.842500320965778,-0.6097261847354282,-0.6543565898553247,-1.5294571269976065,0.7331448128982315,-1.3069420173364725,-0.5065868123144243,-0.1858517753169414,0.34781546804431546,0.017038097773828476
-0.25935724222033857,0.8946003513598241,0.07585499045807743,-1.051104221389994,-2.0565477066862075,0.37638950455950176,0.4396799990813271,0.44879138135617747,-0.3825389847018133,0.5870566805930232,29.321112975824384
-0.21393667781981676,0.902242190537294,0.8183360271917974,-0.6514201142080241,0.7033736485384509,-0.7248128513925267,-1.2135436526770393,-2.7107835997814274,-0.8632960118250752,0.41451043893703776,-34.09128285763221
0.6082033591127394,0.02107395083581485,-3.236346971526049,0.26179987092760704,0.9615384750934974,0.039792712885428815,0.5434069029707544,0.18623943056869827,-1.2513300699094714,0.7152028361722373,-127.08210995596296
-0.8658154703170203,-1.098564636011127,-0.5393430092098412,0.4456597397271541,1.2604378908761766,0.3902485954590929,-0.8109877768816325,0.7370273297567355,-0.2687459009188866,0.5656402934206368,-6.324674992660851
-0.8426166307087299,0.5235266822601788,0.6846656429917716,0.3837184576822588,-0.455241642535738,-2.1409758630298126,-0.4619596885977755,-0.49135453822397035,1.0867331246008958,0.7264971001318672,-117.06897303939473
0.6560315513723867,0.29924558014082975,0.4167760718386131,0.17369645824494512,-0.008836260709635897,-1.081549539680654,-0.035767698114794653,-1.2551175419792986,1.0442829231708228,0.052133446844197594,-28.213077826076447
-0.03414463108243911,0.5282228773984713,-0.8226416568641521,-1.1668682666084385,0.7717972319449042,0.38191208731197707,-0.8384432788684748,0.689963725842482,-1.9149071087547247,0.5173825731053462,-2.6385359123101058
2.2343918858569567,0.3088403149297403,-1.4396001912474812,-1.3264974892175945,-0.15287895423186898,0.9870344936567716,3.1490597600732975,-2.125841341280904,-0.12436204880674022,-0.16053632713642432,-10.935334510785035
-0.37661279789919294,-0.3280597996520181,-0.062434527411531285,0.2462301127638993,0.2441451432607326,-0.5982358643240675,-0.10759452639533483,0.27479928375299967,1.2576145936871672,-0.9142997690618013,-21.359702235892435
-0.32171294782946513,1.0796379976934498,0.6455614663832696,1.708670611055603,-0.20322576137319595,-0.5183190541940673,-0.16075842788253253,0.13860175864045435,-2.4353929432983885,0.4191905349535477,-16.87382561068964
1.5371454859087497,-1.0222168229344262,0.17545460848919883,0.3516681154159653,-0.04780600009832352,0.6046302758053272,-0.9931602483032966,-1.5851896103446919,1.4605750655765106,0.31126249302654296,28.94387219007131
0.028026585257432773,-1.1113130051185198,0.022819019303585833,0.23367049384775682,1.401367538103127,-0.6031943926356157,-0.10316585748164893,1.2615403334909245,-1.587273649990064,0.18623459754689262,-23.92065547041016
-0.815782374231432,1.6904534259050625,1.1925640553437382,-0.054728526819843915,2.1588154007654308,-0.7124133764633793,0.3198590400406132,0.9676304508110917,2.160247136332228,1.6992059072113292,29.767027944796897
-0.045448873350889395,-0.3521078561977727,-0.3571841101385344,-0.10459379592149858,-0.8896325815355699,1.0928009949561346,-0.326591206955801,0.8648989867479926,0.30130582777428716,0.0432940551065956,81.24041929482314
1.0442258631435741,-1.4005223131179836,-0.23733714431982592,0.6737324609090546,1.11524997230614,0.432095950136379,-1.5217243481357756,-1.5028890579221694,0.9994951324354323,0.06148452746169355,19.692469037582498
0.32688983317054426,0.5956234406162604,1.2141017457405114,1.6284199989775483,0.8635283832080339,1.9497718181482038,-0.32254216562786225,-0.8512836162858163,-0.48404863833450457,1.599086941783152,171.5985958423863
-0.15213670342644195,0.5531373825187198,-0.06535933852522154,0.25037149263431047,1.159665999854584,0.5354827996278687,-0.1888491313164629,0.7002551340194026,0.11464736830321091,-0.17418175900281863,48.22640837412477
0.6963415049835903,-0.6432443384464639,1.578826522066762,0.6040124556076878,-1.8562578004881811,0.06549859367049225,-0.9558194435117795,-0.4756600466635822,0.3378487185498441,0.11011974597513992,62.44736909036205
1.6668304924861785,-0.7869053085017768,-0.8402436312630712,-0.7002998800422835,-2.075416364373113,-0.17209223625690323,0.4178183727166889,0.23904915974484708,-0.5075074715707,1.6853604218080498,-26.212703458212165
-0.019181757748328653,-0.2391748586354472,-1.3845607044564041,-0.4602958906210399,0.06321097926708262,0.6674409900859442,-0.2629635687188974,-0.027019758310615215,-0.6313352809404623,0.17509104455839622,-31.639713872275657
0.410201708843407,-0.5844417830402433,0.36655853159549484,1.1805862009239478,-1.3940727540160436,-0.4207351703116892,0.5242176394061149,-2.3880297010619835,0.9095232432938412,-0.2604440112964108,-25.35124492598405
1.5938552074214263,0.5955966012415423,-1.094087371360204,0.5220685023102041,0.09336022133001332,0.7573864336287117,-0.342719561140414,-0.09631124489302119,-1.1046256898835312,0.09269068996494528,21.888910442400473
-1.4673539619873806,2.558544022244312,0.23749262209476543,0.3623064002517515,-0.6617407211877736,-0.32740818735900795,1.0421942340095842,-0.23607962501649568,0.14069434651978685,-1.9693279342280046,16.441857246324
-0.2494397877529102,1.237850923606406,-1.7280752846741747,-0.6980115480465613,1.4651236214292183,-0.4722928445631096,0.7626547480312236,-0.9543965293020297,0.4740089798056268,-0.5823540469970453,-101.1869188488886
0.2846362440906746,0.08232194822017884,-0.03610368967141321,-0.2446498979317017,1.969314456568831,-0.35254805492635405,0.9473185954898746,-0.5705314028866731,-1.9841100016234976,-0.7607340687919838,-55.80600202576318
-0.814870482706947,0.7069424644736558,-2.4026118570346036,1.340337795194676,-0.41159859854026415,-1.4745002135883547,-0.7127977482695953,-1.482734463580948,1.641591065883528,-2.273981782632855,-150.9644398396191
0.8580120912389282,1.4951255511727861,-0.19668955629028875,-0.4638168005626262,1.0873872992405071,1.0060112701241906,0.2617010901468285,0.24379548455363526,-1.4050178632532004,0.10684572466969826,56.813444535676254
1.554520765539362,0.8984015179288591,0.29516406788332133,0.7724428448314897,0.7374733601696225,-0.1785756404564084,-0.23867156173732965,-0.5493886762230938,0.3008492823286518,0.5211913083564929,8.4277269662963
